// Generated by tools/gfxfont.py -- do not edit.
// FreeSansBold.ttf at 24 pt, 141 dpi.

#include "fonts/fonts.h"

namespace {

// U+0020..U+007E
const uint8_t kLatinBitmaps[] PROGMEM = {
    0xFF, 0xFF, 0xFF, 0xFF, 0xFF, 0xFF, 0xFF, 0xFF, 0xFF, 0xFF, 0xFF, 0xFF,
    0xDF, 0x3E, 0x7C, 0xF9, 0xF3, 0xE7, 0xC7, 0x0E, 0x1C, 0x00, 0x00, 0x07,
    0xFF, 0xFF, 0xFF, 0xFF, 0xFF, 0xFC, 0xFE, 0x1F, 0xFF, 0x87, 0xFF, 0xE1,
    0xFF, 0xF8, 0x7F, 0xFE, 0x1F, 0xFF, 0x87, 0xFF, 0xE1, 0xFF, 0xF0, 0x7E,
    0x7C, 0x0F, 0x9F, 0x03, 0xE3, 0x80, 0x70, 0xE0, 0x1C, 0x00, 0xF8, 0x3E,
    0x00, 0x3E, 0x0F, 0x80, 0x0F, 0x83, 0xE0, 0x03, 0xE0, 0xF8, 0x00, 0xF8,
    0x7C, 0x00, 0x7C, 0x1F, 0x00, 0x1F, 0x07, 0xC1, 0xFF, 0xFF, 0xFF, 0x7F,
    0xFF, 0xFF, 0xDF, 0xFF, 0xFF, 0xF7, 0xFF, 0xFF, 0xFD, 0xFF, 0xFF, 0xFF,
    0x03, 0xE0, 0xF8, 0x00, 0xF8, 0x3E, 0x00, 0x3E, 0x1F, 0x00, 0x1F, 0x07,
    0xC0, 0x07, 0xC1, 0xF0, 0x01, 0xF0, 0x7C, 0x00, 0x7C, 0x1F, 0x03, 0xFF,
    0xFF, 0xFC, 0xFF, 0xFF, 0xFF, 0x3F, 0xFF, 0xFF, 0xCF, 0xFF, 0xFF, 0xF3,
    0xFF, 0xFF, 0xFC, 0x0F, 0x87, 0xC0, 0x07, 0xC1, 0xF0, 0x01, 0xF0, 0x7C,
    0x00, 0x7C, 0x1F, 0x00, 0x1F, 0x07, 0xC0, 0x07, 0xC3, 0xE0, 0x03, 0xE0,
    0xF8, 0x00, 0xF8, 0x3E, 0x00, 0x3E, 0x0F, 0x80, 0x00, 0x00, 0x38, 0x00,
    0x00, 0x1C, 0x00, 0x00, 0x7F, 0xE0, 0x00, 0xFF, 0xFE, 0x00, 0xFF, 0xFF,
    0x80, 0xFF, 0xFF, 0xE0, 0xFF, 0xFF, 0xF8, 0x7F, 0x73, 0xFE, 0x7F, 0x38,
    0xFF, 0x3F, 0x1C, 0x3F, 0xDF, 0x8E, 0x0F, 0xEF, 0xC7, 0x07, 0xF7, 0xE3,
    0x80, 0x03, 0xF9, 0xC0, 0x01, 0xFE, 0xE0, 0x00, 0x7F, 0xF0, 0x00, 0x3F,
    0xFC, 0x00, 0x0F, 0xFF, 0xC0, 0x03, 0xFF, 0xFC, 0x00, 0x7F, 0xFF, 0x80,
    0x0F, 0xFF, 0xE0, 0x01, 0xFF, 0xF8, 0x00, 0xE7, 0xFC, 0x00, 0x71, 0xFF,
    0x00, 0x38, 0x7F, 0xFF, 0x1C, 0x1F, 0xFF, 0x8E, 0x0F, 0xFF, 0xC7, 0x07,
    0xFF, 0xE3, 0x87, 0xFB, 0xF9, 0xC3, 0xF9, 0xFE, 0xE7, 0xFC, 0x7F, 0xFF,
    0xFC, 0x3F, 0xFF, 0xFC, 0x0F, 0xFF, 0xFC, 0x01, 0xFF, 0xF8, 0x00, 0x3F,
    0xE0, 0x00, 0x03, 0x80, 0x00, 0x01, 0xC0, 0x00, 0x00, 0xE0, 0x00, 0x00,
    0x70, 0x00, 0x03, 0xE0, 0x00, 0x3C, 0x00, 0x1F, 0xF0, 0x00, 0x78, 0x00,
    0x7F, 0xF8, 0x01, 0xE0, 0x01, 0xFF, 0xF0, 0x03, 0xC0, 0x07, 0xFF, 0xF0,
    0x0F, 0x00, 0x0F, 0x83, 0xE0, 0x1E, 0x00, 0x3E, 0x03, 0xE0, 0x78, 0x00,
    0x78, 0x03, 0xC0, 0xF0, 0x00, 0xF0, 0x07, 0x83, 0xC0, 0x01, 0xE0, 0x0F,
    0x07, 0x80, 0x03, 0xE0, 0x3E, 0x1E, 0x00, 0x03, 0xE0, 0xF8, 0x3C, 0x00,
    0x07, 0xFF, 0xF0, 0xF0, 0x00, 0x07, 0xFF, 0xC1, 0xE0, 0x00, 0x07, 0xFF,
    0x07, 0x80, 0x00, 0x07, 0xFC, 0x1F, 0x00, 0x00, 0x03, 0xE0, 0x3C, 0x00,
    0x00, 0x00, 0x00, 0xF0, 0x1F, 0x00, 0x00, 0x01, 0xE0, 0xFF, 0x80, 0x00,
    0x07, 0x87, 0xFF, 0xC0, 0x00, 0x0F, 0x0F, 0xFF, 0x80, 0x00, 0x3C, 0x3F,
    0xFF, 0x80, 0x00, 0x78, 0xFC, 0x1F, 0x00, 0x01, 0xE1, 0xF0, 0x1F, 0x00,
    0x03, 0xC3, 0xC0, 0x1E, 0x00, 0x0F, 0x07, 0x80, 0x3C, 0x00, 0x1E, 0x0F,
    0x00, 0x78, 0x00, 0x78, 0x1F, 0x01, 0xF0, 0x00, 0xF0, 0x1F, 0x07, 0xC0,
    0x03, 0xC0, 0x3F, 0xFF, 0x80, 0x07, 0x80, 0x3F, 0xFE, 0x00, 0x1E, 0x00,
    0x7F, 0xF8, 0x00, 0x7C, 0x00, 0x3F, 0xE0, 0x00, 0xF0, 0x00, 0x1F, 0x00,
    0x00, 0x3F, 0x00, 0x00, 0x03, 0xFE, 0x00, 0x00, 0x1F, 0xFC, 0x00, 0x01,
    0xFF, 0xF8, 0x00, 0x07, 0xFF, 0xF0, 0x00, 0x3F, 0xCF, 0xC0, 0x00, 0xFE,
    0x1F, 0x00, 0x03, 0xF8, 0x7C, 0x00, 0x0F, 0xE1, 0xF0, 0x00, 0x3F, 0xC7,
    0xC0, 0x00, 0x7F, 0x3E, 0x00, 0x01, 0xFF, 0xF8, 0x00, 0x03, 0xFF, 0xC0,
    0x00, 0x07, 0xFE, 0x00, 0x00, 0x0F, 0xF0, 0x00, 0x00, 0x7F, 0x80, 0x00,
    0x07, 0xFF, 0x03, 0xE0, 0x7F, 0xFE, 0x0F, 0x83, 0xFF, 0xF8, 0x3E, 0x1F,
    0xF3, 0xF1, 0xF8, 0x7F, 0x07, 0xE7, 0xE3, 0xFC, 0x1F, 0xFF, 0x0F, 0xE0,
    0x3F, 0xFC, 0x3F, 0x80, 0x7F, 0xF0, 0xFE, 0x01, 0xFF, 0x83, 0xF8, 0x03,
    0xFE, 0x0F, 0xF0, 0x0F, 0xF0, 0x3F, 0xE0, 0x7F, 0xE0, 0x7F, 0xC3, 0xFF,
    0xC1, 0xFF, 0xFF, 0xFF, 0x03, 0xFF, 0xFF, 0xFE, 0x07, 0xFF, 0xFB, 0xFC,
    0x0F, 0xFF, 0xC7, 0xF8, 0x1F, 0xFE, 0x0F, 0xE0, 0x0F, 0xE0, 0x00, 0x00,
    0xFF, 0xFF, 0xFF, 0xFF, 0xFF, 0xFF, 0xFE, 0x7C, 0xF8, 0xE1, 0xC0, 0x00,
    0xF0, 0x0F, 0x80, 0xF8, 0x07, 0xC0, 0x7C, 0x07, 0xE0, 0x3E, 0x03, 0xF0,
    0x1F, 0x80, 0xF8, 0x0F, 0xC0, 0x7E, 0x07, 0xE0, 0x3F, 0x01, 0xF8, 0x0F,
    0xC0, 0xFC, 0x07, 0xE0, 0x3F, 0x01, 0xF8, 0x0F, 0xC0, 0x7E, 0x03, 0xF0,
    0x1F, 0x80, 0xFC, 0x07, 0xE0, 0x3F, 0x00, 0xF8, 0x07, 0xE0, 0x3F, 0x01,
    0xF8, 0x07, 0xC0, 0x3F, 0x01, 0xF8, 0x07, 0xC0, 0x3F, 0x00, 0xF8, 0x07,
    0xE0, 0x1F, 0x00, 0xFC, 0x03, 0xE0, 0x1F, 0x00, 0x7C, 0x01, 0xE0, 0x78,
    0x03, 0xE0, 0x0F, 0x80, 0x7C, 0x01, 0xF0, 0x0F, 0x80, 0x3E, 0x01, 0xF8,
    0x0F, 0xC0, 0x3E, 0x01, 0xF8, 0x0F, 0xC0, 0x3F, 0x01, 0xF8, 0x0F, 0xC0,
    0x7E, 0x01, 0xF8, 0x0F, 0xC0, 0x7E, 0x03, 0xF0, 0x1F, 0x80, 0xFC, 0x07,
    0xE0, 0x3F, 0x01, 0xF8, 0x0F, 0xC0, 0x7E, 0x03, 0xE0, 0x3F, 0x01, 0xF8,
    0x0F, 0xC0, 0x7C, 0x07, 0xE0, 0x3F, 0x01, 0xF0, 0x1F, 0x80, 0xF8, 0x0F,
    0xC0, 0x7C, 0x07, 0xE0, 0x3E, 0x03, 0xF0, 0x1F, 0x01, 0xF0, 0x00, 0x03,
    0x80, 0x07, 0x00, 0x0E, 0x00, 0x1C, 0x06, 0x38, 0xDF, 0xFF, 0xFF, 0xFF,
    0x9F, 0xFE, 0x07, 0xC0, 0x1F, 0xC0, 0x3F, 0x80, 0xF7, 0x83, 0xC7, 0x87,
    0x8F, 0x02, 0x08, 0x00, 0x00, 0x7C, 0x00, 0x00, 0xF8, 0x00, 0x01, 0xF0,
    0x00, 0x03, 0xE0, 0x00, 0x07, 0xC0, 0x00, 0x0F, 0x80, 0x00, 0x1F, 0x00,
    0x00, 0x3E, 0x00, 0xFF, 0xFF, 0xFF, 0xFF, 0xFF, 0xFF, 0xFF, 0xFF, 0xFF,
    0xFF, 0xFF, 0xFF, 0xFF, 0xFF, 0xFF, 0xFF, 0xFF, 0xC0, 0x1F, 0x00, 0x00,
    0x3E, 0x00, 0x00, 0x7C, 0x00, 0x00, 0xF8, 0x00, 0x01, 0xF0, 0x00, 0x03,
    0xE0, 0x00, 0x07, 0xC0, 0x00, 0x0F, 0x80, 0x00, 0xFF, 0xFF, 0xFF, 0xFF,
    0xFF, 0xFF, 0x87, 0x0E, 0x1C, 0x78, 0xEF, 0xDF, 0x38, 0x00, 0xFF, 0xFF,
    0xFF, 0xFF, 0xFF, 0xFF, 0xFF, 0xFF, 0xFF, 0xFC, 0xFF, 0xFF, 0xFF, 0xFF,
    0xFF, 0xFF, 0x80, 0x00, 0x38, 0x03, 0xC0, 0x1C, 0x00, 0xE0, 0x07, 0x00,
    0x70, 0x03, 0x80, 0x1C, 0x01, 0xE0, 0x0E, 0x00, 0x70, 0x03, 0x80, 0x38,
    0x01, 0xC0, 0x0E, 0x00, 0xF0, 0x07, 0x00, 0x38, 0x03, 0xC0, 0x1C, 0x00,
    0xE0, 0x07, 0x00, 0x70, 0x03, 0x80, 0x1C, 0x01, 0xE0, 0x0E, 0x00, 0x70,
    0x03, 0x80, 0x38, 0x01, 0xC0, 0x0E, 0x00, 0xF0, 0x07, 0x00, 0x00, 0x00,
    0xFF, 0x00, 0x03, 0xFF, 0xC0, 0x0F, 0xFF, 0xF0, 0x1F, 0xFF, 0xF8, 0x1F,
    0xFF, 0xF8, 0x3F, 0xFF, 0xFC, 0x3F, 0xC3, 0xFC, 0x7F, 0x81, 0xFE, 0x7F,
    0x00, 0xFE, 0x7F, 0x00, 0xFE, 0x7F, 0x00, 0xFE, 0xFE, 0x00, 0x7F, 0xFE,
    0x00, 0x7F, 0xFE, 0x00, 0x7F, 0xFE, 0x00, 0x7F, 0xFE, 0x00, 0x7F, 0xFE,
    0x00, 0x7F, 0xFE, 0x00, 0x7F, 0xFE, 0x00, 0x7F, 0xFE, 0x00, 0x7F, 0xFE,
    0x00, 0x7F, 0xFE, 0x00, 0x7F, 0xFE, 0x00, 0x7F, 0xFE, 0x00, 0x7F, 0x7F,
    0x00, 0xFE, 0x7F, 0x00, 0xFE, 0x7F, 0x00, 0xFE, 0x7F, 0x81, 0xFE, 0x3F,
    0xC3, 0xFC, 0x3F, 0xFF, 0xFC, 0x1F, 0xFF, 0xF8, 0x1F, 0xFF, 0xF8, 0x0F,
    0xFF, 0xF0, 0x03, 0xFF, 0xC0, 0x00, 0xFF, 0x00, 0x00, 0x3C, 0x01, 0xF0,
    0x07, 0xC0, 0x3F, 0x01, 0xFC, 0x3F, 0xFF, 0xFF, 0xFF, 0xFF, 0xFF, 0xFF,
    0xFF, 0xF0, 0x1F, 0xC0, 0x7F, 0x01, 0xFC, 0x07, 0xF0, 0x1F, 0xC0, 0x7F,
    0x01, 0xFC, 0x07, 0xF0, 0x1F, 0xC0, 0x7F, 0x01, 0xFC, 0x07, 0xF0, 0x1F,
    0xC0, 0x7F, 0x01, 0xFC, 0x07, 0xF0, 0x1F, 0xC0, 0x7F, 0x01, 0xFC, 0x07,
    0xF0, 0x1F, 0xC0, 0x7F, 0x01, 0xFC, 0x01, 0xFE, 0x00, 0x0F, 0xFF, 0x80,
    0x3F, 0xFF, 0x80, 0xFF, 0xFF, 0x83, 0xFF, 0xFF, 0x8F, 0xFF, 0xFF, 0x9F,
    0xE0, 0xFF, 0x7F, 0x80, 0xFF, 0xFE, 0x01, 0xFF, 0xFC, 0x01, 0xFF, 0xF8,
    0x03, 0xFF, 0xF0, 0x07, 0xF0, 0x00, 0x0F, 0xE0, 0x00, 0x1F, 0xC0, 0x00,
    0x7F, 0x80, 0x00, 0xFE, 0x00, 0x03, 0xFC, 0x00, 0x0F, 0xF0, 0x00, 0x7F,
    0xC0, 0x01, 0xFF, 0x00, 0x07, 0xF8, 0x00, 0x3F, 0xE0, 0x00, 0xFF, 0x00,
    0x03, 0xFC, 0x00, 0x0F, 0xF0, 0x00, 0x3F, 0xC0, 0x00, 0x7F, 0x00, 0x01,
    0xFC, 0x00, 0x03, 0xFF, 0xFF, 0xE7, 0xFF, 0xFF, 0xDF, 0xFF, 0xFF, 0xBF,
    0xFF, 0xFF, 0x7F, 0xFF, 0xFE, 0xFF, 0xFF, 0xFC, 0x01, 0xFE, 0x00, 0x0F,
    0xFF, 0x80, 0x7F, 0xFF, 0x81, 0xFF, 0xFF, 0x87, 0xFF, 0xFF, 0x8F, 0xFF,
    0xFF, 0x1F, 0xE1, 0xFF, 0x7F, 0x81, 0xFE, 0xFE, 0x01, 0xFD, 0xFC, 0x03,
    0xFB, 0xF8, 0x07, 0xF0, 0x00, 0x0F, 0xE0, 0x00, 0x1F, 0x80, 0x00, 0x7F,
    0x00, 0x01, 0xFC, 0x00, 0x1F, 0xF0, 0x00, 0x3F, 0xC0, 0x00, 0x7F, 0xC0,
    0x00, 0xFF, 0xE0, 0x00, 0x3F, 0xE0, 0x00, 0x1F, 0xC0, 0x00, 0x3F, 0xC0,
    0x00, 0x3F, 0x80, 0x00, 0x7F, 0x00, 0x00, 0xFF, 0xFC, 0x01, 0xFF, 0xF8,
    0x07, 0xFF, 0xF8, 0x0F, 0xF7, 0xF8, 0x3F, 0xCF, 0xFF, 0xFF, 0x8F, 0xFF,
    0xFE, 0x1F, 0xFF, 0xF8, 0x1F, 0xFF, 0xE0, 0x0F, 0xFF, 0x80, 0x07, 0xF8,
    0x00, 0x00, 0x1F, 0xE0, 0x00, 0x7F, 0x80, 0x03, 0xFE, 0x00, 0x0F, 0xF8,
    0x00, 0x7F, 0xE0, 0x03, 0xFF, 0x80, 0x0F, 0xFE, 0x00, 0x7B, 0xF8, 0x01,
    0xEF, 0xE0, 0x0F, 0x3F, 0x80, 0x78, 0xFE, 0x01, 0xE3, 0xF8, 0x0F, 0x0F,
    0xE0, 0x38, 0x3F, 0x81, 0xE0, 0xFE, 0x07, 0x03, 0xF8, 0x3C, 0x0F, 0xE1,
    0xE0, 0x3F, 0x87, 0x00, 0xFE, 0x3C, 0x03, 0xF8, 0xFF, 0xFF, 0xFF, 0xFF,
    0xFF, 0xFF, 0xFF, 0xFF, 0xFF, 0xFF, 0xFF, 0xFF, 0xFF, 0xFF, 0xFF, 0xFF,
    0xF0, 0x00, 0xFE, 0x00, 0x03, 0xF8, 0x00, 0x0F, 0xE0, 0x00, 0x3F, 0x80,
    0x00, 0xFE, 0x00, 0x03, 0xF8, 0x00, 0x0F, 0xE0, 0x1F, 0xFF, 0xFC, 0x3F,
    0xFF, 0xF8, 0x7F, 0xFF, 0xF0, 0xFF, 0xFF, 0xE3, 0xFF, 0xFF, 0xC7, 0xFF,
    0xFF, 0x8F, 0x80, 0x00, 0x1F, 0x00, 0x00, 0x3E, 0x00, 0x00, 0x78, 0x00,
    0x01, 0xF1, 0xFC, 0x03, 0xEF, 0xFE, 0x07, 0xFF, 0xFE, 0x0F, 0xFF, 0xFE,
    0x1F, 0xFF, 0xFE, 0x7F, 0xFF, 0xFC, 0xFE, 0x07, 0xFC, 0x00, 0x07, 0xF8,
    0x00, 0x07, 0xF8, 0x00, 0x07, 0xF0, 0x00, 0x0F, 0xE0, 0x00, 0x1F, 0xC0,
    0x00, 0x3F, 0x80, 0x00, 0x7F, 0x00, 0x00, 0xFF, 0xF8, 0x03, 0xFF, 0xF8,
    0x0F, 0xF7, 0xF8, 0x3F, 0xEF, 0xFF, 0xFF, 0x8F, 0xFF, 0xFF, 0x0F, 0xFF,
    0xFC, 0x0F, 0xFF, 0xF0, 0x0F, 0xFF, 0x80, 0x07, 0xFC, 0x00, 0x00, 0xFF,
    0x00, 0x07, 0xFF, 0x80, 0x1F, 0xFF, 0xC0, 0x7F, 0xFF, 0x81, 0xFF, 0xFF,
    0x87, 0xFF, 0xFF, 0x8F, 0xF0, 0xFF, 0x3F, 0xC0, 0xFE, 0x7F, 0x00, 0x00,
    0xFE, 0x00, 0x01, 0xFC, 0x00, 0x07, 0xF0, 0x00, 0x0F, 0xE3, 0xF0, 0x1F,
    0xDF, 0xF8, 0x3F, 0xFF, 0xFC, 0x7F, 0xFF, 0xFC, 0xFF, 0xFF, 0xF9, 0xFF,
    0x87, 0xFB, 0xFC, 0x07, 0xF7, 0xF8, 0x0F, 0xFF, 0xE0, 0x0F, 0xFF, 0xC0,
    0x1F, 0xFF, 0x80, 0x3F, 0xFF, 0x00, 0x7F, 0x7E, 0x00, 0xFE, 0xFC, 0x01,
    0xFD, 0xFC, 0x07, 0xFB, 0xF8, 0x0F, 0xE3, 0xFC, 0x7F, 0xC7, 0xFF, 0xFF,
    0x07, 0xFF, 0xFE, 0x0F, 0xFF, 0xF8, 0x0F, 0xFF, 0xE0, 0x07, 0xFF, 0x00,
    0x03, 0xF8, 0x00, 0xFF, 0xFF, 0xFF, 0xFF, 0xFF, 0xFF, 0xFF, 0xFF, 0xFF,
    0xFF, 0xFF, 0xFF, 0xFF, 0xFF, 0xFF, 0xFF, 0xFF, 0xC0, 0x00, 0x3F, 0x00,
    0x00, 0xFC, 0x00, 0x03, 0xF8, 0x00, 0x07, 0xE0, 0x00, 0x1F, 0x80, 0x00,
    0x7F, 0x00, 0x00, 0xFC, 0x00, 0x03, 0xF0, 0x00, 0x07, 0xE0, 0x00, 0x1F,
    0x80, 0x00, 0x7F, 0x00, 0x00, 0xFC, 0x00, 0x01, 0xF8, 0x00, 0x07, 0xF0,
    0x00, 0x0F, 0xC0, 0x00, 0x3F, 0x80, 0x00, 0x7F, 0x00, 0x00, 0xFC, 0x00,
    0x01, 0xF8, 0x00, 0x07, 0xF0, 0x00, 0x0F, 0xE0, 0x00, 0x1F, 0xC0, 0x00,
    0x3F, 0x00, 0x00, 0xFE, 0x00, 0x01, 0xFC, 0x00, 0x03, 0xF8, 0x00, 0x07,
    0xF0, 0x00, 0x00, 0xFE, 0x00, 0x03, 0xFF, 0xC0, 0x0F, 0xFF, 0xE0, 0x1F,
    0xFF, 0xF0, 0x3F, 0xFF, 0xF8, 0x3F, 0xFF, 0xF8, 0x7F, 0x83, 0xFC, 0x7F,
    0x00, 0xFC, 0x7E, 0x00, 0xFC, 0x7E, 0x00, 0x7C, 0x7E, 0x00, 0x7C, 0x7E,
    0x00, 0xFC, 0x3F, 0x00, 0xF8, 0x3F, 0x83, 0xF8, 0x0F, 0xFF, 0xF0, 0x07,
    0xFF, 0xC0, 0x0F, 0xFF, 0xF0, 0x1F, 0xFF, 0xF8, 0x3F, 0xC3, 0xFC, 0x7F,
    0x00, 0xFE, 0x7F, 0x00, 0xFE, 0xFE, 0x00, 0x7F, 0xFE, 0x00, 0x7F, 0xFE,
    0x00, 0x7F, 0xFE, 0x00, 0x7F, 0xFE, 0x00, 0x7F, 0xFF, 0x00, 0xFF, 0xFF,
    0x00, 0xFE, 0x7F, 0xC3, 0xFE, 0x7F, 0xFF, 0xFE, 0x3F, 0xFF, 0xFC, 0x1F,
    0xFF, 0xF8, 0x0F, 0xFF, 0xF0, 0x07, 0xFF, 0xC0, 0x00, 0xFF, 0x00, 0x00,
    0xFF, 0x00, 0x03, 0xFF, 0xC0, 0x0F, 0xFF, 0xE0, 0x1F, 0xFF, 0xF0, 0x3F,
    0xFF, 0xF8, 0x3F, 0xFF, 0xFC, 0x7F, 0xC3, 0xFC, 0x7F, 0x01, 0xFE, 0xFF,
    0x00, 0xFE, 0xFE, 0x00, 0x7E, 0xFE, 0x00, 0x7E, 0xFE, 0x00, 0x7F, 0xFE,
    0x00, 0x7F, 0xFE, 0x00, 0x7F, 0xFE, 0x00, 0x7F, 0xFF, 0x00, 0xFF, 0x7F,
    0x01, 0xFF, 0x7F, 0xC3, 0xFF, 0x7F, 0xFF, 0xFF, 0x3F, 0xFF, 0xFF, 0x1F,
    0xFF, 0xFF, 0x0F, 0xFF, 0x7F, 0x07, 0xFE, 0x7F, 0x01, 0xFC, 0x7E, 0x00,
    0x00, 0x7E, 0x00, 0x00, 0xFE, 0x00, 0x00, 0xFE, 0x7F, 0x01, 0xFC, 0x7F,
    0x83, 0xFC, 0x7F, 0xFF, 0xF8, 0x3F, 0xFF, 0xF8, 0x3F, 0xFF, 0xF0, 0x1F,
    0xFF, 0xE0, 0x07, 0xFF, 0x80, 0x01, 0xFE, 0x00, 0xFF, 0xFF, 0xFF, 0xFF,
    0xFF, 0xFF, 0x80, 0x00, 0x00, 0x00, 0x00, 0x00, 0x00, 0x00, 0x00, 0x03,
    0xFF, 0xFF, 0xFF, 0xFF, 0xFF, 0xFE, 0xFF, 0xFF, 0xFF, 0xFF, 0xFF, 0xFF,
    0x80, 0x00, 0x00, 0x00, 0x00, 0x00, 0x00, 0x00, 0x00, 0x03, 0xFF, 0xFF,
    0xFF, 0xFF, 0xFF, 0xFE, 0x1C, 0x38, 0x71, 0xE7, 0xBF, 0x7C, 0xE0, 0x00,
    0x00, 0x02, 0x00, 0x00, 0x3C, 0x00, 0x01, 0xF8, 0x00, 0x1F, 0xF0, 0x01,
    0xFF, 0xE0, 0x0F, 0xFF, 0xC0, 0xFF, 0xFC, 0x0F, 0xFF, 0xC0, 0x7F, 0xFC,
    0x01, 0xFF, 0xC0, 0x03, 0xFC, 0x00, 0x07, 0xC0, 0x00, 0x0F, 0xF0, 0x00,
    0x1F, 0xF8, 0x00, 0x3F, 0xFE, 0x00, 0x0F, 0xFF, 0x80, 0x07, 0xFF, 0xE0,
    0x01, 0xFF, 0xF8, 0x00, 0x7F, 0xF8, 0x00, 0x3F, 0xF0, 0x00, 0x0F, 0xE0,
    0x00, 0x03, 0xC0, 0x00, 0x01, 0x80, 0xFF, 0xFF, 0xFF, 0xFF, 0xFF, 0xFF,
    0xFF, 0xFF, 0xFF, 0xFF, 0xFF, 0xFF, 0xFF, 0xFF, 0xFF, 0xFF, 0xFF, 0xC0,
    0x00, 0x00, 0x00, 0x00, 0x00, 0x00, 0x00, 0x00, 0x00, 0x00, 0x00, 0x00,
    0x00, 0x00, 0x00, 0x00, 0x0F, 0xFF, 0xFF, 0xFF, 0xFF, 0xFF, 0xFF, 0xFF,
    0xFF, 0xFF, 0xFF, 0xFF, 0xFF, 0xFF, 0xFF, 0xFF, 0xFF, 0xFC, 0x80, 0x00,
    0x01, 0xC0, 0x00, 0x03, 0xF0, 0x00, 0x07, 0xFC, 0x00, 0x0F, 0xFE, 0x00,
    0x1F, 0xFF, 0x80, 0x07, 0xFF, 0xE0, 0x01, 0xFF, 0xF0, 0x00, 0x7F, 0xFC,
    0x00, 0x1F, 0xFC, 0x00, 0x0F, 0xF8, 0x00, 0x03, 0xF0, 0x00, 0x1F, 0xE0,
    0x01, 0xFF, 0xC0, 0x0F, 0xFF, 0x80, 0xFF, 0xF8, 0x0F, 0xFF, 0x80, 0xFF,
    0xFC, 0x03, 0xFF, 0xC0, 0x07, 0xFC, 0x00, 0x0F, 0xE0, 0x00, 0x1E, 0x00,
    0x00, 0x20, 0x00, 0x00, 0x00, 0x01, 0xFE, 0x00, 0x07, 0xFF, 0xC0, 0x1F,
    0xFF, 0xF0, 0x3F, 0xFF, 0xF8, 0x3F, 0xFF, 0xFC, 0x7F, 0xFF, 0xFC, 0x7F,
    0x83, 0xFE, 0x7F, 0x01, 0xFE, 0xFF, 0x00, 0xFF, 0xFE, 0x00, 0x7F, 0xFE,
    0x00, 0x7F, 0xFE, 0x00, 0x7F, 0x00, 0x00, 0x7F, 0x00, 0x00, 0xFF, 0x00,
    0x01, 0xFE, 0x00, 0x03, 0xFE, 0x00, 0x07, 0xFC, 0x00, 0x0F, 0xF8, 0x00,
    0x3F, 0xF0, 0x00, 0x3F, 0xE0, 0x00, 0x7F, 0x80, 0x00, 0x7F, 0x00, 0x00,
    0xFE, 0x00, 0x00, 0xFC, 0x00, 0x00, 0xFC, 0x00, 0x00, 0x00, 0x00, 0x00,
    0x00, 0x00, 0x00, 0x00, 0x00, 0x00, 0xFE, 0x00, 0x00, 0xFE, 0x00, 0x00,
    0xFE, 0x00, 0x00, 0xFE, 0x00, 0x00, 0xFE, 0x00, 0x00, 0xFE, 0x00, 0x00,
    0xFE, 0x00, 0x00, 0x00, 0x1F, 0xF0, 0x00, 0x00, 0x00, 0x3F, 0xFF, 0xE0,
    0x00, 0x00, 0x1F, 0xFF, 0xFF, 0x00, 0x00, 0x0F, 0xFF, 0xFF, 0xF8, 0x00,
    0x03, 0xFE, 0x01, 0xFF, 0x80, 0x01, 0xFE, 0x00, 0x07, 0xF8, 0x00, 0x7F,
    0x00, 0x00, 0x3F, 0x80, 0x1F, 0xC0, 0x00, 0x03, 0xF8, 0x07, 0xF0, 0x00,
    0x00, 0x1F, 0x00, 0xFC, 0x00, 0x00, 0x01, 0xF0, 0x3F, 0x00, 0x00, 0x00,
    0x3E, 0x0F, 0xC0, 0x07, 0xE3, 0xC3, 0xE1, 0xF0, 0x03, 0xFE, 0xF8, 0x3C,
    0x7E, 0x01, 0xFF, 0xFF, 0x07, 0x8F, 0x80, 0x7E, 0x1F, 0xC0, 0x7B, 0xF0,
    0x1F, 0x81, 0xF8, 0x0F, 0x7C, 0x03, 0xE0, 0x1F, 0x01, 0xEF, 0x80, 0xF8,
    0x03, 0xC0, 0x3F, 0xF0, 0x1E, 0x00, 0x78, 0x07, 0xFC, 0x07, 0xC0, 0x0F,
    0x00, 0xFF, 0x80, 0xF0, 0x01, 0xE0, 0x1F, 0xF0, 0x1E, 0x00, 0x38, 0x07,
    0xFE, 0x07, 0xC0, 0x0F, 0x00, 0xFF, 0xC0, 0xF8, 0x01, 0xE0, 0x1E, 0xF8,
    0x1F, 0x00, 0x38, 0x07, 0xDF, 0x03, 0xE0, 0x0F, 0x00, 0xF3, 0xF0, 0x7C,
    0x03, 0xE0, 0x3E, 0x3E, 0x0F, 0xC0, 0xFC, 0x0F, 0x87, 0xC0, 0xFC, 0x3F,
    0xC7, 0xF0, 0xFC, 0x1F, 0xFF, 0xFF, 0xFC, 0x0F, 0xC1, 0xFF, 0xEF, 0xFF,
    0x01, 0xFC, 0x1F, 0xF8, 0xFF, 0x80, 0x1F, 0xC0, 0xFC, 0x07, 0xC0, 0x01,
    0xFC, 0x00, 0x00, 0x00, 0x00, 0x1F, 0xC0, 0x00, 0x00, 0x00, 0x01, 0xFE,
    0x00, 0x00, 0x00, 0x00, 0x1F, 0xFC, 0x00, 0x60, 0x00, 0x01, 0xFF, 0xFF,
    0xFE, 0x00, 0x00, 0x0F, 0xFF, 0xFF, 0xC0, 0x00, 0x00, 0x7F, 0xFF, 0xF0,
    0x00, 0x00, 0x00, 0xFF, 0xE0, 0x00, 0x00, 0x00, 0x0F, 0xF8, 0x00, 0x00,
    0x0F, 0xF8, 0x00, 0x00, 0x0F, 0xF8, 0x00, 0x00, 0x1F, 0xFC, 0x00, 0x00,
    0x1F, 0xFC, 0x00, 0x00, 0x1F, 0xFC, 0x00, 0x00, 0x3F, 0xFE, 0x00, 0x00,
    0x3F, 0xFE, 0x00, 0x00, 0x3F, 0x7E, 0x00, 0x00, 0x7F, 0x7F, 0x00, 0x00,
    0x7F, 0x7F, 0x00, 0x00, 0x7E, 0x3F, 0x00, 0x00, 0xFE, 0x3F, 0x80, 0x00,
    0xFE, 0x3F, 0x80, 0x01, 0xFC, 0x1F, 0x80, 0x01, 0xFC, 0x1F, 0xC0, 0x01,
    0xF8, 0x1F, 0xC0, 0x03, 0xF8, 0x0F, 0xE0, 0x03, 0xF8, 0x0F, 0xE0, 0x03,
    0xF0, 0x0F, 0xE0, 0x07, 0xF0, 0x07, 0xF0, 0x07, 0xFF, 0xFF, 0xF0, 0x07,
    0xFF, 0xFF, 0xF0, 0x0F, 0xFF, 0xFF, 0xF8, 0x0F, 0xFF, 0xFF, 0xF8, 0x1F,
    0xFF, 0xFF, 0xF8, 0x1F, 0xFF, 0xFF, 0xFC, 0x1F, 0xC0, 0x01, 0xFC, 0x3F,
    0x80, 0x01, 0xFC, 0x3F, 0x80, 0x00, 0xFE, 0x3F, 0x80, 0x00, 0xFE, 0x7F,
    0x00, 0x00, 0xFE, 0x7F, 0x00, 0x00, 0x7F, 0x7F, 0x00, 0x00, 0x7F, 0xFF,
    0xFF, 0xE0, 0x1F, 0xFF, 0xFF, 0x83, 0xFF, 0xFF, 0xF8, 0x7F, 0xFF, 0xFF,
    0x8F, 0xFF, 0xFF, 0xF9, 0xFF, 0xFF, 0xFF, 0x3F, 0x80, 0x1F, 0xF7, 0xF0,
    0x01, 0xFE, 0xFE, 0x00, 0x1F, 0xDF, 0xC0, 0x03, 0xFB, 0xF8, 0x00, 0x7F,
    0x7F, 0x00, 0x1F, 0xCF, 0xE0, 0x07, 0xF9, 0xFF, 0xFF, 0xFE, 0x3F, 0xFF,
    0xFF, 0x87, 0xFF, 0xFF, 0xC0, 0xFF, 0xFF, 0xFE, 0x1F, 0xFF, 0xFF, 0xE3,
    0xFF, 0xFF, 0xFE, 0x7F, 0x00, 0x1F, 0xEF, 0xE0, 0x01, 0xFD, 0xFC, 0x00,
    0x1F, 0xFF, 0x80, 0x03, 0xFF, 0xF0, 0x00, 0x7F, 0xFE, 0x00, 0x0F, 0xFF,
    0xC0, 0x01, 0xFF, 0xF8, 0x00, 0x7F, 0xFF, 0x00, 0x1F, 0xEF, 0xFF, 0xFF,
    0xFD, 0xFF, 0xFF, 0xFF, 0x3F, 0xFF, 0xFF, 0xE7, 0xFF, 0xFF, 0xF8, 0xFF,
    0xFF, 0xFC, 0x1F, 0xFF, 0xFC, 0x00, 0x00, 0x1F, 0xF0, 0x00, 0x03, 0xFF,
    0xF8, 0x00, 0x1F, 0xFF, 0xF8, 0x01, 0xFF, 0xFF, 0xF0, 0x0F, 0xFF, 0xFF,
    0xE0, 0x3F, 0xFF, 0xFF, 0xC1, 0xFF, 0x81, 0xFF, 0x0F, 0xF8, 0x01, 0xFE,
    0x3F, 0xC0, 0x07, 0xF9, 0xFE, 0x00, 0x0F, 0xE7, 0xF8, 0x00, 0x1F, 0xDF,
    0xC0, 0x00, 0x7F, 0x7F, 0x00, 0x00, 0x03, 0xF8, 0x00, 0x00, 0x0F, 0xE0,
    0x00, 0x00, 0x3F, 0x80, 0x00, 0x00, 0xFE, 0x00, 0x00, 0x03, 0xF8, 0x00,
    0x00, 0x0F, 0xE0, 0x00, 0x00, 0x3F, 0x80, 0x00, 0x00, 0xFE, 0x00, 0x00,
    0x03, 0xF8, 0x00, 0x00, 0x0F, 0xE0, 0x00, 0x00, 0x1F, 0xC0, 0x00, 0x00,
    0x7F, 0x00, 0x01, 0xFD, 0xFC, 0x00, 0x07, 0xF7, 0xF8, 0x00, 0x3F, 0xCF,
    0xF0, 0x00, 0xFE, 0x3F, 0xE0, 0x07, 0xF8, 0x7F, 0xE0, 0x7F, 0xE0, 0xFF,
    0xFF, 0xFF, 0x03, 0xFF, 0xFF, 0xF8, 0x07, 0xFF, 0xFF, 0xC0, 0x07, 0xFF,
    0xFE, 0x00, 0x0F, 0xFF, 0xE0, 0x00, 0x07, 0xFC, 0x00, 0xFF, 0xFF, 0xC0,
    0x0F, 0xFF, 0xFF, 0x80, 0xFF, 0xFF, 0xFC, 0x0F, 0xFF, 0xFF, 0xE0, 0xFF,
    0xFF, 0xFF, 0x0F, 0xFF, 0xFF, 0xF8, 0xFE, 0x00, 0xFF, 0xCF, 0xE0, 0x03,
    0xFC, 0xFE, 0x00, 0x1F, 0xEF, 0xE0, 0x01, 0xFE, 0xFE, 0x00, 0x0F, 0xEF,
    0xE0, 0x00, 0xFE, 0xFE, 0x00, 0x07, 0xFF, 0xE0, 0x00, 0x7F, 0xFE, 0x00,
    0x07, 0xFF, 0xE0, 0x00, 0x7F, 0xFE, 0x00, 0x07, 0xFF, 0xE0, 0x00, 0x7F,
    0xFE, 0x00, 0x07, 0xFF, 0xE0, 0x00, 0x7F, 0xFE, 0x00, 0x07, 0xFF, 0xE0,
    0x00, 0x7F, 0xFE, 0x00, 0x0F, 0xEF, 0xE0, 0x00, 0xFE, 0xFE, 0x00, 0x0F,
    0xEF, 0xE0, 0x01, 0xFE, 0xFE, 0x00, 0x3F, 0xCF, 0xE0, 0x0F, 0xFC, 0xFF,
    0xFF, 0xFF, 0x8F, 0xFF, 0xFF, 0xF0, 0xFF, 0xFF, 0xFE, 0x0F, 0xFF, 0xFF,
    0xC0, 0xFF, 0xFF, 0xF8, 0x0F, 0xFF, 0xFC, 0x00, 0xFF, 0xFF, 0xFF, 0x7F,
    0xFF, 0xFF, 0xBF, 0xFF, 0xFF, 0xDF, 0xFF, 0xFF, 0xEF, 0xFF, 0xFF, 0xF7,
    0xFF, 0xFF, 0xFB, 0xF8, 0x00, 0x01, 0xFC, 0x00, 0x00, 0xFE, 0x00, 0x00,
    0x7F, 0x00, 0x00, 0x3F, 0x80, 0x00, 0x1F, 0xC0, 0x00, 0x0F, 0xE0, 0x00,
    0x07, 0xFF, 0xFF, 0xF3, 0xFF, 0xFF, 0xF9, 0xFF, 0xFF, 0xFC, 0xFF, 0xFF,
    0xFE, 0x7F, 0xFF, 0xFF, 0x3F, 0xFF, 0xFF, 0x9F, 0xC0, 0x00, 0x0F, 0xE0,
    0x00, 0x07, 0xF0, 0x00, 0x03, 0xF8, 0x00, 0x01, 0xFC, 0x00, 0x00, 0xFE,
    0x00, 0x00, 0x7F, 0x00, 0x00, 0x3F, 0x80, 0x00, 0x1F, 0xC0, 0x00, 0x0F,
    0xFF, 0xFF, 0xFF, 0xFF, 0xFF, 0xFF, 0xFF, 0xFF, 0xFF, 0xFF, 0xFF, 0xFF,
    0xFF, 0xFF, 0xFF, 0xFF, 0xFF, 0xFF, 0xC0, 0xFF, 0xFF, 0xFF, 0xFF, 0xFF,
    0xFF, 0xFF, 0xFF, 0xFF, 0xFF, 0xFF, 0xFF, 0xFF, 0xFF, 0xFF, 0xFF, 0xFF,
    0xFF, 0xFE, 0x00, 0x00, 0xFE, 0x00, 0x00, 0xFE, 0x00, 0x00, 0xFE, 0x00,
    0x00, 0xFE, 0x00, 0x00, 0xFE, 0x00, 0x00, 0xFE, 0x00, 0x00, 0xFF, 0xFF,
    0xFC, 0xFF, 0xFF, 0xFC, 0xFF, 0xFF, 0xFC, 0xFF, 0xFF, 0xFC, 0xFF, 0xFF,
    0xFC, 0xFF, 0xFF, 0xFC, 0xFE, 0x00, 0x00, 0xFE, 0x00, 0x00, 0xFE, 0x00,
    0x00, 0xFE, 0x00, 0x00, 0xFE, 0x00, 0x00, 0xFE, 0x00, 0x00, 0xFE, 0x00,
    0x00, 0xFE, 0x00, 0x00, 0xFE, 0x00, 0x00, 0xFE, 0x00, 0x00, 0xFE, 0x00,
    0x00, 0xFE, 0x00, 0x00, 0xFE, 0x00, 0x00, 0xFE, 0x00, 0x00, 0xFE, 0x00,
    0x00, 0x00, 0x0F, 0xF8, 0x00, 0x00, 0xFF, 0xFE, 0x00, 0x07, 0xFF, 0xFF,
    0x00, 0x1F, 0xFF, 0xFF, 0x00, 0x7F, 0xFF, 0xFF, 0x01, 0xFF, 0xFF, 0xFF,
    0x07, 0xFE, 0x03, 0xFF, 0x0F, 0xF0, 0x01, 0xFE, 0x3F, 0xC0, 0x01, 0xFC,
    0x7F, 0x00, 0x01, 0xFD, 0xFE, 0x00, 0x03, 0xFB, 0xF8, 0x00, 0x00, 0x07,
    0xF0, 0x00, 0x00, 0x1F, 0xC0, 0x00, 0x00, 0x3F, 0x80, 0x00, 0x00, 0x7F,
    0x00, 0x00, 0x00, 0xFE, 0x00, 0x3F, 0xFF, 0xFC, 0x00, 0x7F, 0xFF, 0xF8,
    0x00, 0xFF, 0xFF, 0xF0, 0x01, 0xFF, 0xFF, 0xE0, 0x03, 0xFF, 0xFF, 0xC0,
    0x07, 0xFF, 0xFF, 0xC0, 0x00, 0x1F, 0xBF, 0x80, 0x00, 0x3F, 0x7F, 0x00,
    0x00, 0x7E, 0xFF, 0x00, 0x01, 0xFC, 0xFF, 0x00, 0x03, 0xF9, 0xFF, 0x00,
    0x0F, 0xF1, 0xFF, 0x00, 0x3F, 0xE3, 0xFF, 0x83, 0xFF, 0xC3, 0xFF, 0xFF,
    0xFF, 0x83, 0xFF, 0xFF, 0xDF, 0x03, 0xFF, 0xFF, 0x9E, 0x03, 0xFF, 0xFC,
    0x3C, 0x01, 0xFF, 0xF0, 0x78, 0x00, 0x7F, 0x80, 0x00, 0xFE, 0x00, 0x0F,
    0xFF, 0xC0, 0x01, 0xFF, 0xF8, 0x00, 0x3F, 0xFF, 0x00, 0x07, 0xFF, 0xE0,
    0x00, 0xFF, 0xFC, 0x00, 0x1F, 0xFF, 0x80, 0x03, 0xFF, 0xF0, 0x00, 0x7F,
    0xFE, 0x00, 0x0F, 0xFF, 0xC0, 0x01, 0xFF, 0xF8, 0x00, 0x3F, 0xFF, 0x00,
    0x07, 0xFF, 0xE0, 0x00, 0xFF, 0xFF, 0xFF, 0xFF, 0xFF, 0xFF, 0xFF, 0xFF,
    0xFF, 0xFF, 0xFF, 0xFF, 0xFF, 0xFF, 0xFF, 0xFF, 0xFF, 0xFF, 0xFF, 0xFF,
    0xFF, 0xFF, 0x00, 0x07, 0xFF, 0xE0, 0x00, 0xFF, 0xFC, 0x00, 0x1F, 0xFF,
    0x80, 0x03, 0xFF, 0xF0, 0x00, 0x7F, 0xFE, 0x00, 0x0F, 0xFF, 0xC0, 0x01,
    0xFF, 0xF8, 0x00, 0x3F, 0xFF, 0x00, 0x07, 0xFF, 0xE0, 0x00, 0xFF, 0xFC,
    0x00, 0x1F, 0xFF, 0x80, 0x03, 0xFF, 0xF0, 0x00, 0x7F, 0xFE, 0x00, 0x0F,
    0xFF, 0xC0, 0x01, 0xFC, 0xFF, 0xFF, 0xFF, 0xFF, 0xFF, 0xFF, 0xFF, 0xFF,
    0xFF, 0xFF, 0xFF, 0xFF, 0xFF, 0xFF, 0xFF, 0xFF, 0xFF, 0xFF, 0xFF, 0xFF,
    0xFF, 0xFF, 0xFF, 0xFF, 0xFF, 0xFF, 0xFF, 0xFF, 0xFF, 0xFC, 0x00, 0x01,
    0xFC, 0x00, 0x07, 0xF0, 0x00, 0x1F, 0xC0, 0x00, 0x7F, 0x00, 0x01, 0xFC,
    0x00, 0x07, 0xF0, 0x00, 0x1F, 0xC0, 0x00, 0x7F, 0x00, 0x01, 0xFC, 0x00,
    0x07, 0xF0, 0x00, 0x1F, 0xC0, 0x00, 0x7F, 0x00, 0x01, 0xFC, 0x00, 0x07,
    0xF0, 0x00, 0x1F, 0xC0, 0x00, 0x7F, 0x00, 0x01, 0xFC, 0x00, 0x07, 0xF0,
    0x00, 0x1F, 0xC0, 0x00, 0x7F, 0x00, 0x01, 0xFC, 0x00, 0x07, 0xFF, 0xE0,
    0x1F, 0xFF, 0x80, 0x7F, 0xFE, 0x01, 0xFF, 0xF8, 0x07, 0xFF, 0xE0, 0x1F,
    0xFF, 0xC0, 0xFF, 0xFF, 0x87, 0xFD, 0xFF, 0xFF, 0xE7, 0xFF, 0xFF, 0x8F,
    0xFF, 0xFC, 0x1F, 0xFF, 0xE0, 0x3F, 0xFF, 0x00, 0x1F, 0xE0, 0x00, 0xFE,
    0x00, 0x0F, 0xF3, 0xF8, 0x00, 0x7F, 0x8F, 0xE0, 0x03, 0xFC, 0x3F, 0x80,
    0x1F, 0xE0, 0xFE, 0x00, 0xFF, 0x83, 0xF8, 0x07, 0xFC, 0x0F, 0xE0, 0x1F,
    0xE0, 0x3F, 0x80, 0xFF, 0x00, 0xFE, 0x07, 0xF8, 0x03, 0xF8, 0x3F, 0xC0,
    0x0F, 0xE1, 0xFE, 0x00, 0x3F, 0x8F, 0xF0, 0x00, 0xFE, 0x7F, 0x80, 0x03,
    0xFB, 0xFC, 0x00, 0x0F, 0xFF, 0xE0, 0x00, 0x3F, 0xFF, 0xC0, 0x00, 0xFF,
    0xFF, 0x80, 0x03, 0xFF, 0xFE, 0x00, 0x0F, 0xFF, 0xFC, 0x00, 0x3F, 0xF7,
    0xF8, 0x00, 0xFF, 0x8F, 0xF0, 0x03, 0xFC, 0x3F, 0xC0, 0x0F, 0xE0, 0x7F,
    0x80, 0x3F, 0x80, 0xFF, 0x00, 0xFE, 0x01, 0xFE, 0x03, 0xF8, 0x07, 0xFC,
    0x0F, 0xE0, 0x0F, 0xF0, 0x3F, 0x80, 0x1F, 0xE0, 0xFE, 0x00, 0x3F, 0xC3,
    0xF8, 0x00, 0xFF, 0x8F, 0xE0, 0x01, 0xFE, 0x3F, 0x80, 0x03, 0xFC, 0xFE,
    0x00, 0x07, 0xFB, 0xF8, 0x00, 0x1F, 0xF0, 0xFE, 0x00, 0x01, 0xFC, 0x00,
    0x03, 0xF8, 0x00, 0x07, 0xF0, 0x00, 0x0F, 0xE0, 0x00, 0x1F, 0xC0, 0x00,
    0x3F, 0x80, 0x00, 0x7F, 0x00, 0x00, 0xFE, 0x00, 0x01, 0xFC, 0x00, 0x03,
    0xF8, 0x00, 0x07, 0xF0, 0x00, 0x0F, 0xE0, 0x00, 0x1F, 0xC0, 0x00, 0x3F,
    0x80, 0x00, 0x7F, 0x00, 0x00, 0xFE, 0x00, 0x01, 0xFC, 0x00, 0x03, 0xF8,
    0x00, 0x07, 0xF0, 0x00, 0x0F, 0xE0, 0x00, 0x1F, 0xC0, 0x00, 0x3F, 0x80,
    0x00, 0x7F, 0x00, 0x00, 0xFE, 0x00, 0x01, 0xFC, 0x00, 0x03, 0xF8, 0x00,
    0x07, 0xF0, 0x00, 0x0F, 0xFF, 0xFF, 0xFF, 0xFF, 0xFF, 0xFF, 0xFF, 0xFF,
    0xFF, 0xFF, 0xFF, 0xFF, 0xFF, 0xFF, 0xFF, 0xFF, 0xFC, 0xFF, 0xE0, 0x03,
    0xFF, 0xFF, 0xF0, 0x01, 0xFF, 0xFF, 0xF8, 0x00, 0xFF, 0xFF, 0xFC, 0x00,
    0x7F, 0xFF, 0xFE, 0x00, 0x7F, 0xFF, 0xFF, 0x80, 0x3F, 0xFF, 0xFF, 0xC0,
    0x1F, 0xFF, 0xFF, 0xE0, 0x0F, 0xFF, 0xFF, 0xF0, 0x07, 0xFF, 0xFF, 0xFC,
    0x07, 0xFF, 0xFF, 0xBE, 0x03, 0xEF, 0xFF, 0xDF, 0x01, 0xF7, 0xFF, 0xEF,
    0x80, 0xFB, 0xFF, 0xF7, 0xC0, 0xFD, 0xFF, 0xFB, 0xF0, 0x7C, 0xFF, 0xFC,
    0xF8, 0x3E, 0x7F, 0xFE, 0x7C, 0x1F, 0x3F, 0xFF, 0x3E, 0x0F, 0x9F, 0xFF,
    0x9F, 0x8F, 0x8F, 0xFF, 0xC7, 0xC7, 0xC7, 0xFF, 0xE3, 0xE3, 0xE3, 0xFF,
    0xF1, 0xF1, 0xF1, 0xFF, 0xF8, 0xFC, 0xF8, 0xFF, 0xFC, 0x3E, 0xF8, 0x7F,
    0xFE, 0x1F, 0x7C, 0x3F, 0xFF, 0x0F, 0xBE, 0x1F, 0xFF, 0x87, 0xDF, 0x0F,
    0xFF, 0xC3, 0xFF, 0x07, 0xFF, 0xE0, 0xFF, 0x83, 0xFF, 0xF0, 0x7F, 0xC1,
    0xFF, 0xF8, 0x3F, 0xE0, 0xFF, 0xFC, 0x1F, 0xF0, 0x7F, 0xFE, 0x07, 0xF0,
    0x3F, 0xFF, 0x03, 0xF8, 0x1F, 0xC0, 0xFE, 0x00, 0x07, 0xFF, 0xF0, 0x00,
    0x7F, 0xFF, 0x80, 0x07, 0xFF, 0xF8, 0x00, 0x7F, 0xFF, 0xC0, 0x07, 0xFF,
    0xFC, 0x00, 0x7F, 0xFF, 0xE0, 0x07, 0xFF, 0xFF, 0x00, 0x7F, 0xFF, 0xF0,
    0x07, 0xFF, 0xFF, 0x80, 0x7F, 0xFF, 0xF8, 0x07, 0xFF, 0xEF, 0xC0, 0x7F,
    0xFE, 0xFE, 0x07, 0xFF, 0xE7, 0xE0, 0x7F, 0xFE, 0x7F, 0x07, 0xFF, 0xE3,
    0xF0, 0x7F, 0xFE, 0x1F, 0x87, 0xFF, 0xE1, 0xFC, 0x7F, 0xFE, 0x0F, 0xC7,
    0xFF, 0xE0, 0xFE, 0x7F, 0xFE, 0x07, 0xE7, 0xFF, 0xE0, 0x3F, 0x7F, 0xFE,
    0x03, 0xFF, 0xFF, 0xE0, 0x1F, 0xFF, 0xFE, 0x01, 0xFF, 0xFF, 0xE0, 0x0F,
    0xFF, 0xFE, 0x00, 0x7F, 0xFF, 0xE0, 0x07, 0xFF, 0xFE, 0x00, 0x3F, 0xFF,
    0xE0, 0x03, 0xFF, 0xFE, 0x00, 0x1F, 0xFF, 0xE0, 0x00, 0xFF, 0xFE, 0x00,
    0x0F, 0xFF, 0xE0, 0x00, 0x7F, 0x00, 0x0F, 0xF8, 0x00, 0x00, 0x3F, 0xFF,
    0x80, 0x00, 0x7F, 0xFF, 0xF0, 0x00, 0x7F, 0xFF, 0xFC, 0x00, 0x7F, 0xFF,
    0xFF, 0x00, 0x7F, 0xFF, 0xFF, 0xC0, 0x7F, 0xE0, 0x3F, 0xF0, 0x3F, 0xC0,
    0x0F, 0xF8, 0x3F, 0xC0, 0x01, 0xFE, 0x1F, 0xC0, 0x00, 0x7F, 0x1F, 0xE0,
    0x00, 0x3F, 0xCF, 0xE0, 0x00, 0x0F, 0xE7, 0xF0, 0x00, 0x07, 0xF7, 0xF8,
    0x00, 0x03, 0xFF, 0xF8, 0x00, 0x00, 0xFF, 0xFC, 0x00, 0x00, 0x7F, 0xFE,
    0x00, 0x00, 0x3F, 0xFF, 0x00, 0x00, 0x1F, 0xFF, 0x80, 0x00, 0x0F, 0xFF,
    0xC0, 0x00, 0x07, 0xFF, 0xE0, 0x00, 0x03, 0xFF, 0xF0, 0x00, 0x01, 0xFF,
    0xFC, 0x00, 0x01, 0xFE, 0xFE, 0x00, 0x00, 0xFE, 0x7F, 0x00, 0x00, 0x7F,
    0x3F, 0xC0, 0x00, 0x7F, 0x8F, 0xE0, 0x00, 0x3F, 0x87, 0xF8, 0x00, 0x3F,
    0xC1, 0xFE, 0x00, 0x3F, 0xC0, 0xFF, 0xC0, 0x7F, 0xE0, 0x3F, 0xFF, 0xFF,
    0xE0, 0x0F, 0xFF, 0xFF, 0xE0, 0x03, 0xFF, 0xFF, 0xE0, 0x00, 0xFF, 0xFF,
    0xE0, 0x00, 0x1F, 0xFF, 0xC0, 0x00, 0x01, 0xFF, 0x00, 0x00, 0xFF, 0xFF,
    0xE0, 0x3F, 0xFF, 0xFF, 0x0F, 0xFF, 0xFF, 0xE3, 0xFF, 0xFF, 0xFC, 0xFF,
    0xFF, 0xFF, 0xBF, 0xFF, 0xFF, 0xEF, 0xE0, 0x0F, 0xFB, 0xF8, 0x00, 0xFF,
    0xFE, 0x00, 0x1F, 0xFF, 0x80, 0x07, 0xFF, 0xE0, 0x01, 0xFF, 0xF8, 0x00,
    0x7F, 0xFE, 0x00, 0x1F, 0xFF, 0x80, 0x07, 0xFF, 0xE0, 0x03, 0xFF, 0xF8,
    0x03, 0xFE, 0xFF, 0xFF, 0xFF, 0xBF, 0xFF, 0xFF, 0xCF, 0xFF, 0xFF, 0xF3,
    0xFF, 0xFF, 0xF8, 0xFF, 0xFF, 0xF8, 0x3F, 0xFF, 0xF8, 0x0F, 0xE0, 0x00,
    0x03, 0xF8, 0x00, 0x00, 0xFE, 0x00, 0x00, 0x3F, 0x80, 0x00, 0x0F, 0xE0,
    0x00, 0x03, 0xF8, 0x00, 0x00, 0xFE, 0x00, 0x00, 0x3F, 0x80, 0x00, 0x0F,
    0xE0, 0x00, 0x03, 0xF8, 0x00, 0x00, 0xFE, 0x00, 0x00, 0x3F, 0x80, 0x00,
    0x00, 0x00, 0x0F, 0xF8, 0x00, 0x00, 0x3F, 0xFF, 0x80, 0x00, 0x7F, 0xFF,
    0xF0, 0x00, 0x7F, 0xFF, 0xFC, 0x00, 0x7F, 0xFF, 0xFF, 0x00, 0x7F, 0xFF,
    0xFF, 0xC0, 0x7F, 0xE0, 0x3F, 0xF0, 0x3F, 0xC0, 0x07, 0xF8, 0x3F, 0xC0,
    0x01, 0xFE, 0x1F, 0xC0, 0x00, 0x7F, 0x1F, 0xE0, 0x00, 0x3F, 0xCF, 0xE0,
    0x00, 0x0F, 0xE7, 0xF0, 0x00, 0x07, 0xF7, 0xF8, 0x00, 0x03, 0xFF, 0xF8,
    0x00, 0x00, 0xFF, 0xFC, 0x00, 0x00, 0x7F, 0xFE, 0x00, 0x00, 0x3F, 0xFF,
    0x00, 0x00, 0x1F, 0xFF, 0x80, 0x00, 0x0F, 0xFF, 0xC0, 0x00, 0x07, 0xFF,
    0xE0, 0x00, 0x03, 0xFF, 0xF0, 0x00, 0x01, 0xFF, 0xFC, 0x00, 0x21, 0xFE,
    0xFE, 0x00, 0x38, 0xFE, 0x7F, 0x00, 0x3E, 0x7F, 0x3F, 0xC0, 0x3F, 0xFF,
    0x8F, 0xE0, 0x0F, 0xFF, 0x87, 0xF8, 0x03, 0xFF, 0xC1, 0xFE, 0x00, 0xFF,
    0xC0, 0xFF, 0xC0, 0x7F, 0xE0, 0x3F, 0xFF, 0xFF, 0xF0, 0x0F, 0xFF, 0xFF,
    0xFC, 0x03, 0xFF, 0xFF, 0xFF, 0x00, 0xFF, 0xFF, 0xFF, 0xC0, 0x1F, 0xFF,
    0xCF, 0xC0, 0x01, 0xFF, 0x03, 0xC0, 0x00, 0x00, 0x00, 0xC0, 0xFF, 0xFF,
    0xF8, 0x0F, 0xFF, 0xFF, 0xE0, 0xFF, 0xFF, 0xFF, 0x8F, 0xFF, 0xFF, 0xF8,
    0xFF, 0xFF, 0xFF, 0xCF, 0xFF, 0xFF, 0xFC, 0xFE, 0x00, 0x3F, 0xEF, 0xE0,
    0x01, 0xFE, 0xFE, 0x00, 0x0F, 0xEF, 0xE0, 0x00, 0xFE, 0xFE, 0x00, 0x0F,
    0xEF, 0xE0, 0x00, 0xFE, 0xFE, 0x00, 0x0F, 0xEF, 0xE0, 0x01, 0xFC, 0xFE,
    0x00, 0x3F, 0xCF, 0xFF, 0xFF, 0xF8, 0xFF, 0xFF, 0xFF, 0x0F, 0xFF, 0xFF,
    0xC0, 0xFF, 0xFF, 0xFE, 0x0F, 0xFF, 0xFF, 0xF0, 0xFF, 0xFF, 0xFF, 0x8F,
    0xE0, 0x07, 0xF8, 0xFE, 0x00, 0x1F, 0xCF, 0xE0, 0x01, 0xFC, 0xFE, 0x00,
    0x1F, 0xCF, 0xE0, 0x01, 0xFC, 0xFE, 0x00, 0x1F, 0xCF, 0xE0, 0x01, 0xFC,
    0xFE, 0x00, 0x1F, 0xCF, 0xE0, 0x01, 0xFC, 0xFE, 0x00, 0x1F, 0xCF, 0xE0,
    0x01, 0xFC, 0xFE, 0x00, 0x1F, 0xEF, 0xE0, 0x00, 0xFF, 0x00, 0xFF, 0xC0,
    0x00, 0x3F, 0xFF, 0x80, 0x0F, 0xFF, 0xFE, 0x01, 0xFF, 0xFF, 0xF0, 0x3F,
    0xFF, 0xFF, 0x87, 0xFF, 0xFF, 0xFC, 0x7F, 0xC0, 0xFF, 0xCF, 0xF0, 0x03,
    0xFE, 0xFE, 0x00, 0x1F, 0xEF, 0xE0, 0x00, 0xFE, 0xFE, 0x00, 0x0F, 0xEF,
    0xE0, 0x00, 0x00, 0xFF, 0x00, 0x00, 0x0F, 0xFC, 0x00, 0x00, 0x7F, 0xFC,
    0x00, 0x07, 0xFF, 0xFE, 0x00, 0x3F, 0xFF, 0xFC, 0x01, 0xFF, 0xFF, 0xF0,
    0x07, 0xFF, 0xFF, 0xC0, 0x0F, 0xFF, 0xFE, 0x00, 0x07, 0xFF, 0xE0, 0x00,
    0x07, 0xFF, 0x00, 0x00, 0x0F, 0xF0, 0x00, 0x00, 0xFF, 0x00, 0x00, 0x07,
    0xFF, 0xE0, 0x00, 0x7F, 0xFE, 0x00, 0x07, 0xFF, 0xE0, 0x00, 0xFF, 0xFF,
    0x00, 0x0F, 0xE7, 0xFC, 0x03, 0xFE, 0x7F, 0xFF, 0xFF, 0xC3, 0xFF, 0xFF,
    0xFC, 0x1F, 0xFF, 0xFF, 0x80, 0xFF, 0xFF, 0xF0, 0x03, 0xFF, 0xFC, 0x00,
    0x07, 0xFE, 0x00, 0xFF, 0xFF, 0xFF, 0xFF, 0xFF, 0xFF, 0xFF, 0xFF, 0xFF,
    0xFF, 0xFF, 0xFF, 0xFF, 0xFF, 0xFF, 0xFF, 0xFF, 0xFF, 0xFF, 0xFF, 0xC0,
    0x0F, 0xE0, 0x00, 0x01, 0xFC, 0x00, 0x00, 0x3F, 0x80, 0x00, 0x07, 0xF0,
    0x00, 0x00, 0xFE, 0x00, 0x00, 0x1F, 0xC0, 0x00, 0x03, 0xF8, 0x00, 0x00,
    0x7F, 0x00, 0x00, 0x0F, 0xE0, 0x00, 0x01, 0xFC, 0x00, 0x00, 0x3F, 0x80,
    0x00, 0x07, 0xF0, 0x00, 0x00, 0xFE, 0x00, 0x00, 0x1F, 0xC0, 0x00, 0x03,
    0xF8, 0x00, 0x00, 0x7F, 0x00, 0x00, 0x0F, 0xE0, 0x00, 0x01, 0xFC, 0x00,
    0x00, 0x3F, 0x80, 0x00, 0x07, 0xF0, 0x00, 0x00, 0xFE, 0x00, 0x00, 0x1F,
    0xC0, 0x00, 0x03, 0xF8, 0x00, 0x00, 0x7F, 0x00, 0x00, 0x0F, 0xE0, 0x00,
    0x01, 0xFC, 0x00, 0x00, 0x3F, 0x80, 0x00, 0x07, 0xF0, 0x00, 0xFE, 0x00,
    0x0F, 0xFF, 0xC0, 0x01, 0xFF, 0xF8, 0x00, 0x3F, 0xFF, 0x00, 0x07, 0xFF,
    0xE0, 0x00, 0xFF, 0xFC, 0x00, 0x1F, 0xFF, 0x80, 0x03, 0xFF, 0xF0, 0x00,
    0x7F, 0xFE, 0x00, 0x0F, 0xFF, 0xC0, 0x01, 0xFF, 0xF8, 0x00, 0x3F, 0xFF,
    0x00, 0x07, 0xFF, 0xE0, 0x00, 0xFF, 0xFC, 0x00, 0x1F, 0xFF, 0x80, 0x03,
    0xFF, 0xF0, 0x00, 0x7F, 0xFE, 0x00, 0x0F, 0xFF, 0xC0, 0x01, 0xFF, 0xF8,
    0x00, 0x3F, 0xFF, 0x00, 0x07, 0xFF, 0xE0, 0x00, 0xFF, 0xFC, 0x00, 0x1F,
    0xFF, 0x80, 0x03, 0xFF, 0xF0, 0x00, 0x7F, 0xFE, 0x00, 0x0F, 0xFF, 0xC0,
    0x01, 0xFF, 0xFC, 0x00, 0x7F, 0xBF, 0xC0, 0x1F, 0xE7, 0xFC, 0x07, 0xFC,
    0x7F, 0xFF, 0xFF, 0x0F, 0xFF, 0xFF, 0xE0, 0xFF, 0xFF, 0xF8, 0x0F, 0xFF,
    0xFE, 0x00, 0x7F, 0xFF, 0x00, 0x01, 0xFF, 0x00, 0x00, 0xFE, 0x00, 0x03,
    0xFF, 0xF0, 0x00, 0x1F, 0xDF, 0xC0, 0x01, 0xFC, 0xFE, 0x00, 0x0F, 0xE7,
    0xF0, 0x00, 0x7F, 0x1F, 0xC0, 0x03, 0xF0, 0xFE, 0x00, 0x3F, 0x87, 0xF0,
    0x01, 0xFC, 0x1F, 0xC0, 0x0F, 0xC0, 0xFE, 0x00, 0xFE, 0x03, 0xF0, 0x07,
    0xF0, 0x1F, 0x80, 0x3F, 0x00, 0xFE, 0x03, 0xF8, 0x03, 0xF0, 0x1F, 0xC0,
    0x1F, 0x80, 0xFC, 0x00, 0xFE, 0x07, 0xE0, 0x03, 0xF0, 0x7F, 0x00, 0x1F,
    0x83, 0xF0, 0x00, 0xFE, 0x1F, 0x80, 0x03, 0xF1, 0xF8, 0x00, 0x1F, 0x8F,
    0xC0, 0x00, 0xFC, 0x7E, 0x00, 0x03, 0xF3, 0xE0, 0x00, 0x1F, 0xBF, 0x00,
    0x00, 0xFD, 0xF8, 0x00, 0x03, 0xFF, 0x80, 0x00, 0x1F, 0xFC, 0x00, 0x00,
    0xFF, 0xE0, 0x00, 0x03, 0xFE, 0x00, 0x00, 0x1F, 0xF0, 0x00, 0x00, 0xFF,
    0x80, 0x00, 0x03, 0xF8, 0x00, 0x00, 0x1F, 0xC0, 0x00, 0x00, 0xFE, 0x00,
    0x00, 0xFF, 0x00, 0x3F, 0x80, 0x1F, 0xFF, 0xE0, 0x07, 0xF0, 0x03, 0xFD,
    0xFC, 0x01, 0xFF, 0x00, 0x7F, 0x3F, 0x80, 0x3F, 0xE0, 0x0F, 0xE7, 0xF0,
    0x07, 0xFC, 0x01, 0xFC, 0x7F, 0x00, 0xFF, 0x80, 0x7F, 0x8F, 0xE0, 0x1F,
    0xF0, 0x0F, 0xE1, 0xFC, 0x07, 0xFF, 0x01, 0xFC, 0x3F, 0x80, 0xFB, 0xE0,
    0x3F, 0x83, 0xF0, 0x1F, 0x7C, 0x07, 0xE0, 0x7F, 0x03, 0xEF, 0x81, 0xFC,
    0x0F, 0xE0, 0x7D, 0xF0, 0x3F, 0x80, 0xFC, 0x1F, 0x9F, 0x07, 0xF0, 0x1F,
    0x83, 0xE3, 0xE0, 0xFC, 0x03, 0xF0, 0x7C, 0x7C, 0x1F, 0x80, 0x7F, 0x0F,
    0x8F, 0x87, 0xF0, 0x07, 0xE1, 0xF0, 0xF8, 0xFC, 0x00, 0xFC, 0x7E, 0x1F,
    0x1F, 0x80, 0x1F, 0x8F, 0x83, 0xE3, 0xF0, 0x01, 0xF9, 0xF0, 0x7C, 0x7E,
    0x00, 0x3F, 0x3E, 0x0F, 0x9F, 0x80, 0x07, 0xE7, 0xC0, 0xFB, 0xF0, 0x00,
    0xFD, 0xF0, 0x1F, 0x7E, 0x00, 0x0F, 0xBE, 0x03, 0xEF, 0xC0, 0x01, 0xFF,
    0xC0, 0x7D, 0xF0, 0x00, 0x3F, 0xF8, 0x0F, 0xFE, 0x00, 0x03, 0xFF, 0x00,
    0xFF, 0xC0, 0x00, 0x7F, 0xC0, 0x1F, 0xF0, 0x00, 0x0F, 0xF8, 0x03, 0xFE,
    0x00, 0x01, 0xFF, 0x00, 0x7F, 0xC0, 0x00, 0x1F, 0xE0, 0x07, 0xF8, 0x00,
    0x03, 0xFC, 0x00, 0xFE, 0x00, 0x00, 0x7F, 0x00, 0x1F, 0xC0, 0x00, 0x07,
    0xE0, 0x03, 0xF8, 0x00, 0x7F, 0x80, 0x07, 0xF9, 0xFF, 0x00, 0x3F, 0xC3,
    0xFC, 0x00, 0xFF, 0x07, 0xF8, 0x07, 0xF8, 0x1F, 0xE0, 0x1F, 0xC0, 0x3F,
    0xC0, 0xFF, 0x00, 0xFF, 0x07, 0xF8, 0x01, 0xFE, 0x1F, 0xE0, 0x03, 0xF8,
    0xFF, 0x00, 0x0F, 0xF3, 0xF8, 0x00, 0x1F, 0xDF, 0xE0, 0x00, 0x3F, 0xFF,
    0x00, 0x00, 0xFF, 0xF8, 0x00, 0x01, 0xFF, 0xE0, 0x00, 0x07, 0xFF, 0x00,
    0x00, 0x0F, 0xF8, 0x00, 0x00, 0x1F, 0xE0, 0x00, 0x00, 0xFF, 0x80, 0x00,
    0x03, 0xFF, 0x00, 0x00, 0x1F, 0xFE, 0x00, 0x00, 0x7F, 0xF8, 0x00, 0x03,
    0xFF, 0xF0, 0x00, 0x1F, 0xFF, 0xC0, 0x00, 0x7F, 0x7F, 0x80, 0x03, 0xF8,
    0xFF, 0x00, 0x1F, 0xE1, 0xFC, 0x00, 0x7F, 0x07, 0xF8, 0x03, 0xFC, 0x0F,
    0xF0, 0x1F, 0xE0, 0x3F, 0xC0, 0x7F, 0x80, 0x7F, 0x83, 0xFC, 0x01, 0xFE,
    0x0F, 0xF0, 0x03, 0xFC, 0x7F, 0x80, 0x0F, 0xFB, 0xFE, 0x00, 0x1F, 0xE0,
    0xFF, 0x00, 0x07, 0xFF, 0xF8, 0x00, 0x7F, 0x9F, 0xE0, 0x03, 0xFC, 0xFF,
    0x00, 0x3F, 0xC3, 0xFC, 0x01, 0xFE, 0x0F, 0xE0, 0x0F, 0xE0, 0x7F, 0x80,
    0xFF, 0x01, 0xFC, 0x07, 0xF0, 0x0F, 0xE0, 0x7F, 0x80, 0x3F, 0x83, 0xF8,
    0x01, 0xFC, 0x3F, 0xC0, 0x07, 0xF1, 0xFC, 0x00, 0x3F, 0x8F, 0xE0, 0x00,
    0xFE, 0xFE, 0x00, 0x07, 0xF7, 0xF0, 0x00, 0x1F, 0xFF, 0x00, 0x00, 0xFF,
    0xF8, 0x00, 0x03, 0xFF, 0x80, 0x00, 0x1F, 0xF8, 0x00, 0x00, 0x7F, 0xC0,
    0x00, 0x01, 0xFC, 0x00, 0x00, 0x0F, 0xE0, 0x00, 0x00, 0x7F, 0x00, 0x00,
    0x03, 0xF8, 0x00, 0x00, 0x1F, 0xC0, 0x00, 0x00, 0xFE, 0x00, 0x00, 0x07,
    0xF0, 0x00, 0x00, 0x3F, 0x80, 0x00, 0x01, 0xFC, 0x00, 0x00, 0x0F, 0xE0,
    0x00, 0x00, 0x7F, 0x00, 0x00, 0x03, 0xF8, 0x00, 0x00, 0x1F, 0xC0, 0x00,
    0x00, 0xFE, 0x00, 0x00, 0xFF, 0xFF, 0xFF, 0xFF, 0xFF, 0xFF, 0xFF, 0xFF,
    0xFF, 0xFF, 0xFF, 0xFF, 0xFF, 0xFF, 0xFF, 0xFF, 0xFF, 0xFF, 0xFF, 0xF0,
    0x00, 0x03, 0xFC, 0x00, 0x01, 0xFE, 0x00, 0x00, 0xFF, 0x00, 0x00, 0x7F,
    0x80, 0x00, 0x3F, 0xE0, 0x00, 0x0F, 0xF0, 0x00, 0x07, 0xF8, 0x00, 0x03,
    0xFC, 0x00, 0x01, 0xFE, 0x00, 0x00, 0xFF, 0x80, 0x00, 0x3F, 0xC0, 0x00,
    0x1F, 0xE0, 0x00, 0x0F, 0xF0, 0x00, 0x07, 0xF8, 0x00, 0x03, 0xFE, 0x00,
    0x00, 0xFF, 0x00, 0x00, 0x7F, 0x80, 0x00, 0x3F, 0xC0, 0x00, 0x1F, 0xE0,
    0x00, 0x0F, 0xF8, 0x00, 0x03, 0xFC, 0x00, 0x01, 0xFE, 0x00, 0x00, 0xFF,
    0xFF, 0xFF, 0xFF, 0xFF, 0xFF, 0xFF, 0xFF, 0xFF, 0xFF, 0xFF, 0xFF, 0xFF,
    0xFF, 0xFF, 0xFF, 0xFF, 0xFF, 0xFF, 0xF0, 0xFF, 0xFF, 0xFF, 0xFF, 0xFF,
    0xFF, 0xFF, 0xFC, 0x3F, 0x87, 0xF0, 0xFE, 0x1F, 0xC3, 0xF8, 0x7F, 0x0F,
    0xE1, 0xFC, 0x3F, 0x87, 0xF0, 0xFE, 0x1F, 0xC3, 0xF8, 0x7F, 0x0F, 0xE1,
    0xFC, 0x3F, 0x87, 0xF0, 0xFE, 0x1F, 0xC3, 0xF8, 0x7F, 0x0F, 0xE1, 0xFC,
    0x3F, 0x87, 0xF0, 0xFE, 0x1F, 0xC3, 0xF8, 0x7F, 0x0F, 0xE1, 0xFC, 0x3F,
    0xFF, 0xFF, 0xFF, 0xFF, 0xFF, 0xFF, 0x80, 0xE0, 0x03, 0xC0, 0x07, 0x00,
    0x1C, 0x00, 0x78, 0x00, 0xE0, 0x03, 0x80, 0x0F, 0x00, 0x1C, 0x00, 0x70,
    0x01, 0xE0, 0x03, 0x80, 0x0E, 0x00, 0x38, 0x00, 0x70, 0x01, 0xC0, 0x07,
    0x00, 0x0E, 0x00, 0x38, 0x00, 0xE0, 0x01, 0xC0, 0x07, 0x00, 0x1C, 0x00,
    0x78, 0x00, 0xE0, 0x03, 0x80, 0x0F, 0x00, 0x1C, 0x00, 0x70, 0x01, 0xE0,
    0x03, 0x80, 0x0E, 0x00, 0x3C, 0x00, 0x70, 0xFF, 0xFF, 0xFF, 0xFF, 0xFF,
    0xFF, 0xFE, 0x1F, 0xC3, 0xF8, 0x7F, 0x0F, 0xE1, 0xFC, 0x3F, 0x87, 0xF0,
    0xFE, 0x1F, 0xC3, 0xF8, 0x7F, 0x0F, 0xE1, 0xFC, 0x3F, 0x87, 0xF0, 0xFE,
    0x1F, 0xC3, 0xF8, 0x7F, 0x0F, 0xE1, 0xFC, 0x3F, 0x87, 0xF0, 0xFE, 0x1F,
    0xC3, 0xF8, 0x7F, 0x0F, 0xE1, 0xFC, 0x3F, 0x87, 0xF0, 0xFE, 0x1F, 0xFF,
    0xFF, 0xFF, 0xFF, 0xFF, 0xFF, 0xFF, 0x80, 0x00, 0xFC, 0x00, 0x07, 0xF0,
    0x00, 0x1F, 0xC0, 0x00, 0xFF, 0x80, 0x03, 0xFE, 0x00, 0x0F, 0xFC, 0x00,
    0x7D, 0xF0, 0x01, 0xF7, 0xC0, 0x0F, 0xDF, 0x80, 0x3E, 0x3E, 0x00, 0xF8,
    0xFC, 0x07, 0xE1, 0xF0, 0x1F, 0x07, 0xC0, 0xFC, 0x1F, 0x83, 0xE0, 0x3E,
    0x0F, 0x80, 0xFC, 0x7E, 0x01, 0xF1, 0xF0, 0x07, 0xC7, 0xC0, 0x1F, 0xBE,
    0x00, 0x3E, 0xFF, 0xFF, 0xFF, 0xFF, 0xFF, 0xFF, 0xFF, 0xFF, 0xFF, 0xFF,
    0xFF, 0xFF, 0xFF, 0xFF, 0xFC, 0x3E, 0x0F, 0x83, 0xC0, 0xF0, 0x38, 0x1E,
    0x01, 0xFF, 0x00, 0x0F, 0xFF, 0xE0, 0x1F, 0xFF, 0xF0, 0x3F, 0xFF, 0xF8,
    0x7F, 0xFF, 0xF8, 0x7F, 0xFF, 0xFC, 0x7F, 0x03, 0xFC, 0x7F, 0x01, 0xFC,
    0x00, 0x01, 0xFC, 0x00, 0x03, 0xFC, 0x00, 0x0F, 0xFC, 0x03, 0xFF, 0xFC,
    0x1F, 0xFF, 0xFC, 0x3F, 0xFD, 0xFC, 0x7F, 0xC1, 0xFC, 0xFF, 0x01, 0xFC,
    0xFE, 0x01, 0xFC, 0xFE, 0x03, 0xFC, 0xFE, 0x03, 0xFC, 0xFF, 0x07, 0xFC,
    0xFF, 0xFF, 0xFC, 0x7F, 0xFF, 0xFC, 0x7F, 0xFF, 0xFC, 0x3F, 0xFD, 0xFE,
    0x1F, 0xF8, 0xFF, 0x07, 0xE0, 0x00, 0xFE, 0x00, 0x00, 0x7F, 0x00, 0x00,
    0x3F, 0x80, 0x00, 0x1F, 0xC0, 0x00, 0x0F, 0xE0, 0x00, 0x07, 0xF0, 0x00,
    0x03, 0xF8, 0x00, 0x01, 0xFC, 0x00, 0x00, 0xFE, 0x00, 0x00, 0x7F, 0x0F,
    0xC0, 0x3F, 0x9F, 0xF8, 0x1F, 0xDF, 0xFF, 0x0F, 0xFF, 0xFF, 0xC7, 0xFF,
    0xFF, 0xE3, 0xFF, 0xFF, 0xF9, 0xFF, 0x83, 0xFE, 0xFF, 0x80, 0xFF, 0x7F,
    0x80, 0x3F, 0xBF, 0xC0, 0x1F, 0xFF, 0xC0, 0x07, 0xFF, 0xE0, 0x03, 0xFF,
    0xF0, 0x01, 0xFF, 0xF8, 0x00, 0xFF, 0xFC, 0x00, 0x7F, 0xFE, 0x00, 0x3F,
    0xFF, 0x80, 0x3F, 0xFF, 0xC0, 0x1F, 0xDF, 0xF0, 0x1F, 0xEF, 0xFC, 0x1F,
    0xF7, 0xFF, 0xFF, 0xF3, 0xFF, 0xFF, 0xF1, 0xFF, 0xFF, 0xF8, 0xFE, 0xFF,
    0xF8, 0x7F, 0x3F, 0xF0, 0x00, 0x07, 0xE0, 0x00, 0x00, 0xFF, 0x00, 0x07,
    0xFF, 0xC0, 0x3F, 0xFF, 0xC0, 0xFF, 0xFF, 0xC3, 0xFF, 0xFF, 0xC7, 0xFF,
    0xFF, 0x9F, 0xF0, 0x7F, 0xBF, 0xC0, 0x7F, 0x7F, 0x00, 0x7F, 0xFC, 0x00,
    0x03, 0xF8, 0x00, 0x07, 0xF0, 0x00, 0x0F, 0xE0, 0x00, 0x1F, 0xC0, 0x00,
    0x3F, 0x80, 0x00, 0x7F, 0x00, 0x00, 0xFF, 0x00, 0x01, 0xFE, 0x00, 0xFD,
    0xFE, 0x03, 0xFB, 0xFE, 0x0F, 0xF3, 0xFF, 0xFF, 0xC7, 0xFF, 0xFF, 0x87,
    0xFF, 0xFE, 0x07, 0xFF, 0xF8, 0x03, 0xFF, 0xE0, 0x01, 0xFE, 0x00, 0x00,
    0x00, 0x3F, 0x80, 0x00, 0x1F, 0xC0, 0x00, 0x0F, 0xE0, 0x00, 0x07, 0xF0,
    0x00, 0x03, 0xF8, 0x00, 0x01, 0xFC, 0x00, 0x00, 0xFE, 0x00, 0x00, 0x7F,
    0x00, 0x00, 0x3F, 0x80, 0x7E, 0x1F, 0xC0, 0xFF, 0xCF, 0xE1, 0xFF, 0xF7,
    0xF1, 0xFF, 0xFF, 0xF8, 0xFF, 0xFF, 0xFC, 0xFF, 0xFF, 0xFE, 0xFF, 0x83,
    0xFF, 0x7F, 0x80, 0xFF, 0xBF, 0x80, 0x3F, 0xFF, 0xC0, 0x1F, 0xFF, 0xC0,
    0x07, 0xFF, 0xE0, 0x03, 0xFF, 0xF0, 0x01, 0xFF, 0xF8, 0x00, 0xFF, 0xFC,
    0x00, 0x7F, 0xFE, 0x00, 0x3F, 0xFF, 0x80, 0x3F, 0xDF, 0xC0, 0x1F, 0xEF,
    0xF0, 0x1F, 0xF7, 0xFC, 0x1F, 0xF9, 0xFF, 0xFF, 0xFC, 0xFF, 0xFF, 0xFE,
    0x3F, 0xFF, 0xFF, 0x0F, 0xFF, 0xBF, 0x81, 0xFF, 0x9F, 0xC0, 0x3F, 0x00,
    0x00, 0x00, 0xFE, 0x00, 0x03, 0xFF, 0x80, 0x0F, 0xFF, 0xE0, 0x1F, 0xFF,
    0xF0, 0x3F, 0xFF, 0xF8, 0x3F, 0xC3, 0xF8, 0x7F, 0x80, 0xFC, 0x7F, 0x00,
    0xFC, 0x7F, 0x00, 0x7C, 0xFE, 0x00, 0x7E, 0xFE, 0x00, 0x7E, 0xFF, 0xFF,
    0xFE, 0xFF, 0xFF, 0xFE, 0xFF, 0xFF, 0xFE, 0xFF, 0xFF, 0xFE, 0xFE, 0x00,
    0x00, 0xFE, 0x00, 0x00, 0xFE, 0x00, 0x00, 0x7F, 0x00, 0x7F, 0x7F, 0x00,
    0xFE, 0x3F, 0xC1, 0xFE, 0x3F, 0xFF, 0xFC, 0x1F, 0xFF, 0xF8, 0x0F, 0xFF,
    0xF0, 0x03, 0xFF, 0xC0, 0x00, 0xFF, 0x00, 0x01, 0xFC, 0x1F, 0xF0, 0xFF,
    0xC3, 0xFF, 0x1F, 0xFC, 0x7F, 0x81, 0xFC, 0x07, 0xF0, 0x1F, 0xC0, 0x7F,
    0x0F, 0xFF, 0xBF, 0xFE, 0xFF, 0xFB, 0xFF, 0xE1, 0xFC, 0x07, 0xF0, 0x1F,
    0xC0, 0x7F, 0x01, 0xFC, 0x07, 0xF0, 0x1F, 0xC0, 0x7F, 0x01, 0xFC, 0x07,
    0xF0, 0x1F, 0xC0, 0x7F, 0x01, 0xFC, 0x07, 0xF0, 0x1F, 0xC0, 0x7F, 0x01,
    0xFC, 0x07, 0xF0, 0x1F, 0xC0, 0x7F, 0x00, 0x00, 0xF8, 0x7F, 0x07, 0xFE,
    0x7F, 0x0F, 0xFF, 0x7F, 0x1F, 0xFF, 0x7F, 0x3F, 0xFF, 0xFF, 0x3F, 0xFF,
    0xFF, 0x7F, 0xC3, 0xFF, 0x7F, 0x81, 0xFF, 0x7F, 0x00, 0xFF, 0xFF, 0x00,
    0xFF, 0xFE, 0x00, 0x7F, 0xFE, 0x00, 0x7F, 0xFE, 0x00, 0x7F, 0xFE, 0x00,
    0x7F, 0xFE, 0x00, 0x7F, 0xFE, 0x00, 0x7F, 0xFF, 0x00, 0xFF, 0xFF, 0x00,
    0xFF, 0x7F, 0x81, 0xFF, 0x7F, 0xC3, 0xFF, 0x3F, 0xFF, 0xFF, 0x3F, 0xFF,
    0xFF, 0x1F, 0xFF, 0xFF, 0x0F, 0xFF, 0x7F, 0x07, 0xFE, 0x7F, 0x01, 0xF8,
    0x7F, 0x00, 0x00, 0x7F, 0x00, 0x00, 0x7F, 0x00, 0x00, 0x7F, 0x7F, 0x00,
    0xFF, 0x7F, 0x01, 0xFE, 0x7F, 0xC3, 0xFE, 0x3F, 0xFF, 0xFC, 0x1F, 0xFF,
    0xF8, 0x0F, 0xFF, 0xE0, 0x01, 0xFF, 0x00, 0xFE, 0x00, 0x01, 0xFC, 0x00,
    0x03, 0xF8, 0x00, 0x07, 0xF0, 0x00, 0x0F, 0xE0, 0x00, 0x1F, 0xC0, 0x00,
    0x3F, 0x80, 0x00, 0x7F, 0x00, 0x00, 0xFE, 0x00, 0x01, 0xFC, 0x3F, 0x83,
    0xF8, 0xFF, 0xC7, 0xF7, 0xFF, 0xCF, 0xEF, 0xFF, 0xDF, 0xFF, 0xFF, 0xBF,
    0xFF, 0xFF, 0xFF, 0xE1, 0xFF, 0xFF, 0x01, 0xFF, 0xFE, 0x01, 0xFF, 0xF8,
    0x03, 0xFF, 0xF0, 0x07, 0xFF, 0xE0, 0x0F, 0xFF, 0xC0, 0x1F, 0xFF, 0x80,
    0x3F, 0xFF, 0x00, 0x7F, 0xFE, 0x00, 0xFF, 0xFC, 0x01, 0xFF, 0xF8, 0x03,
    0xFF, 0xF0, 0x07, 0xFF, 0xE0, 0x0F, 0xFF, 0xC0, 0x1F, 0xFF, 0x80, 0x3F,
    0xFF, 0x00, 0x7F, 0xFE, 0x00, 0xFF, 0xFC, 0x01, 0xFC, 0xFF, 0xFF, 0xFF,
    0xFF, 0xFF, 0xC0, 0x00, 0x01, 0xFF, 0xFF, 0xFF, 0xFF, 0xFF, 0xFF, 0xFF,
    0xFF, 0xFF, 0xFF, 0xFF, 0xFF, 0xFF, 0xFF, 0xFF, 0xFF, 0xFF, 0xFF, 0xFF,
    0xFF, 0xFF, 0xFC, 0x1F, 0xC7, 0xF1, 0xFC, 0x7F, 0x1F, 0xC7, 0xF0, 0x00,
    0x00, 0x00, 0x07, 0xF1, 0xFC, 0x7F, 0x1F, 0xC7, 0xF1, 0xFC, 0x7F, 0x1F,
    0xC7, 0xF1, 0xFC, 0x7F, 0x1F, 0xC7, 0xF1, 0xFC, 0x7F, 0x1F, 0xC7, 0xF1,
    0xFC, 0x7F, 0x1F, 0xC7, 0xF1, 0xFC, 0x7F, 0x1F, 0xC7, 0xF1, 0xFC, 0x7F,
    0x1F, 0xC7, 0xF1, 0xFF, 0xFF, 0xFF, 0xFF, 0xFF, 0xFB, 0xFE, 0xFE, 0x00,
    0xFE, 0x00, 0x01, 0xFC, 0x00, 0x03, 0xF8, 0x00, 0x07, 0xF0, 0x00, 0x0F,
    0xE0, 0x00, 0x1F, 0xC0, 0x00, 0x3F, 0x80, 0x00, 0x7F, 0x00, 0x00, 0xFE,
    0x00, 0x01, 0xFC, 0x03, 0xFB, 0xF8, 0x0F, 0xE7, 0xF0, 0x3F, 0xCF, 0xE0,
    0xFF, 0x1F, 0xC3, 0xFC, 0x3F, 0x87, 0xF0, 0x7F, 0x1F, 0xC0, 0xFE, 0x7F,
    0x01, 0xFD, 0xFC, 0x03, 0xFF, 0xF0, 0x07, 0xFF, 0xF0, 0x0F, 0xFF, 0xE0,
    0x1F, 0xFF, 0xE0, 0x3F, 0xFF, 0xE0, 0x7F, 0xDF, 0xC0, 0xFF, 0x3F, 0xC1,
    0xFC, 0x3F, 0x83, 0xF8, 0x3F, 0x87, 0xF0, 0x7F, 0x8F, 0xE0, 0x7F, 0x1F,
    0xC0, 0xFF, 0x3F, 0x80, 0xFE, 0x7F, 0x01, 0xFE, 0xFE, 0x01, 0xFF, 0xFC,
    0x03, 0xFC, 0xFF, 0xFF, 0xFF, 0xFF, 0xFF, 0xFF, 0xFF, 0xFF, 0xFF, 0xFF,
    0xFF, 0xFF, 0xFF, 0xFF, 0xFF, 0xFF, 0xFF, 0xFF, 0xFF, 0xFF, 0xFF, 0xFF,
    0xFF, 0xFF, 0xFF, 0xFF, 0xFF, 0xFF, 0xFF, 0xFC, 0xFE, 0x1F, 0x80, 0x7E,
    0x0F, 0xE7, 0xFE, 0x1F, 0xF8, 0xFE, 0xFF, 0xF3, 0xFF, 0xCF, 0xFF, 0xFF,
    0xFF, 0xFE, 0xFF, 0xFF, 0xFF, 0xFF, 0xEF, 0xFF, 0xFF, 0xFF, 0xFF, 0xFF,
    0x83, 0xFF, 0x0F, 0xFF, 0xF0, 0x1F, 0xE0, 0x7F, 0xFE, 0x01, 0xFC, 0x07,
    0xFF, 0xE0, 0x1F, 0xC0, 0x7F, 0xFE, 0x01, 0xFC, 0x07, 0xFF, 0xE0, 0x1F,
    0xC0, 0x7F, 0xFE, 0x01, 0xFC, 0x07, 0xFF, 0xE0, 0x1F, 0xC0, 0x7F, 0xFE,
    0x01, 0xFC, 0x07, 0xFF, 0xE0, 0x1F, 0xC0, 0x7F, 0xFE, 0x01, 0xFC, 0x07,
    0xFF, 0xE0, 0x1F, 0xC0, 0x7F, 0xFE, 0x01, 0xFC, 0x07, 0xFF, 0xE0, 0x1F,
    0xC0, 0x7F, 0xFE, 0x01, 0xFC, 0x07, 0xFF, 0xE0, 0x1F, 0xC0, 0x7F, 0xFE,
    0x01, 0xFC, 0x07, 0xFF, 0xE0, 0x1F, 0xC0, 0x7F, 0xFE, 0x01, 0xFC, 0x07,
    0xF0, 0xFE, 0x1F, 0xC1, 0xFC, 0xFF, 0xE3, 0xFB, 0xFF, 0xE7, 0xFF, 0xFF,
    0xEF, 0xFF, 0xFF, 0xDF, 0xFF, 0xFF, 0xFF, 0xF0, 0xFF, 0xFF, 0x80, 0xFF,
    0xFE, 0x00, 0xFF, 0xFC, 0x01, 0xFF, 0xF8, 0x03, 0xFF, 0xF0, 0x07, 0xFF,
    0xE0, 0x0F, 0xFF, 0xC0, 0x1F, 0xFF, 0x80, 0x3F, 0xFF, 0x00, 0x7F, 0xFE,
    0x00, 0xFF, 0xFC, 0x01, 0xFF, 0xF8, 0x03, 0xFF, 0xF0, 0x07, 0xFF, 0xE0,
    0x0F, 0xFF, 0xC0, 0x1F, 0xFF, 0x80, 0x3F, 0xFF, 0x00, 0x7F, 0xFE, 0x00,
    0xFE, 0x00, 0x7F, 0x80, 0x01, 0xFF, 0xF0, 0x01, 0xFF, 0xFE, 0x01, 0xFF,
    0xFF, 0x81, 0xFF, 0xFF, 0xE1, 0xFF, 0xFF, 0xF1, 0xFF, 0x07, 0xFC, 0xFF,
    0x01, 0xFE, 0x7F, 0x00, 0x7F, 0x7F, 0x80, 0x3F, 0xFF, 0x80, 0x0F, 0xFF,
    0xC0, 0x07, 0xFF, 0xE0, 0x03, 0xFF, 0xF0, 0x01, 0xFF, 0xF8, 0x00, 0xFF,
    0xFC, 0x00, 0x7F, 0xFF, 0x00, 0x7F, 0xBF, 0x80, 0x3F, 0x9F, 0xE0, 0x3F,
    0xCF, 0xF8, 0x3F, 0xE3, 0xFF, 0xFF, 0xE0, 0xFF, 0xFF, 0xF0, 0x3F, 0xFF,
    0xF0, 0x0F, 0xFF, 0xF0, 0x03, 0xFF, 0xE0, 0x00, 0x3F, 0x80, 0x00, 0xFE,
    0x1F, 0x80, 0x7F, 0x3F, 0xF0, 0x3F, 0xBF, 0xFE, 0x1F, 0xDF, 0xFF, 0x8F,
    0xFF, 0xFF, 0xC7, 0xFF, 0xFF, 0xF3, 0xFF, 0x07, 0xFD, 0xFF, 0x01, 0xFE,
    0xFF, 0x00, 0x7F, 0x7F, 0x80, 0x3F, 0xFF, 0x80, 0x0F, 0xFF, 0xC0, 0x07,
    0xFF, 0xE0, 0x03, 0xFF, 0xF0, 0x01, 0xFF, 0xF8, 0x00, 0xFF, 0xFC, 0x00,
    0x7F, 0xFF, 0x00, 0x7F, 0xFF, 0x80, 0x3F, 0xBF, 0xE0, 0x3F, 0xDF, 0xF8,
    0x3F, 0xCF, 0xFF, 0xFF, 0xE7, 0xFF, 0xFF, 0xE3, 0xFB, 0xFF, 0xE1, 0xFD,
    0xFF, 0xE0, 0xFE, 0x7F, 0xE0, 0x7F, 0x0F, 0xC0, 0x3F, 0x80, 0x00, 0x1F,
    0xC0, 0x00, 0x0F, 0xE0, 0x00, 0x07, 0xF0, 0x00, 0x03, 0xF8, 0x00, 0x01,
    0xFC, 0x00, 0x00, 0xFE, 0x00, 0x00, 0x7F, 0x00, 0x00, 0x3F, 0x80, 0x00,
    0x1F, 0xC0, 0x00, 0x00, 0x00, 0xFC, 0x3F, 0x81, 0xFF, 0x9F, 0xC3, 0xFF,
    0xEF, 0xE1, 0xFF, 0xF7, 0xF1, 0xFF, 0xFF, 0xF9, 0xFF, 0xFF, 0xFD, 0xFF,
    0x07, 0xFE, 0xFF, 0x01, 0xFF, 0x7F, 0x00, 0x7F, 0xFF, 0x80, 0x3F, 0xFF,
    0x80, 0x0F, 0xFF, 0xC0, 0x07, 0xFF, 0xE0, 0x03, 0xFF, 0xF0, 0x01, 0xFF,
    0xF8, 0x00, 0xFF, 0xFC, 0x00, 0x7F, 0xFF, 0x00, 0x7F, 0xBF, 0x80, 0x3F,
    0xDF, 0xE0, 0x3F, 0xEF, 0xF8, 0x3F, 0xF3, 0xFF, 0xFF, 0xF8, 0xFF, 0xFF,
    0xFC, 0x7F, 0xFE, 0xFE, 0x1F, 0xFF, 0x7F, 0x03, 0xFF, 0x3F, 0x80, 0x7E,
    0x1F, 0xC0, 0x00, 0x0F, 0xE0, 0x00, 0x07, 0xF0, 0x00, 0x03, 0xF8, 0x00,
    0x01, 0xFC, 0x00, 0x00, 0xFE, 0x00, 0x00, 0x7F, 0x00, 0x00, 0x3F, 0x80,
    0x00, 0x1F, 0xC0, 0x00, 0x0F, 0xE0, 0x00, 0x07, 0xF0, 0xFE, 0x1F, 0xFC,
    0x7F, 0xF9, 0xFF, 0xF7, 0xFF, 0xFF, 0xFF, 0xFF, 0xFF, 0xF0, 0x7F, 0x80,
    0xFF, 0x01, 0xFC, 0x03, 0xF8, 0x07, 0xF0, 0x0F, 0xE0, 0x1F, 0xC0, 0x3F,
    0x80, 0x7F, 0x00, 0xFE, 0x01, 0xFC, 0x03, 0xF8, 0x07, 0xF0, 0x0F, 0xE0,
    0x1F, 0xC0, 0x3F, 0x80, 0x7F, 0x00, 0xFE, 0x00, 0x00, 0xFF, 0x00, 0x07,
    0xFF, 0xE0, 0x0F, 0xFF, 0xF8, 0x1F, 0xFF, 0xFC, 0x3F, 0xFF, 0xFC, 0x7F,
    0x81, 0xFE, 0x7F, 0x00, 0xFE, 0x7F, 0x00, 0xFE, 0x7F, 0xC0, 0x00, 0x7F,
    0xFC, 0x00, 0x7F, 0xFF, 0x80, 0x3F, 0xFF, 0xF0, 0x1F, 0xFF, 0xFC, 0x07,
    0xFF, 0xFE, 0x00, 0x7F, 0xFE, 0x00, 0x0F, 0xFF, 0x00, 0x01, 0xFF, 0x00,
    0x00, 0x7F, 0xFE, 0x00, 0x7F, 0x7F, 0x00, 0x7F, 0x7F, 0x81, 0xFE, 0x7F,
    0xFF, 0xFE, 0x3F, 0xFF, 0xFC, 0x1F, 0xFF, 0xF8, 0x0F, 0xFF, 0xF0, 0x01,
    0xFF, 0x80, 0x3F, 0x83, 0xF8, 0x3F, 0x83, 0xF8, 0x3F, 0x83, 0xF8, 0x3F,
    0x8F, 0xFF, 0xFF, 0xFF, 0xFF, 0xFF, 0xF3, 0xF8, 0x3F, 0x83, 0xF8, 0x3F,
    0x83, 0xF8, 0x3F, 0x83, 0xF8, 0x3F, 0x83, 0xF8, 0x3F, 0x83, 0xF8, 0x3F,
    0x83, 0xF8, 0x3F, 0x83, 0xF8, 0x3F, 0x83, 0xFF, 0x3F, 0xF1, 0xFF, 0x0F,
    0xF0, 0x7F, 0xFE, 0x00, 0xFF, 0xFC, 0x01, 0xFF, 0xF8, 0x03, 0xFF, 0xF0,
    0x07, 0xFF, 0xE0, 0x0F, 0xFF, 0xC0, 0x1F, 0xFF, 0x80, 0x3F, 0xFF, 0x00,
    0x7F, 0xFE, 0x00, 0xFF, 0xFC, 0x01, 0xFF, 0xF8, 0x03, 0xFF, 0xF0, 0x07,
    0xFF, 0xE0, 0x0F, 0xFF, 0xC0, 0x1F, 0xFF, 0x80, 0x3F, 0xFF, 0x00, 0x7F,
    0xFE, 0x00, 0xFF, 0xFC, 0x03, 0xFF, 0xFC, 0x07, 0xFF, 0xFC, 0x3F, 0xFF,
    0xFF, 0xFF, 0xEF, 0xFF, 0xFF, 0xDF, 0xFF, 0xBF, 0x9F, 0xFF, 0x7F, 0x1F,
    0xF8, 0xFE, 0x0F, 0xE0, 0x00, 0x7F, 0x00, 0x3F, 0xBF, 0x80, 0x1F, 0x9F,
    0xC0, 0x1F, 0xC7, 0xE0, 0x0F, 0xE3, 0xF8, 0x07, 0xE1, 0xFC, 0x07, 0xF0,
    0x7E, 0x03, 0xF8, 0x3F, 0x81, 0xF8, 0x1F, 0xC0, 0xFC, 0x07, 0xE0, 0xFE,
    0x03, 0xF8, 0x7E, 0x00, 0xFC, 0x3F, 0x00, 0x7E, 0x1F, 0x80, 0x3F, 0x1F,
    0x80, 0x0F, 0xCF, 0xC0, 0x07, 0xE7, 0xE0, 0x03, 0xF7, 0xE0, 0x00, 0xFF,
    0xF0, 0x00, 0x7F, 0xF8, 0x00, 0x3F, 0xF8, 0x00, 0x0F, 0xFC, 0x00, 0x07,
    0xFE, 0x00, 0x03, 0xFE, 0x00, 0x00, 0xFF, 0x00, 0x00, 0x7F, 0x00, 0x00,
    0xFC, 0x03, 0xF8, 0x0F, 0xFF, 0xC0, 0x7F, 0x01, 0xFF, 0xF8, 0x0F, 0xE0,
    0x3F, 0x3F, 0x03, 0xFE, 0x07, 0xE7, 0xE0, 0x7F, 0xC1, 0xFC, 0xFE, 0x0F,
    0xF8, 0x3F, 0x9F, 0xC1, 0xFF, 0x07, 0xE1, 0xF8, 0x3D, 0xE0, 0xFC, 0x3F,
    0x0F, 0xBE, 0x3F, 0x87, 0xF1, 0xF7, 0xC7, 0xE0, 0x7E, 0x3E, 0xF8, 0xFC,
    0x0F, 0xC7, 0xDF, 0x1F, 0x81, 0xF9, 0xF1, 0xE3, 0xF0, 0x3F, 0xBE, 0x3E,
    0xFC, 0x03, 0xF7, 0xC7, 0xDF, 0x80, 0x7E, 0xF8, 0xFB, 0xF0, 0x0F, 0xDE,
    0x1F, 0x7C, 0x00, 0xFF, 0xC1, 0xFF, 0x80, 0x1F, 0xF8, 0x3F, 0xF0, 0x03,
    0xFF, 0x07, 0xFE, 0x00, 0x7F, 0xC0, 0xFF, 0x80, 0x07, 0xF8, 0x1F, 0xF0,
    0x00, 0xFF, 0x01, 0xFE, 0x00, 0x1F, 0xE0, 0x3F, 0x80, 0x01, 0xFC, 0x07,
    0xF0, 0x00, 0xFF, 0x00, 0xFF, 0x7F, 0x81, 0xFE, 0x3F, 0x81, 0xFC, 0x3F,
    0xC3, 0xFC, 0x1F, 0xC3, 0xF8, 0x0F, 0xE7, 0xF0, 0x0F, 0xEF, 0xF0, 0x07,
    0xFF, 0xE0, 0x03, 0xFF, 0xC0, 0x03, 0xFF, 0xC0, 0x01, 0xFF, 0x80, 0x00,
    0xFF, 0x00, 0x00, 0xFF, 0x00, 0x01, 0xFF, 0x00, 0x01, 0xFF, 0x80, 0x03,
    0xFF, 0xC0, 0x07, 0xFF, 0xC0, 0x07, 0xFF, 0xE0, 0x0F, 0xE7, 0xF0, 0x1F,
    0xE7, 0xF0, 0x1F, 0xC3, 0xF8, 0x3F, 0xC3, 0xFC, 0x7F, 0x81, 0xFC, 0x7F,
    0x01, 0xFE, 0xFF, 0x00, 0xFF, 0x7F, 0x00, 0x3F, 0xBF, 0x80, 0x1F, 0xDF,
    0xC0, 0x0F, 0xC7, 0xF0, 0x07, 0xE3, 0xF8, 0x07, 0xF1, 0xFC, 0x03, 0xF0,
    0x7F, 0x01, 0xF8, 0x3F, 0x81, 0xFC, 0x0F, 0xC0, 0xFC, 0x07, 0xF0, 0x7E,
    0x03, 0xF8, 0x3F, 0x00, 0xFC, 0x3F, 0x00, 0x7E, 0x1F, 0x80, 0x3F, 0x8F,
    0xC0, 0x0F, 0xCF, 0xC0, 0x07, 0xE7, 0xE0, 0x03, 0xFB, 0xF0, 0x00, 0xFD,
    0xF0, 0x00, 0x7F, 0xF8, 0x00, 0x3F, 0xFC, 0x00, 0x0F, 0xFC, 0x00, 0x07,
    0xFE, 0x00, 0x03, 0xFF, 0x00, 0x00, 0xFF, 0x00, 0x00, 0x7F, 0x80, 0x00,
    0x1F, 0xC0, 0x00, 0x0F, 0xC0, 0x00, 0x07, 0xE0, 0x00, 0x03, 0xF0, 0x00,
    0x03, 0xF0, 0x00, 0x03, 0xF8, 0x00, 0x1F, 0xF8, 0x00, 0x0F, 0xFC, 0x00,
    0x07, 0xFC, 0x00, 0x03, 0xFC, 0x00, 0x01, 0xF8, 0x00, 0x00, 0x7F, 0xFF,
    0xFB, 0xFF, 0xFF, 0xDF, 0xFF, 0xFE, 0xFF, 0xFF, 0xF7, 0xFF, 0xFF, 0xBF,
    0xFF, 0xFC, 0x00, 0x3F, 0xE0, 0x03, 0xFE, 0x00, 0x1F, 0xE0, 0x01, 0xFE,
    0x00, 0x1F, 0xE0, 0x01, 0xFE, 0x00, 0x1F, 0xE0, 0x01, 0xFE, 0x00, 0x1F,
    0xE0, 0x01, 0xFE, 0x00, 0x1F, 0xE0, 0x01, 0xFE, 0x00, 0x1F, 0xE0, 0x01,
    0xFF, 0xFF, 0xFF, 0xFF, 0xFF, 0xFF, 0xFF, 0xFF, 0xFF, 0xFF, 0xFF, 0xFF,
    0xFF, 0xFF, 0xFF, 0xF8, 0x01, 0xF8, 0x1F, 0xC1, 0xFE, 0x0F, 0xF0, 0xFF,
    0x87, 0xE0, 0x3E, 0x01, 0xF0, 0x0F, 0x80, 0x7C, 0x03, 0xE0, 0x1F, 0x00,
    0xF8, 0x07, 0xC0, 0x3E, 0x01, 0xF0, 0x0F, 0x80, 0x7C, 0x03, 0xE0, 0x3F,
    0x0F, 0xF0, 0x7F, 0x03, 0xF8, 0x1F, 0xE0, 0x1F, 0x80, 0x7C, 0x03, 0xE0,
    0x1F, 0x00, 0xF8, 0x07, 0xC0, 0x3E, 0x01, 0xF0, 0x0F, 0x80, 0x7C, 0x03,
    0xE0, 0x1F, 0x00, 0xF8, 0x07, 0xE0, 0x3F, 0xE0, 0xFF, 0x07, 0xF8, 0x1F,
    0xC0, 0x7E, 0xFF, 0xFF, 0xFF, 0xFF, 0xFF, 0xFF, 0xFF, 0xFF, 0xFF, 0xFF,
    0xFF, 0xFF, 0xFF, 0xFF, 0xFF, 0xFF, 0xFF, 0xFF, 0xFF, 0xFF, 0xFF, 0xFF,
    0xFC, 0x07, 0xF0, 0x3F, 0xC1, 0xFE, 0x0F, 0xF8, 0x0F, 0xC0, 0x3E, 0x01,
    0xF0, 0x0F, 0x80, 0x7C, 0x03, 0xE0, 0x1F, 0x00, 0xF8, 0x07, 0xC0, 0x3E,
    0x01, 0xF0, 0x0F, 0x80, 0x7C, 0x03, 0xE0, 0x1F, 0x80, 0x7F, 0x81, 0xFC,
    0x0F, 0xE0, 0xFF, 0x0F, 0xC0, 0x7C, 0x03, 0xE0, 0x1F, 0x00, 0xF8, 0x07,
    0xC0, 0x3E, 0x01, 0xF0, 0x0F, 0x80, 0x7C, 0x03, 0xE0, 0x1F, 0x00, 0xF8,
    0x0F, 0xC3, 0xFE, 0x1F, 0xE0, 0xFF, 0x07, 0xF0, 0x3F, 0x00, 0x1F, 0x00,
    0x03, 0xFE, 0x00, 0x1F, 0xF8, 0x0F, 0xFF, 0xF0, 0xFF, 0x0F, 0xFF, 0xF0,
    0x1F, 0xF8, 0x00, 0x7F, 0x80, 0x00, 0xF8,
};

const GFXglyph kLatinGlyphs[] PROGMEM = {
    {      0,   0,   0,  13,    0,    1 },  // U+0020
    {      0,   7,  34,  16,    5,  -33 },  // U+0021 '!'
    {     30,  18,  12,  22,    2,  -33 },  // U+0022 '"'
    {     57,  26,  33,  26,    0,  -31 },  // U+0023 '#'
    {    165,  25,  40,  26,    1,  -34 },  // U+0024 '$'
    {    290,  39,  34,  42,    1,  -32 },  // U+0025 '%'
    {    456,  30,  35,  34,    3,  -33 },  // U+0026 '&'
    {    588,   7,  12,  12,    3,  -33 },  // U+0027 '''
    {    599,  13,  44,  16,    2,  -33 },  // U+0028 '('
    {    671,  13,  44,  16,    1,  -33 },  // U+0029 ')'
    {    743,  15,  15,  18,    1,  -33 },  // U+002A '*'
    {    772,  23,  22,  27,    2,  -21 },  // U+002B '+'
    {    836,   7,  15,  12,    2,   -6 },  // U+002C ','
    {    850,  13,   6,  16,    1,  -15 },  // U+002D '-'
    {    860,   7,   7,  12,    2,   -6 },  // U+002E '.'
    {    867,  13,  34,  13,    0,  -32 },  // U+002F '/'
    {    923,  24,  35,  26,    1,  -33 },  // U+0030 '0'
    {   1028,  14,  33,  26,    4,  -32 },  // U+0031 '1'
    {   1086,  23,  34,  26,    2,  -33 },  // U+0032 '2'
    {   1184,  23,  35,  26,    2,  -33 },  // U+0033 '3'
    {   1285,  22,  33,  26,    2,  -32 },  // U+0034 '4'
    {   1376,  23,  34,  26,    2,  -32 },  // U+0035 '5'
    {   1474,  23,  35,  26,    2,  -33 },  // U+0036 '6'
    {   1575,  23,  33,  26,    1,  -32 },  // U+0037 '7'
    {   1670,  24,  35,  26,    1,  -33 },  // U+0038 '8'
    {   1775,  24,  35,  26,    1,  -33 },  // U+0039 '9'
    {   1880,   7,  25,  12,    2,  -24 },  // U+003A ':'
    {   1902,   7,  33,  12,    2,  -24 },  // U+003B ';'
    {   1931,  23,  23,  27,    2,  -22 },  // U+003C '<'
    {   1998,  23,  18,  27,    2,  -19 },  // U+003D '='
    {   2050,  23,  23,  27,    2,  -22 },  // U+003E '>'
    {   2117,  24,  35,  29,    3,  -34 },  // U+003F '?'
    {   2222,  43,  41,  46,    1,  -34 },  // U+0040 '@'
    {   2443,  32,  34,  33,    0,  -33 },  // U+0041 'A'
    {   2579,  27,  34,  33,    4,  -33 },  // U+0042 'B'
    {   2694,  30,  36,  34,    2,  -34 },  // U+0043 'C'
    {   2829,  28,  34,  34,    4,  -33 },  // U+0044 'D'
    {   2948,  25,  34,  31,    4,  -33 },  // U+0045 'E'
    {   3055,  24,  34,  30,    4,  -33 },  // U+0046 'F'
    {   3157,  31,  36,  36,    2,  -34 },  // U+0047 'G'
    {   3297,  27,  34,  35,    4,  -33 },  // U+0048 'H'
    {   3412,   7,  34,  15,    4,  -33 },  // U+0049 'I'
    {   3442,  22,  35,  27,    1,  -33 },  // U+004A 'J'
    {   3539,  30,  34,  34,    4,  -33 },  // U+004B 'K'
    {   3667,  23,  34,  29,    4,  -33 },  // U+004C 'L'
    {   3765,  33,  34,  41,    4,  -33 },  // U+004D 'M'
    {   3906,  28,  34,  35,    4,  -33 },  // U+004E 'N'
    {   4025,  33,  36,  37,    2,  -34 },  // U+004F 'O'
    {   4174,  26,  34,  32,    4,  -33 },  // U+0050 'P'
    {   4285,  33,  37,  37,    2,  -34 },  // U+0051 'Q'
    {   4438,  28,  34,  34,    4,  -33 },  // U+0052 'R'
    {   4557,  28,  36,  32,    2,  -34 },  // U+0053 'S'
    {   4683,  27,  34,  30,    2,  -33 },  // U+0054 'T'
    {   4798,  27,  35,  35,    4,  -33 },  // U+0055 'U'
    {   4917,  29,  34,  31,    1,  -33 },  // U+0056 'V'
    {   5041,  43,  34,  45,    1,  -33 },  // U+0057 'W'
    {   5224,  30,  34,  32,    1,  -33 },  // U+0058 'X'
    {   5352,  29,  34,  30,    1,  -33 },  // U+0059 'Y'
    {   5476,  26,  34,  29,    1,  -33 },  // U+005A 'Z'
    {   5587,  11,  43,  16,    3,  -33 },  // U+005B '['
    {   5647,  14,  34,  13,   -1,  -32 },  // U+005C '\'
    {   5707,  11,  43,  16,    1,  -33 },  // U+005D ']'
    {   5767,  22,  20,  27,    3,  -32 },  // U+005E '^'
    {   5822,  28,   4,  26,   -1,    6 },  // U+005F '_'
    {   5836,   9,   7,  12,    1,  -35 },  // U+0060 '`'
    {   5844,  24,  26,  27,    2,  -24 },  // U+0061 'a'
    {   5922,  25,  35,  29,    3,  -33 },  // U+0062 'b'
    {   6032,  23,  26,  26,    2,  -24 },  // U+0063 'c'
    {   6107,  25,  35,  29,    2,  -33 },  // U+0064 'd'
    {   6217,  24,  26,  27,    2,  -24 },  // U+0065 'e'
    {   6295,  14,  34,  16,    1,  -33 },  // U+0066 'f'
    {   6355,  24,  36,  29,    2,  -24 },  // U+0067 'g'
    {   6463,  23,  34,  28,    3,  -33 },  // U+0068 'h'
    {   6561,   7,  34,  13,    3,  -33 },  // U+0069 'i'
    {   6591,  10,  45,  13,    0,  -33 },  // U+006A 'j'
    {   6648,  23,  34,  27,    3,  -33 },  // U+006B 'k'
    {   6746,   7,  34,  13,    3,  -33 },  // U+006C 'l'
    {   6776,  36,  25,  42,    3,  -24 },  // U+006D 'm'
    {   6889,  23,  25,  29,    3,  -24 },  // U+006E 'n'
    {   6961,  25,  26,  29,    2,  -24 },  // U+006F 'o'
    {   7043,  25,  36,  29,    3,  -24 },  // U+0070 'p'
    {   7156,  25,  36,  29,    2,  -24 },  // U+0071 'q'
    {   7269,  15,  25,  18,    3,  -24 },  // U+0072 'r'
    {   7316,  24,  26,  26,    1,  -24 },  // U+0073 's'
    {   7394,  12,  32,  16,    2,  -30 },  // U+0074 't'
    {   7442,  23,  26,  29,    3,  -24 },  // U+0075 'u'
    {   7517,  25,  25,  25,    0,  -24 },  // U+0076 'v'
    {   7596,  35,  25,  37,    1,  -24 },  // U+0077 'w'
    {   7706,  24,  25,  26,    1,  -24 },  // U+0078 'x'
    {   7781,  25,  36,  26,    0,  -24 },  // U+0079 'y'
    {   7894,  21,  25,  24,    1,  -24 },  // U+007A 'z'
    {   7960,  13,  43,  18,    2,  -33 },  // U+007B '{'
    {   8030,   4,  44,  13,    5,  -33 },  // U+007C '|'
    {   8052,  13,  43,  18,    3,  -33 },  // U+007D '}'
    {   8122,  21,   8,  23,    1,  -14 },  // U+007E '~'
};

const GFXfont kLatin PROGMEM = {
    (uint8_t*)kLatinBitmaps, (GFXglyph*)kLatinGlyphs,
    0x0020, 0x007E, 56
};

// U+00A0..U+00BB
const uint8_t kPunctuationBitmaps[] PROGMEM = {
    0x00, 0x00, 0x00, 0x40, 0x10, 0x30, 0x0C, 0x3C, 0x0F, 0x1F, 0x07, 0xCF,
    0xC3, 0xF7, 0xE1, 0xFB, 0xF0, 0xFC, 0xF8, 0x3E, 0x3C, 0x0F, 0x0F, 0x03,
    0xC3, 0xE0, 0xF8, 0xFC, 0x3F, 0x1F, 0x87, 0xE3, 0xF0, 0xFC, 0x7C, 0x1F,
    0x0F, 0x03, 0xC0, 0xC0, 0x30, 0x10, 0x04, 0x00, 0x00, 0x0F, 0xC0, 0x7F,
    0x83, 0xFF, 0x1E, 0x1E, 0xF0, 0x3F, 0x80, 0x7E, 0x01, 0xF8, 0x07, 0xE0,
    0x1F, 0xC0, 0xF7, 0x87, 0x8F, 0xFC, 0x1F, 0xE0, 0x3F, 0x00, 0x00, 0x00,
    0x20, 0x08, 0x0E, 0x03, 0x03, 0xC0, 0xE0, 0xF8, 0x3E, 0x3F, 0x0F, 0xC7,
    0xE1, 0xF8, 0xFC, 0x3F, 0x1F, 0x07, 0xC3, 0xC0, 0xF0, 0xF0, 0x3C, 0x7C,
    0x1F, 0x3F, 0x0F, 0xDF, 0x87, 0xEF, 0xC3, 0xF3, 0xE0, 0xF8, 0xF0, 0x38,
    0x38, 0x0C, 0x08, 0x02, 0x00, 0x00, 0x00,
};

const GFXglyph kPunctuationGlyphs[] PROGMEM = {
    {      0,   0,   0,  13,    0,    1 },  // U+00A0
    {      0,   0,   0,   0,    0,    0 },  // U+00A1 (absent)
    {      0,   0,   0,   0,    0,    0 },  // U+00A2 (absent)
    {      0,   0,   0,   0,    0,    0 },  // U+00A3 (absent)
    {      0,   0,   0,   0,    0,    0 },  // U+00A4 (absent)
    {      0,   0,   0,   0,    0,    0 },  // U+00A5 (absent)
    {      0,   0,   0,   0,    0,    0 },  // U+00A6 (absent)
    {      0,   0,   0,   0,    0,    0 },  // U+00A7 (absent)
    {      0,   0,   0,   0,    0,    0 },  // U+00A8 (absent)
    {      0,   0,   0,   0,    0,    0 },  // U+00A9 (absent)
    {      0,   0,   0,   0,    0,    0 },  // U+00AA (absent)
    {      0,  18,  20,  26,    4,  -22 },  // U+00AB
    {     45,   0,   0,   0,    0,    0 },  // U+00AC (absent)
    {     45,   0,   0,   0,    0,    0 },  // U+00AD (absent)
    {     45,   0,   0,   0,    0,    0 },  // U+00AE (absent)
    {     45,   0,   0,   0,    0,    0 },  // U+00AF (absent)
    {     45,  14,  14,  28,    7,  -31 },  // U+00B0
    {     70,   0,   0,   0,    0,    0 },  // U+00B1 (absent)
    {     70,   0,   0,   0,    0,    0 },  // U+00B2 (absent)
    {     70,   0,   0,   0,    0,    0 },  // U+00B3 (absent)
    {     70,   0,   0,   0,    0,    0 },  // U+00B4 (absent)
    {     70,   0,   0,   0,    0,    0 },  // U+00B5 (absent)
    {     70,   0,   0,   0,    0,    0 },  // U+00B6 (absent)
    {     70,   0,   0,   0,    0,    0 },  // U+00B7 (absent)
    {     70,   0,   0,   0,    0,    0 },  // U+00B8 (absent)
    {     70,   0,   0,   0,    0,    0 },  // U+00B9 (absent)
    {     70,   0,   0,   0,    0,    0 },  // U+00BA (absent)
    {     70,  18,  20,  26,    4,  -22 },  // U+00BB
};

const GFXfont kPunctuation PROGMEM = {
    (uint8_t*)kPunctuationBitmaps, (GFXglyph*)kPunctuationGlyphs,
    0x00A0, 0x00BB, 56
};

// U+0386..U+03CE
const uint8_t kGreekBitmaps[] PROGMEM = {
    0x07, 0xC0, 0x00, 0x00, 0x0F, 0xC0, 0x00, 0x00, 0x0F, 0x8F, 0xF8, 0x00,
    0x1F, 0x0F, 0xF8, 0x00, 0x1E, 0x0F, 0xF8, 0x00, 0x1C, 0x1F, 0xFC, 0x00,
    0x3C, 0x1F, 0xFC, 0x00, 0x00, 0x1F, 0xFC, 0x00, 0x00, 0x3F, 0xFE, 0x00,
    0x00, 0x3F, 0xFE, 0x00, 0x00, 0x3F, 0x7E, 0x00, 0x00, 0x7F, 0x7F, 0x00,
    0x00, 0x7F, 0x7F, 0x00, 0x00, 0x7E, 0x3F, 0x00, 0x00, 0xFE, 0x3F, 0x80,
    0x00, 0xFE, 0x3F, 0x80, 0x01, 0xFC, 0x1F, 0x80, 0x01, 0xFC, 0x1F, 0xC0,
    0x01, 0xF8, 0x1F, 0xC0, 0x03, 0xF8, 0x0F, 0xE0, 0x03, 0xF8, 0x0F, 0xE0,
    0x03, 0xF0, 0x0F, 0xE0, 0x07, 0xF0, 0x07, 0xF0, 0x07, 0xFF, 0xFF, 0xF0,
    0x07, 0xFF, 0xFF, 0xF0, 0x0F, 0xFF, 0xFF, 0xF8, 0x0F, 0xFF, 0xFF, 0xF8,
    0x1F, 0xFF, 0xFF, 0xF8, 0x1F, 0xFF, 0xFF, 0xFC, 0x1F, 0xC0, 0x01, 0xFC,
    0x3F, 0x80, 0x01, 0xFC, 0x3F, 0x80, 0x00, 0xFE, 0x3F, 0x80, 0x00, 0xFE,
    0x7F, 0x00, 0x00, 0xFE, 0x7F, 0x00, 0x00, 0x7F, 0x7F, 0x00, 0x00, 0x7F,
    0xFF, 0xFF, 0xFF, 0xFF, 0xFF, 0xFF, 0x80, 0x1F, 0x80, 0x00, 0x00, 0x03,
    0xE0, 0x00, 0x00, 0x00, 0xF8, 0xFF, 0xFF, 0xFF, 0x1E, 0x1F, 0xFF, 0xFF,
    0xE7, 0xC3, 0xFF, 0xFF, 0xFC, 0xF0, 0x7F, 0xFF, 0xFF, 0x9C, 0x0F, 0xFF,
    0xFF, 0xF0, 0x01, 0xFF, 0xFF, 0xFE, 0x00, 0x3F, 0x80, 0x00, 0x00, 0x07,
    0xF0, 0x00, 0x00, 0x00, 0xFE, 0x00, 0x00, 0x00, 0x1F, 0xC0, 0x00, 0x00,
    0x03, 0xF8, 0x00, 0x00, 0x00, 0x7F, 0x00, 0x00, 0x00, 0x0F, 0xE0, 0x00,
    0x00, 0x01, 0xFF, 0xFF, 0xFC, 0x00, 0x3F, 0xFF, 0xFF, 0x80, 0x07, 0xFF,
    0xFF, 0xF0, 0x00, 0xFF, 0xFF, 0xFE, 0x00, 0x1F, 0xFF, 0xFF, 0xC0, 0x03,
    0xFF, 0xFF, 0xF8, 0x00, 0x7F, 0x00, 0x00, 0x00, 0x0F, 0xE0, 0x00, 0x00,
    0x01, 0xFC, 0x00, 0x00, 0x00, 0x3F, 0x80, 0x00, 0x00, 0x07, 0xF0, 0x00,
    0x00, 0x00, 0xFE, 0x00, 0x00, 0x00, 0x1F, 0xC0, 0x00, 0x00, 0x03, 0xF8,
    0x00, 0x00, 0x00, 0x7F, 0x00, 0x00, 0x00, 0x0F, 0xFF, 0xFF, 0xF8, 0x01,
    0xFF, 0xFF, 0xFF, 0x00, 0x3F, 0xFF, 0xFF, 0xE0, 0x07, 0xFF, 0xFF, 0xFC,
    0x00, 0xFF, 0xFF, 0xFF, 0x80, 0x1F, 0xFF, 0xFF, 0xF0, 0x1F, 0x80, 0x00,
    0x00, 0x00, 0xF8, 0x00, 0x00, 0x00, 0x0F, 0x8F, 0xE0, 0x00, 0xFE, 0x78,
    0x7F, 0x00, 0x07, 0xF7, 0xC3, 0xF8, 0x00, 0x3F, 0xBC, 0x1F, 0xC0, 0x01,
    0xFD, 0xC0, 0xFE, 0x00, 0x0F, 0xE0, 0x07, 0xF0, 0x00, 0x7F, 0x00, 0x3F,
    0x80, 0x03, 0xF8, 0x01, 0xFC, 0x00, 0x1F, 0xC0, 0x0F, 0xE0, 0x00, 0xFE,
    0x00, 0x7F, 0x00, 0x07, 0xF0, 0x03, 0xF8, 0x00, 0x3F, 0x80, 0x1F, 0xC0,
    0x01, 0xFC, 0x00, 0xFE, 0x00, 0x0F, 0xE0, 0x07, 0xFF, 0xFF, 0xFF, 0x00,
    0x3F, 0xFF, 0xFF, 0xF8, 0x01, 0xFF, 0xFF, 0xFF, 0xC0, 0x0F, 0xFF, 0xFF,
    0xFE, 0x00, 0x7F, 0xFF, 0xFF, 0xF0, 0x03, 0xFF, 0xFF, 0xFF, 0x80, 0x1F,
    0xC0, 0x01, 0xFC, 0x00, 0xFE, 0x00, 0x0F, 0xE0, 0x07, 0xF0, 0x00, 0x7F,
    0x00, 0x3F, 0x80, 0x03, 0xF8, 0x01, 0xFC, 0x00, 0x1F, 0xC0, 0x0F, 0xE0,
    0x00, 0xFE, 0x00, 0x7F, 0x00, 0x07, 0xF0, 0x03, 0xF8, 0x00, 0x3F, 0x80,
    0x1F, 0xC0, 0x01, 0xFC, 0x00, 0xFE, 0x00, 0x0F, 0xE0, 0x07, 0xF0, 0x00,
    0x7F, 0x00, 0x3F, 0x80, 0x03, 0xF8, 0x01, 0xFC, 0x00, 0x1F, 0xC0, 0x0F,
    0xE0, 0x00, 0xFE, 0x00, 0x7F, 0x00, 0x07, 0xF0, 0x1F, 0x80, 0x0F, 0x80,
    0x0F, 0x8F, 0xE7, 0x87, 0xF7, 0xC3, 0xFB, 0xC1, 0xFD, 0xC0, 0xFE, 0x00,
    0x7F, 0x00, 0x3F, 0x80, 0x1F, 0xC0, 0x0F, 0xE0, 0x07, 0xF0, 0x03, 0xF8,
    0x01, 0xFC, 0x00, 0xFE, 0x00, 0x7F, 0x00, 0x3F, 0x80, 0x1F, 0xC0, 0x0F,
    0xE0, 0x07, 0xF0, 0x03, 0xF8, 0x01, 0xFC, 0x00, 0xFE, 0x00, 0x7F, 0x00,
    0x3F, 0x80, 0x1F, 0xC0, 0x0F, 0xE0, 0x07, 0xF0, 0x03, 0xF8, 0x01, 0xFC,
    0x00, 0xFE, 0x00, 0x7F, 0x00, 0x3F, 0x80, 0x1F, 0xC0, 0x0F, 0xE0, 0x07,
    0xF0, 0x1F, 0x80, 0x00, 0x00, 0x01, 0xF0, 0x1F, 0xF0, 0x00, 0x3E, 0x0F,
    0xFF, 0xE0, 0x03, 0xC3, 0xFF, 0xFF, 0x00, 0x7C, 0x7F, 0xFF, 0xFC, 0x07,
    0x8F, 0xFF, 0xFF, 0xE0, 0x71, 0xFF, 0xFF, 0xFF, 0x00, 0x3F, 0xF0, 0x3F,
    0xF0, 0x03, 0xFC, 0x00, 0xFF, 0x80, 0x7F, 0x80, 0x03, 0xFC, 0x0F, 0xF0,
    0x00, 0x3F, 0xC0, 0xFF, 0x00, 0x01, 0xFE, 0x0F, 0xE0, 0x00, 0x0F, 0xE1,
    0xFE, 0x00, 0x00, 0xFE, 0x1F, 0xC0, 0x00, 0x0F, 0xE1, 0xFC, 0x00, 0x00,
    0xFF, 0x1F, 0xC0, 0x00, 0x07, 0xF1, 0xFC, 0x00, 0x00, 0x7F, 0x1F, 0xC0,
    0x00, 0x07, 0xF1, 0xFC, 0x00, 0x00, 0x7F, 0x1F, 0xC0, 0x00, 0x07, 0xF1,
    0xFC, 0x00, 0x00, 0x7F, 0x1F, 0xC0, 0x00, 0x07, 0xF1, 0xFC, 0x00, 0x00,
    0xFE, 0x1F, 0xE0, 0x00, 0x0F, 0xE0, 0xFE, 0x00, 0x00, 0xFE, 0x0F, 0xF0,
    0x00, 0x1F, 0xE0, 0xFF, 0x00, 0x03, 0xFC, 0x07, 0xF8, 0x00, 0x3F, 0xC0,
    0x7F, 0xC0, 0x0F, 0xF8, 0x03, 0xFF, 0x03, 0xFF, 0x80, 0x1F, 0xFF, 0xFF,
    0xF0, 0x00, 0xFF, 0xFF, 0xFE, 0x00, 0x07, 0xFF, 0xFF, 0xC0, 0x00, 0x3F,
    0xFF, 0xF0, 0x00, 0x00, 0xFF, 0xFE, 0x00, 0x00, 0x01, 0xFF, 0x00, 0x00,
    0x1F, 0x80, 0x00, 0x00, 0x00, 0x00, 0xF8, 0x00, 0x00, 0x00, 0x00, 0x0F,
    0x8F, 0xF0, 0x00, 0x03, 0xFC, 0x78, 0x7F, 0xC0, 0x00, 0x1F, 0xE7, 0xC1,
    0xFE, 0x00, 0x01, 0xFE, 0x3C, 0x07, 0xF8, 0x00, 0x1F, 0xE1, 0xC0, 0x3F,
    0xE0, 0x00, 0xFE, 0x00, 0x00, 0xFF, 0x00, 0x0F, 0xF0, 0x00, 0x03, 0xFC,
    0x00, 0xFF, 0x00, 0x00, 0x0F, 0xF0, 0x0F, 0xF0, 0x00, 0x00, 0x7F, 0x80,
    0x7F, 0x80, 0x00, 0x01, 0xFE, 0x07, 0xF8, 0x00, 0x00, 0x07, 0xF8, 0x7F,
    0x80, 0x00, 0x00, 0x3F, 0xE3, 0xF8, 0x00, 0x00, 0x00, 0xFF, 0x3F, 0xC0,
    0x00, 0x00, 0x03, 0xFF, 0xFC, 0x00, 0x00, 0x00, 0x0F, 0xFF, 0xC0, 0x00,
    0x00, 0x00, 0x7F, 0xFC, 0x00, 0x00, 0x00, 0x01, 0xFF, 0xE0, 0x00, 0x00,
    0x00, 0x07, 0xFE, 0x00, 0x00, 0x00, 0x00, 0x3F, 0xE0, 0x00, 0x00, 0x00,
    0x00, 0xFE, 0x00, 0x00, 0x00, 0x00, 0x07, 0xF0, 0x00, 0x00, 0x00, 0x00,
    0x3F, 0x80, 0x00, 0x00, 0x00, 0x01, 0xFC, 0x00, 0x00, 0x00, 0x00, 0x0F,
    0xE0, 0x00, 0x00, 0x00, 0x00, 0x7F, 0x00, 0x00, 0x00, 0x00, 0x03, 0xF8,
    0x00, 0x00, 0x00, 0x00, 0x1F, 0xC0, 0x00, 0x00, 0x00, 0x00, 0xFE, 0x00,
    0x00, 0x00, 0x00, 0x07, 0xF0, 0x00, 0x00, 0x00, 0x00, 0x3F, 0x80, 0x00,
    0x00, 0x00, 0x01, 0xFC, 0x00, 0x00, 0x00, 0x00, 0x0F, 0xE0, 0x00, 0x00,
    0x00, 0x00, 0x7F, 0x00, 0x00, 0x00, 0x00, 0x03, 0xF8, 0x00, 0x00, 0x00,
    0x00, 0x7F, 0xC0, 0x00, 0x3F, 0x07, 0xFF, 0xF0, 0x00, 0x7C, 0x1F, 0xFF,
    0xF8, 0x01, 0xF0, 0xFF, 0xFF, 0xFC, 0x03, 0xE3, 0xFF, 0xFF, 0xFC, 0x0F,
    0x8F, 0xFF, 0xFF, 0xFC, 0x1E, 0x3F, 0xF0, 0x1F, 0xFC, 0x38, 0x7F, 0x80,
    0x0F, 0xF8, 0x01, 0xFE, 0x00, 0x0F, 0xF8, 0x03, 0xF8, 0x00, 0x0F, 0xF0,
    0x0F, 0xF0, 0x00, 0x0F, 0xF0, 0x1F, 0xC0, 0x00, 0x0F, 0xE0, 0x7F, 0x80,
    0x00, 0x1F, 0xC0, 0xFE, 0x00, 0x00, 0x3F, 0xC1, 0xFC, 0x00, 0x00, 0x3F,
    0x83, 0xF8, 0x00, 0x00, 0x7F, 0x07, 0xF0, 0x00, 0x00, 0xFE, 0x0F, 0xE0,
    0x00, 0x01, 0xFC, 0x1F, 0xC0, 0x00, 0x03, 0xF8, 0x3F, 0x80, 0x00, 0x07,
    0xF0, 0x7F, 0x00, 0x00, 0x0F, 0xE0, 0xFE, 0x00, 0x00, 0x3F, 0x80, 0xFE,
    0x00, 0x00, 0x7F, 0x01, 0xFC, 0x00, 0x01, 0xFE, 0x01, 0xFC, 0x00, 0x03,
    0xF8, 0x03, 0xF8, 0x00, 0x0F, 0xE0, 0x03, 0xF8, 0x00, 0x3F, 0xC0, 0x03,
    0xF8, 0x00, 0xFF, 0x00, 0x03, 0xFC, 0x07, 0xFC, 0x00, 0xFF, 0xFC, 0x3F,
    0xFF, 0xC1, 0xFF, 0xF8, 0x7F, 0xFF, 0x83, 0xFF, 0xF0, 0xFF, 0xFF, 0x07,
    0xFF, 0xE1, 0xFF, 0xFE, 0x0F, 0xFF, 0xC3, 0xFF, 0xFC, 0x1F, 0xFF, 0x87,
    0xFF, 0xF8, 0x03, 0xE0, 0x00, 0x3E, 0x00, 0x03, 0xC0, 0x0F, 0x3D, 0xE0,
    0xF3, 0xDE, 0x0F, 0x39, 0xE0, 0xF7, 0x9E, 0x0F, 0x79, 0xE0, 0x00, 0x00,
    0x00, 0x00, 0x00, 0x00, 0x00, 0x00, 0x1F, 0xC0, 0x01, 0xFC, 0x00, 0x1F,
    0xC0, 0x01, 0xFC, 0x00, 0x1F, 0xC0, 0x01, 0xFC, 0x00, 0x1F, 0xC0, 0x01,
    0xFC, 0x00, 0x1F, 0xC0, 0x01, 0xFC, 0x00, 0x1F, 0xC0, 0x01, 0xFC, 0x00,
    0x1F, 0xC0, 0x01, 0xFC, 0x00, 0x1F, 0xC0, 0x01, 0xFC, 0x00, 0x1F, 0xC0,
    0x01, 0xFC, 0x00, 0x1F, 0xC0, 0x01, 0xFC, 0xC0, 0x1F, 0xFC, 0x01, 0xFF,
    0xE0, 0x0F, 0xFE, 0x00, 0xFF, 0xF0, 0x07, 0xFF, 0x00, 0x1F, 0x80, 0x00,
    0x0F, 0xF8, 0x00, 0x00, 0x0F, 0xF8, 0x00, 0x00, 0x0F, 0xF8, 0x00, 0x00,
    0x1F, 0xFC, 0x00, 0x00, 0x1F, 0xFC, 0x00, 0x00, 0x1F, 0xFC, 0x00, 0x00,
    0x3F, 0xFE, 0x00, 0x00, 0x3F, 0xFE, 0x00, 0x00, 0x3F, 0x7E, 0x00, 0x00,
    0x7F, 0x7F, 0x00, 0x00, 0x7F, 0x7F, 0x00, 0x00, 0x7E, 0x3F, 0x00, 0x00,
    0xFE, 0x3F, 0x80, 0x00, 0xFE, 0x3F, 0x80, 0x01, 0xFC, 0x1F, 0x80, 0x01,
    0xFC, 0x1F, 0xC0, 0x01, 0xF8, 0x1F, 0xC0, 0x03, 0xF8, 0x0F, 0xE0, 0x03,
    0xF8, 0x0F, 0xE0, 0x03, 0xF0, 0x0F, 0xE0, 0x07, 0xF0, 0x07, 0xF0, 0x07,
    0xFF, 0xFF, 0xF0, 0x07, 0xFF, 0xFF, 0xF0, 0x0F, 0xFF, 0xFF, 0xF8, 0x0F,
    0xFF, 0xFF, 0xF8, 0x1F, 0xFF, 0xFF, 0xF8, 0x1F, 0xFF, 0xFF, 0xFC, 0x1F,
    0xC0, 0x01, 0xFC, 0x3F, 0x80, 0x01, 0xFC, 0x3F, 0x80, 0x00, 0xFE, 0x3F,
    0x80, 0x00, 0xFE, 0x7F, 0x00, 0x00, 0xFE, 0x7F, 0x00, 0x00, 0x7F, 0x7F,
    0x00, 0x00, 0x7F, 0xFF, 0xFF, 0xE0, 0x1F, 0xFF, 0xFF, 0x03, 0xFF, 0xFF,
    0xF8, 0x7F, 0xFF, 0xFF, 0x8F, 0xFF, 0xFF, 0xF1, 0xFF, 0xFF, 0xFF, 0x3F,
    0x80, 0x1F, 0xE7, 0xF0, 0x01, 0xFC, 0xFE, 0x00, 0x3F, 0xDF, 0xC0, 0x03,
    0xFB, 0xF8, 0x00, 0xFE, 0x7F, 0x00, 0x1F, 0xCF, 0xE0, 0x07, 0xF1, 0xFF,
    0xFF, 0xFC, 0x3F, 0xFF, 0xFF, 0x07, 0xFF, 0xFF, 0xC0, 0xFF, 0xFF, 0xFC,
    0x1F, 0xFF, 0xFF, 0xC3, 0xFF, 0xFF, 0xFC, 0x7F, 0x00, 0x3F, 0xCF, 0xE0,
    0x01, 0xFD, 0xFC, 0x00, 0x3F, 0xBF, 0x80, 0x07, 0xF7, 0xF0, 0x00, 0x7F,
    0xFE, 0x00, 0x1F, 0xFF, 0xC0, 0x03, 0xFB, 0xF8, 0x00, 0x7F, 0x7F, 0x00,
    0x3F, 0xEF, 0xFF, 0xFF, 0xF9, 0xFF, 0xFF, 0xFF, 0x3F, 0xFF, 0xFF, 0xC7,
    0xFF, 0xFF, 0xF0, 0xFF, 0xFF, 0xFC, 0x1F, 0xFF, 0xFC, 0x00, 0xFF, 0xFF,
    0xFF, 0xFF, 0xFF, 0xFF, 0xFF, 0xFF, 0xFF, 0xFF, 0xFF, 0xFF, 0xFF, 0xFF,
    0xFF, 0xFF, 0xFF, 0xFF, 0xFF, 0xF8, 0x00, 0x01, 0xFC, 0x00, 0x00, 0xFE,
    0x00, 0x00, 0x7F, 0x00, 0x00, 0x3F, 0x80, 0x00, 0x1F, 0xC0, 0x00, 0x0F,
    0xE0, 0x00, 0x07, 0xF0, 0x00, 0x03, 0xF8, 0x00, 0x01, 0xFC, 0x00, 0x00,
    0xFE, 0x00, 0x00, 0x7F, 0x00, 0x00, 0x3F, 0x80, 0x00, 0x1F, 0xC0, 0x00,
    0x0F, 0xE0, 0x00, 0x07, 0xF0, 0x00, 0x03, 0xF8, 0x00, 0x01, 0xFC, 0x00,
    0x00, 0xFE, 0x00, 0x00, 0x7F, 0x00, 0x00, 0x3F, 0x80, 0x00, 0x1F, 0xC0,
    0x00, 0x0F, 0xE0, 0x00, 0x07, 0xF0, 0x00, 0x03, 0xF8, 0x00, 0x01, 0xFC,
    0x00, 0x00, 0xFE, 0x00, 0x00, 0x7F, 0x00, 0x00, 0x00, 0x00, 0x07, 0xF8,
    0x00, 0x00, 0x00, 0xFF, 0x00, 0x00, 0x00, 0x1F, 0xF0, 0x00, 0x00, 0x07,
    0xFE, 0x00, 0x00, 0x00, 0xFF, 0xC0, 0x00, 0x00, 0x1F, 0xFC, 0x00, 0x00,
    0x07, 0xFF, 0x80, 0x00, 0x00, 0xFF, 0xF8, 0x00, 0x00, 0x3F, 0xFF, 0x00,
    0x00, 0x07, 0xF7, 0xE0, 0x00, 0x00, 0xFC, 0xFE, 0x00, 0x00, 0x3F, 0x9F,
    0xC0, 0x00, 0x07, 0xF1, 0xFC, 0x00, 0x01, 0xFC, 0x3F, 0x80, 0x00, 0x3F,
    0x83, 0xF0, 0x00, 0x07, 0xF0, 0x7F, 0x00, 0x01, 0xFC, 0x0F, 0xE0, 0x00,
    0x3F, 0x80, 0xFE, 0x00, 0x0F, 0xE0, 0x1F, 0xC0, 0x01, 0xFC, 0x03, 0xFC,
    0x00, 0x3F, 0x80, 0x3F, 0x80, 0x0F, 0xE0, 0x07, 0xF0, 0x01, 0xFC, 0x00,
    0x7F, 0x00, 0x3F, 0x80, 0x0F, 0xE0, 0x0F, 0xE0, 0x01, 0xFE, 0x01, 0xFC,
    0x00, 0x1F, 0xC0, 0x7F, 0x80, 0x03, 0xF8, 0x0F, 0xE0, 0x00, 0x3F, 0x81,
    0xFF, 0xFF, 0xFF, 0xF0, 0x7F, 0xFF, 0xFF, 0xFF, 0x0F, 0xFF, 0xFF, 0xFF,
    0xE3, 0xFF, 0xFF, 0xFF, 0xFC, 0x7F, 0xFF, 0xFF, 0xFF, 0xCF, 0xFF, 0xFF,
    0xFF, 0xF8, 0xFF, 0xFF, 0xFF, 0x7F, 0xFF, 0xFF, 0xBF, 0xFF, 0xFF, 0xDF,
    0xFF, 0xFF, 0xEF, 0xFF, 0xFF, 0xF7, 0xFF, 0xFF, 0xFB, 0xF8, 0x00, 0x01,
    0xFC, 0x00, 0x00, 0xFE, 0x00, 0x00, 0x7F, 0x00, 0x00, 0x3F, 0x80, 0x00,
    0x1F, 0xC0, 0x00, 0x0F, 0xE0, 0x00, 0x07, 0xFF, 0xFF, 0xF3, 0xFF, 0xFF,
    0xF9, 0xFF, 0xFF, 0xFC, 0xFF, 0xFF, 0xFE, 0x7F, 0xFF, 0xFF, 0x3F, 0xFF,
    0xFF, 0x9F, 0xC0, 0x00, 0x0F, 0xE0, 0x00, 0x07, 0xF0, 0x00, 0x03, 0xF8,
    0x00, 0x01, 0xFC, 0x00, 0x00, 0xFE, 0x00, 0x00, 0x7F, 0x00, 0x00, 0x3F,
    0x80, 0x00, 0x1F, 0xC0, 0x00, 0x0F, 0xFF, 0xFF, 0xFF, 0xFF, 0xFF, 0xFF,
    0xFF, 0xFF, 0xFF, 0xFF, 0xFF, 0xFF, 0xFF, 0xFF, 0xFF, 0xFF, 0xFF, 0xFF,
    0xC0, 0xFF, 0xFF, 0xFF, 0xFF, 0xFF, 0xFF, 0xFF, 0xFF, 0xFF, 0xFF, 0xFF,
    0xFF, 0xFF, 0xFF, 0xFF, 0xFF, 0xFF, 0xFF, 0xFF, 0xF0, 0x00, 0x03, 0xFC,
    0x00, 0x01, 0xFE, 0x00, 0x00, 0xFF, 0x00, 0x00, 0x7F, 0x80, 0x00, 0x3F,
    0xE0, 0x00, 0x0F, 0xF0, 0x00, 0x07, 0xF8, 0x00, 0x03, 0xFC, 0x00, 0x01,
    0xFE, 0x00, 0x00, 0xFF, 0x80, 0x00, 0x3F, 0xC0, 0x00, 0x1F, 0xE0, 0x00,
    0x0F, 0xF0, 0x00, 0x07, 0xF8, 0x00, 0x03, 0xFE, 0x00, 0x00, 0xFF, 0x00,
    0x00, 0x7F, 0x80, 0x00, 0x3F, 0xC0, 0x00, 0x1F, 0xE0, 0x00, 0x0F, 0xF8,
    0x00, 0x03, 0xFC, 0x00, 0x01, 0xFE, 0x00, 0x00, 0xFF, 0xFF, 0xFF, 0xFF,
    0xFF, 0xFF, 0xFF, 0xFF, 0xFF, 0xFF, 0xFF, 0xFF, 0xFF, 0xFF, 0xFF, 0xFF,
    0xFF, 0xFF, 0xFF, 0xF0, 0xFE, 0x00, 0x0F, 0xFF, 0xC0, 0x01, 0xFF, 0xF8,
    0x00, 0x3F, 0xFF, 0x00, 0x07, 0xFF, 0xE0, 0x00, 0xFF, 0xFC, 0x00, 0x1F,
    0xFF, 0x80, 0x03, 0xFF, 0xF0, 0x00, 0x7F, 0xFE, 0x00, 0x0F, 0xFF, 0xC0,
    0x01, 0xFF, 0xF8, 0x00, 0x3F, 0xFF, 0x00, 0x07, 0xFF, 0xE0, 0x00, 0xFF,
    0xFF, 0xFF, 0xFF, 0xFF, 0xFF, 0xFF, 0xFF, 0xFF, 0xFF, 0xFF, 0xFF, 0xFF,
    0xFF, 0xFF, 0xFF, 0xFF, 0xFF, 0xFF, 0xFF, 0xFF, 0xFF, 0x00, 0x07, 0xFF,
    0xE0, 0x00, 0xFF, 0xFC, 0x00, 0x1F, 0xFF, 0x80, 0x03, 0xFF, 0xF0, 0x00,
    0x7F, 0xFE, 0x00, 0x0F, 0xFF, 0xC0, 0x01, 0xFF, 0xF8, 0x00, 0x3F, 0xFF,
    0x00, 0x07, 0xFF, 0xE0, 0x00, 0xFF, 0xFC, 0x00, 0x1F, 0xFF, 0x80, 0x03,
    0xFF, 0xF0, 0x00, 0x7F, 0xFE, 0x00, 0x0F, 0xFF, 0xC0, 0x01, 0xFC, 0x00,
    0x0F, 0xFC, 0x00, 0x00, 0x1F, 0xFF, 0xE0, 0x00, 0x1F, 0xFF, 0xFE, 0x00,
    0x0F, 0xFF, 0xFF, 0xC0, 0x07, 0xFF, 0xFF, 0xF8, 0x03, 0xFF, 0xFF, 0xFF,
    0x01, 0xFF, 0x80, 0xFF, 0xE0, 0xFF, 0x80, 0x07, 0xFC, 0x3F, 0xC0, 0x00,
    0xFF, 0x1F, 0xE0, 0x00, 0x1F, 0xE7, 0xF0, 0x00, 0x03, 0xF9, 0xFC, 0x00,
    0x00, 0xFE, 0xFF, 0x00, 0x00, 0x3F, 0xFF, 0xBF, 0xFF, 0xF7, 0xFF, 0xEF,
    0xFF, 0xFD, 0xFF, 0xFB, 0xFF, 0xFF, 0x7F, 0xFE, 0xFF, 0xFF, 0xDF, 0xFF,
    0xBF, 0xFF, 0xF7, 0xFF, 0xEF, 0xFF, 0xFD, 0xFF, 0xF8, 0x00, 0x00, 0x7F,
    0xFE, 0x00, 0x00, 0x1F, 0xFF, 0xC0, 0x00, 0x0F, 0xE7, 0xF0, 0x00, 0x03,
    0xF9, 0xFE, 0x00, 0x01, 0xFE, 0x7F, 0x80, 0x00, 0x7F, 0x0F, 0xF0, 0x00,
    0x3F, 0xC3, 0xFE, 0x00, 0x3F, 0xE0, 0x7F, 0xF0, 0x3F, 0xF8, 0x0F, 0xFF,
    0xFF, 0xFC, 0x01, 0xFF, 0xFF, 0xFE, 0x00, 0x3F, 0xFF, 0xFF, 0x00, 0x07,
    0xFF, 0xFF, 0x00, 0x00, 0x7F, 0xFF, 0x00, 0x00, 0x03, 0xFE, 0x00, 0x00,
    0xFF, 0xFF, 0xFF, 0xFF, 0xFF, 0xFF, 0xFF, 0xFF, 0xFF, 0xFF, 0xFF, 0xFF,
    0xFF, 0xFF, 0xFF, 0xFF, 0xFF, 0xFF, 0xFF, 0xFF, 0xFF, 0xFF, 0xFF, 0xFF,
    0xFF, 0xFF, 0xFF, 0xFF, 0xFF, 0xFC, 0xFE, 0x00, 0x0F, 0xF3, 0xF8, 0x00,
    0x7F, 0x8F, 0xE0, 0x03, 0xFC, 0x3F, 0x80, 0x1F, 0xE0, 0xFE, 0x00, 0xFF,
    0x83, 0xF8, 0x07, 0xFC, 0x0F, 0xE0, 0x1F, 0xE0, 0x3F, 0x80, 0xFF, 0x00,
    0xFE, 0x07, 0xF8, 0x03, 0xF8, 0x3F, 0xC0, 0x0F, 0xE1, 0xFE, 0x00, 0x3F,
    0x8F, 0xF0, 0x00, 0xFE, 0x7F, 0x80, 0x03, 0xFB, 0xFC, 0x00, 0x0F, 0xFF,
    0xE0, 0x00, 0x3F, 0xFF, 0xC0, 0x00, 0xFF, 0xFF, 0x80, 0x03, 0xFF, 0xFE,
    0x00, 0x0F, 0xFF, 0xFC, 0x00, 0x3F, 0xF7, 0xF8, 0x00, 0xFF, 0x8F, 0xF0,
    0x03, 0xFC, 0x3F, 0xC0, 0x0F, 0xE0, 0x7F, 0x80, 0x3F, 0x80, 0xFF, 0x00,
    0xFE, 0x01, 0xFE, 0x03, 0xF8, 0x07, 0xFC, 0x0F, 0xE0, 0x0F, 0xF0, 0x3F,
    0x80, 0x1F, 0xE0, 0xFE, 0x00, 0x3F, 0xC3, 0xF8, 0x00, 0xFF, 0x8F, 0xE0,
    0x01, 0xFE, 0x3F, 0x80, 0x03, 0xFC, 0xFE, 0x00, 0x07, 0xFB, 0xF8, 0x00,
    0x1F, 0xF0, 0x00, 0x07, 0xF0, 0x00, 0x00, 0x03, 0xF8, 0x00, 0x00, 0x03,
    0xFC, 0x00, 0x00, 0x01, 0xFF, 0x00, 0x00, 0x00, 0xFF, 0x80, 0x00, 0x00,
    0xFF, 0xE0, 0x00, 0x00, 0x7F, 0xF0, 0x00, 0x00, 0x3F, 0xF8, 0x00, 0x00,
    0x3F, 0xFE, 0x00, 0x00, 0x1F, 0xBF, 0x00, 0x00, 0x1F, 0xDF, 0xC0, 0x00,
    0x0F, 0xCF, 0xE0, 0x00, 0x07, 0xE3, 0xF0, 0x00, 0x07, 0xF1, 0xFC, 0x00,
    0x03, 0xF0, 0x7E, 0x00, 0x03, 0xF8, 0x3F, 0x80, 0x01, 0xFC, 0x1F, 0xC0,
    0x00, 0xFC, 0x07, 0xE0, 0x00, 0xFE, 0x03, 0xF8, 0x00, 0x7F, 0x01, 0xFC,
    0x00, 0x3F, 0x00, 0x7F, 0x00, 0x3F, 0x80, 0x3F, 0x80, 0x1F, 0x80, 0x0F,
    0xC0, 0x1F, 0xC0, 0x07, 0xF0, 0x0F, 0xE0, 0x03, 0xF8, 0x07, 0xE0, 0x00,
    0xFE, 0x07, 0xF0, 0x00, 0x7F, 0x03, 0xF8, 0x00, 0x1F, 0x81, 0xF8, 0x00,
    0x0F, 0xE1, 0xFC, 0x00, 0x07, 0xF0, 0xFE, 0x00, 0x01, 0xFC, 0xFE, 0x00,
    0x00, 0xFE, 0x7F, 0x00, 0x00, 0x7F, 0x3F, 0x00, 0x00, 0x1F, 0xC0, 0xFF,
    0x80, 0x00, 0x3F, 0xFF, 0xF8, 0x00, 0x07, 0xFF, 0xFF, 0x00, 0x00, 0xFF,
    0xFF, 0xF0, 0x00, 0x3F, 0xFF, 0xFE, 0x00, 0x07, 0xFF, 0xFF, 0xC0, 0x00,
    0xFF, 0xFF, 0xFC, 0x00, 0x3F, 0xFF, 0xFF, 0x80, 0x07, 0xFF, 0xFF, 0xF0,
    0x00, 0xFF, 0xFF, 0xFF, 0x00, 0x3F, 0xFF, 0xFF, 0xE0, 0x07, 0xFF, 0xFF,
    0xFE, 0x01, 0xFF, 0xFF, 0xFF, 0xC0, 0x3F, 0xFF, 0xFF, 0xF8, 0x07, 0xFF,
    0xFF, 0xBF, 0x81, 0xFB, 0xFF, 0xF7, 0xF0, 0x3F, 0x7F, 0xFE, 0xFE, 0x07,
    0xEF, 0xFF, 0xCF, 0xE1, 0xF9, 0xFF, 0xF9, 0xFC, 0x3F, 0x3F, 0xFF, 0x3F,
    0x8F, 0xE7, 0xFF, 0xE3, 0xF9, 0xF8, 0xFF, 0xFC, 0x7F, 0x3F, 0x1F, 0xFF,
    0x87, 0xEF, 0xC3, 0xFF, 0xF0, 0xFF, 0xF8, 0x7F, 0xFE, 0x1F, 0xFF, 0x0F,
    0xFF, 0xC1, 0xFF, 0xC1, 0xFF, 0xF8, 0x3F, 0xF8, 0x3F, 0xFF, 0x07, 0xFF,
    0x07, 0xFF, 0xE0, 0x7F, 0xC0, 0xFF, 0xFC, 0x0F, 0xF8, 0x1F, 0xFF, 0x81,
    0xFF, 0x03, 0xFF, 0xF0, 0x1F, 0xC0, 0x7F, 0xFE, 0x03, 0xF8, 0x0F, 0xFF,
    0xC0, 0x7E, 0x01, 0xFC, 0xFE, 0x00, 0x03, 0xFF, 0xF8, 0x00, 0x1F, 0xFF,
    0xC0, 0x00, 0xFF, 0xFF, 0x00, 0x07, 0xFF, 0xFC, 0x00, 0x3F, 0xFF, 0xE0,
    0x01, 0xFF, 0xFF, 0x80, 0x0F, 0xFF, 0xFE, 0x00, 0x7F, 0xFF, 0xF8, 0x03,
    0xFF, 0xFF, 0xC0, 0x1F, 0xFF, 0xFF, 0x00, 0xFF, 0xFF, 0xFC, 0x07, 0xFF,
    0xEF, 0xE0, 0x3F, 0xFF, 0x7F, 0x81, 0xFF, 0xF9, 0xFE, 0x0F, 0xFF, 0xC7,
    0xF0, 0x7F, 0xFE, 0x3F, 0xC3, 0xFF, 0xF0, 0xFF, 0x1F, 0xFF, 0x83, 0xF8,
    0xFF, 0xFC, 0x1F, 0xE7, 0xFF, 0xE0, 0x7F, 0xBF, 0xFF, 0x01, 0xFD, 0xFF,
    0xF8, 0x0F, 0xFF, 0xFF, 0xC0, 0x3F, 0xFF, 0xFE, 0x00, 0xFF, 0xFF, 0xF0,
    0x07, 0xFF, 0xFF, 0x80, 0x1F, 0xFF, 0xFC, 0x00, 0x7F, 0xFF, 0xE0, 0x03,
    0xFF, 0xFF, 0x00, 0x0F, 0xFF, 0xF8, 0x00, 0x3F, 0xFF, 0xC0, 0x00, 0xFF,
    0xFE, 0x00, 0x07, 0xFF, 0xF0, 0x00, 0x1F, 0xC0, 0xFF, 0xFF, 0xFF, 0xEF,
    0xFF, 0xFF, 0xFE, 0xFF, 0xFF, 0xFF, 0xEF, 0xFF, 0xFF, 0xFE, 0xFF, 0xFF,
    0xFF, 0xEF, 0xFF, 0xFF, 0xFE, 0x00, 0x00, 0x00, 0x00, 0x00, 0x00, 0x00,
    0x00, 0x00, 0x00, 0x00, 0x00, 0x00, 0x00, 0x00, 0x00, 0x00, 0x00, 0x00,
    0x00, 0x00, 0x00, 0x00, 0x00, 0x00, 0x00, 0x00, 0x00, 0x1F, 0xFF, 0xFF,
    0x01, 0xFF, 0xFF, 0xF0, 0x1F, 0xFF, 0xFF, 0x01, 0xFF, 0xFF, 0xF0, 0x1F,
    0xFF, 0xFF, 0x01, 0xFF, 0xFF, 0xF0, 0x00, 0x00, 0x00, 0x00, 0x00, 0x00,
    0x00, 0x00, 0x00, 0x00, 0x00, 0x00, 0x00, 0x00, 0x00, 0x00, 0x00, 0x00,
    0x00, 0x00, 0x00, 0x00, 0x00, 0x00, 0x00, 0x00, 0x00, 0x00, 0xFF, 0xFF,
    0xFF, 0xFF, 0xFF, 0xFF, 0xFF, 0xFF, 0xFF, 0xFF, 0xFF, 0xFF, 0xFF, 0xFF,
    0xFF, 0xFF, 0xFF, 0xFF, 0xFF, 0xFF, 0xFF, 0x00, 0x0F, 0xF8, 0x00, 0x00,
    0x3F, 0xFF, 0x80, 0x00, 0x7F, 0xFF, 0xF0, 0x00, 0x7F, 0xFF, 0xFC, 0x00,
    0x7F, 0xFF, 0xFF, 0x00, 0x7F, 0xFF, 0xFF, 0xC0, 0x7F, 0xE0, 0x3F, 0xF0,
    0x3F, 0xC0, 0x0F, 0xF8, 0x3F, 0xC0, 0x01, 0xFE, 0x1F, 0xC0, 0x00, 0x7F,
    0x1F, 0xE0, 0x00, 0x3F, 0xCF, 0xE0, 0x00, 0x0F, 0xE7, 0xF0, 0x00, 0x07,
    0xF7, 0xF8, 0x00, 0x03, 0xFF, 0xF8, 0x00, 0x00, 0xFF, 0xFC, 0x00, 0x00,
    0x7F, 0xFE, 0x00, 0x00, 0x3F, 0xFF, 0x00, 0x00, 0x1F, 0xFF, 0x80, 0x00,
    0x0F, 0xFF, 0xC0, 0x00, 0x07, 0xFF, 0xE0, 0x00, 0x03, 0xFF, 0xF0, 0x00,
    0x01, 0xFF, 0xFC, 0x00, 0x01, 0xFE, 0xFE, 0x00, 0x00, 0xFE, 0x7F, 0x00,
    0x00, 0x7F, 0x3F, 0xC0, 0x00, 0x7F, 0x8F, 0xE0, 0x00, 0x3F, 0x87, 0xF8,
    0x00, 0x3F, 0xC1, 0xFE, 0x00, 0x3F, 0xC0, 0xFF, 0xC0, 0x7F, 0xE0, 0x3F,
    0xFF, 0xFF, 0xE0, 0x0F, 0xFF, 0xFF, 0xE0, 0x03, 0xFF, 0xFF, 0xE0, 0x00,
    0xFF, 0xFF, 0xE0, 0x00, 0x1F, 0xFF, 0xC0, 0x00, 0x01, 0xFF, 0x00, 0x00,
    0xFF, 0xFF, 0xFF, 0xFF, 0xFF, 0xFF, 0xFF, 0xFF, 0xFF, 0xFF, 0xFF, 0xFF,
    0xFF, 0xFF, 0xFF, 0xFF, 0xFF, 0xFF, 0xFF, 0xFF, 0xFF, 0xFF, 0xF8, 0x00,
    0x0F, 0xFF, 0xC0, 0x00, 0x7F, 0xFE, 0x00, 0x03, 0xFF, 0xF0, 0x00, 0x1F,
    0xFF, 0x80, 0x00, 0xFF, 0xFC, 0x00, 0x07, 0xFF, 0xE0, 0x00, 0x3F, 0xFF,
    0x00, 0x01, 0xFF, 0xF8, 0x00, 0x0F, 0xFF, 0xC0, 0x00, 0x7F, 0xFE, 0x00,
    0x03, 0xFF, 0xF0, 0x00, 0x1F, 0xFF, 0x80, 0x00, 0xFF, 0xFC, 0x00, 0x07,
    0xFF, 0xE0, 0x00, 0x3F, 0xFF, 0x00, 0x01, 0xFF, 0xF8, 0x00, 0x0F, 0xFF,
    0xC0, 0x00, 0x7F, 0xFE, 0x00, 0x03, 0xFF, 0xF0, 0x00, 0x1F, 0xFF, 0x80,
    0x00, 0xFF, 0xFC, 0x00, 0x07, 0xFF, 0xE0, 0x00, 0x3F, 0xFF, 0x00, 0x01,
    0xFF, 0xF8, 0x00, 0x0F, 0xFF, 0xC0, 0x00, 0x7F, 0xFE, 0x00, 0x03, 0xFF,
    0xF0, 0x00, 0x1F, 0xC0, 0xFF, 0xFF, 0xF0, 0x0F, 0xFF, 0xFF, 0xE0, 0xFF,
    0xFF, 0xFF, 0x8F, 0xFF, 0xFF, 0xFC, 0xFF, 0xFF, 0xFF, 0xEF, 0xFF, 0xFF,
    0xFE, 0xFE, 0x00, 0x3F, 0xFF, 0xE0, 0x00, 0xFF, 0xFE, 0x00, 0x07, 0xFF,
    0xE0, 0x00, 0x7F, 0xFE, 0x00, 0x07, 0xFF, 0xE0, 0x00, 0x7F, 0xFE, 0x00,
    0x07, 0xFF, 0xE0, 0x00, 0xFF, 0xFE, 0x00, 0x3F, 0xEF, 0xFF, 0xFF, 0xFE,
    0xFF, 0xFF, 0xFF, 0xCF, 0xFF, 0xFF, 0xF8, 0xFF, 0xFF, 0xFF, 0x0F, 0xFF,
    0xFF, 0xC0, 0xFF, 0xFF, 0xE0, 0x0F, 0xE0, 0x00, 0x00, 0xFE, 0x00, 0x00,
    0x0F, 0xE0, 0x00, 0x00, 0xFE, 0x00, 0x00, 0x0F, 0xE0, 0x00, 0x00, 0xFE,
    0x00, 0x00, 0x0F, 0xE0, 0x00, 0x00, 0xFE, 0x00, 0x00, 0x0F, 0xE0, 0x00,
    0x00, 0xFE, 0x00, 0x00, 0x0F, 0xE0, 0x00, 0x00, 0xFE, 0x00, 0x00, 0x0F,
    0xE0, 0x00, 0x00, 0x3F, 0xFF, 0xFF, 0xF1, 0xFF, 0xFF, 0xFF, 0x8F, 0xFF,
    0xFF, 0xFC, 0x7F, 0xFF, 0xFF, 0xE3, 0xFF, 0xFF, 0xFF, 0x1F, 0xFF, 0xFF,
    0xF8, 0x7F, 0xC0, 0x00, 0x01, 0xFE, 0x00, 0x00, 0x07, 0xF8, 0x00, 0x00,
    0x1F, 0xE0, 0x00, 0x00, 0x7F, 0x80, 0x00, 0x03, 0xFE, 0x00, 0x00, 0x0F,
    0xF8, 0x00, 0x00, 0x3F, 0xE0, 0x00, 0x00, 0xFF, 0x80, 0x00, 0x03, 0xFC,
    0x00, 0x00, 0x1F, 0xE0, 0x00, 0x01, 0xFE, 0x00, 0x00, 0x1F, 0xE0, 0x00,
    0x01, 0xFF, 0x00, 0x00, 0x1F, 0xF0, 0x00, 0x01, 0xFF, 0x00, 0x00, 0x1F,
    0xF0, 0x00, 0x00, 0xFF, 0x00, 0x00, 0x0F, 0xF0, 0x00, 0x00, 0xFF, 0x00,
    0x00, 0x0F, 0xF8, 0x00, 0x00, 0xFF, 0x80, 0x00, 0x0F, 0xFF, 0xFF, 0xFF,
    0xFF, 0xFF, 0xFF, 0xFF, 0xFF, 0xFF, 0xFF, 0xFF, 0xFF, 0xFF, 0xFF, 0xFF,
    0xFF, 0xFF, 0xFF, 0xFF, 0xFF, 0xFF, 0xC0, 0xFF, 0xFF, 0xFF, 0xFF, 0xFF,
    0xFF, 0xFF, 0xFF, 0xFF, 0xFF, 0xFF, 0xFF, 0xFF, 0xFF, 0xFF, 0xFF, 0xFF,
    0xFF, 0xFF, 0xFF, 0xC0, 0x0F, 0xE0, 0x00, 0x01, 0xFC, 0x00, 0x00, 0x3F,
    0x80, 0x00, 0x07, 0xF0, 0x00, 0x00, 0xFE, 0x00, 0x00, 0x1F, 0xC0, 0x00,
    0x03, 0xF8, 0x00, 0x00, 0x7F, 0x00, 0x00, 0x0F, 0xE0, 0x00, 0x01, 0xFC,
    0x00, 0x00, 0x3F, 0x80, 0x00, 0x07, 0xF0, 0x00, 0x00, 0xFE, 0x00, 0x00,
    0x1F, 0xC0, 0x00, 0x03, 0xF8, 0x00, 0x00, 0x7F, 0x00, 0x00, 0x0F, 0xE0,
    0x00, 0x01, 0xFC, 0x00, 0x00, 0x3F, 0x80, 0x00, 0x07, 0xF0, 0x00, 0x00,
    0xFE, 0x00, 0x00, 0x1F, 0xC0, 0x00, 0x03, 0xF8, 0x00, 0x00, 0x7F, 0x00,
    0x00, 0x0F, 0xE0, 0x00, 0x01, 0xFC, 0x00, 0x00, 0x3F, 0x80, 0x00, 0x07,
    0xF0, 0x00, 0xFF, 0x80, 0x00, 0x1F, 0xE7, 0xF8, 0x00, 0x03, 0xFC, 0x3F,
    0xC0, 0x00, 0x3F, 0xC3, 0xFE, 0x00, 0x07, 0xF8, 0x1F, 0xE0, 0x00, 0xFF,
    0x00, 0xFF, 0x00, 0x0F, 0xE0, 0x07, 0xF8, 0x01, 0xFE, 0x00, 0x7F, 0x80,
    0x3F, 0xC0, 0x03, 0xFC, 0x07, 0xF8, 0x00, 0x1F, 0xE0, 0x7F, 0x80, 0x01,
    0xFF, 0x0F, 0xF0, 0x00, 0x0F, 0xF1, 0xFE, 0x00, 0x00, 0x7F, 0x9F, 0xC0,
    0x00, 0x03, 0xFF, 0xFC, 0x00, 0x00, 0x3F, 0xFF, 0x80, 0x00, 0x01, 0xFF,
    0xF0, 0x00, 0x00, 0x0F, 0xFE, 0x00, 0x00, 0x00, 0xFF, 0xE0, 0x00, 0x00,
    0x07, 0xFC, 0x00, 0x00, 0x00, 0x3F, 0x80, 0x00, 0x00, 0x03, 0xF8, 0x00,
    0x00, 0x00, 0x3F, 0x80, 0x00, 0x00, 0x03, 0xF8, 0x00, 0x00, 0x00, 0x3F,
    0x80, 0x00, 0x00, 0x03, 0xF8, 0x00, 0x00, 0x00, 0x3F, 0x80, 0x00, 0x00,
    0x03, 0xF8, 0x00, 0x00, 0x00, 0x3F, 0x80, 0x00, 0x00, 0x03, 0xF8, 0x00,
    0x00, 0x00, 0x3F, 0x80, 0x00, 0x00, 0x03, 0xF8, 0x00, 0x00, 0x00, 0x3F,
    0x80, 0x00, 0x00, 0x03, 0xF8, 0x00, 0x00, 0x00, 0x3F, 0x80, 0x00, 0x00,
    0x07, 0xF0, 0x00, 0x00, 0x01, 0xFC, 0x00, 0x00, 0x00, 0x7F, 0x00, 0x00,
    0x00, 0x1F, 0xC0, 0x00, 0x00, 0x3F, 0xFE, 0x00, 0x00, 0x3F, 0xFF, 0xF0,
    0x00, 0x3F, 0xFF, 0xFF, 0x00, 0x3F, 0xFF, 0xFF, 0xE0, 0x1F, 0xFF, 0xFF,
    0xFC, 0x07, 0xFF, 0xFF, 0xFF, 0x83, 0xFE, 0x7F, 0x3F, 0xF1, 0xFF, 0x1F,
    0xC3, 0xFC, 0x7F, 0x87, 0xF0, 0x7F, 0x9F, 0xC1, 0xFC, 0x0F, 0xEF, 0xF0,
    0x7F, 0x03, 0xFF, 0xF8, 0x1F, 0xC0, 0x7F, 0xFE, 0x07, 0xF0, 0x1F, 0xFF,
    0x81, 0xFC, 0x07, 0xFF, 0xE0, 0x7F, 0x01, 0xFF, 0xF8, 0x1F, 0xC0, 0x7F,
    0xFE, 0x07, 0xF0, 0x1F, 0xFF, 0xC1, 0xFC, 0x0F, 0xF7, 0xF0, 0x7F, 0x03,
    0xF9, 0xFE, 0x1F, 0xC1, 0xFE, 0x7F, 0xC7, 0xF0, 0xFF, 0x8F, 0xFD, 0xFC,
    0xFF, 0xC1, 0xFF, 0xFF, 0xFF, 0xE0, 0x7F, 0xFF, 0xFF, 0xF8, 0x0F, 0xFF,
    0xFF, 0xF8, 0x00, 0xFF, 0xFF, 0xFC, 0x00, 0x1F, 0xFF, 0xFC, 0x00, 0x00,
    0xFF, 0xF8, 0x00, 0x00, 0x07, 0xF0, 0x00, 0x00, 0x01, 0xFC, 0x00, 0x00,
    0x00, 0x7F, 0x00, 0x00, 0x3F, 0xE0, 0x00, 0x1F, 0xE1, 0xFE, 0x00, 0x03,
    0xFC, 0x0F, 0xF0, 0x00, 0x3F, 0x80, 0x7F, 0x80, 0x07, 0xF8, 0x03, 0xFC,
    0x00, 0xFF, 0x00, 0x3F, 0xE0, 0x1F, 0xE0, 0x01, 0xFE, 0x03, 0xFC, 0x00,
    0x0F, 0xF0, 0x7F, 0x80, 0x00, 0x7F, 0x87, 0xF8, 0x00, 0x07, 0xFC, 0xFF,
    0x00, 0x00, 0x3F, 0xDF, 0xE0, 0x00, 0x01, 0xFF, 0xFC, 0x00, 0x00, 0x0F,
    0xFF, 0x80, 0x00, 0x00, 0xFF, 0xF8, 0x00, 0x00, 0x07, 0xFF, 0x00, 0x00,
    0x00, 0x3F, 0xE0, 0x00, 0x00, 0x03, 0xFE, 0x00, 0x00, 0x00, 0x3F, 0xF0,
    0x00, 0x00, 0x07, 0xFF, 0x00, 0x00, 0x00, 0xFF, 0xF8, 0x00, 0x00, 0x1F,
    0xFF, 0xC0, 0x00, 0x03, 0xFF, 0xFE, 0x00, 0x00, 0x3F, 0xDF, 0xF0, 0x00,
    0x07, 0xF8, 0xFF, 0x00, 0x00, 0xFF, 0x07, 0xF8, 0x00, 0x1F, 0xE0, 0x7F,
    0xC0, 0x03, 0xFE, 0x03, 0xFE, 0x00, 0x3F, 0xC0, 0x1F, 0xE0, 0x07, 0xF8,
    0x00, 0xFF, 0x00, 0xFF, 0x00, 0x0F, 0xF8, 0x1F, 0xF0, 0x00, 0x7F, 0xC3,
    0xFE, 0x00, 0x03, 0xFC, 0x3F, 0xC0, 0x00, 0x1F, 0xE7, 0xF8, 0x00, 0x01,
    0xFF, 0xFE, 0x07, 0xF0, 0x3F, 0xFF, 0x03, 0xF8, 0x1F, 0xFF, 0x81, 0xFC,
    0x0F, 0xFF, 0xC0, 0xFE, 0x07, 0xFF, 0xE0, 0x7F, 0x03, 0xFF, 0xF0, 0x3F,
    0x81, 0xFF, 0xF8, 0x1F, 0xC0, 0xFF, 0xFC, 0x0F, 0xE0, 0x7F, 0xFE, 0x07,
    0xF0, 0x3F, 0xFF, 0x03, 0xF8, 0x1F, 0xFF, 0x81, 0xFC, 0x0F, 0xFF, 0xC0,
    0xFE, 0x07, 0xFF, 0xE0, 0x7F, 0x03, 0xFF, 0xF0, 0x3F, 0x81, 0xFF, 0xF8,
    0x1F, 0xC0, 0xFF, 0xFC, 0x0F, 0xE0, 0x7F, 0xFE, 0x07, 0xF0, 0x3F, 0xFF,
    0x03, 0xF8, 0x1F, 0xFF, 0x81, 0xFC, 0x0F, 0xFF, 0xE0, 0xFE, 0x0F, 0xFF,
    0xF0, 0x7F, 0x07, 0xFB, 0xFE, 0x3F, 0x8F, 0xF9, 0xFF, 0xFF, 0xFF, 0xFC,
    0xFF, 0xFF, 0xFF, 0xFC, 0x3F, 0xFF, 0xFF, 0xFE, 0x0F, 0xFF, 0xFF, 0xFE,
    0x03, 0xFF, 0xFF, 0xFC, 0x00, 0x3F, 0xFF, 0xF0, 0x00, 0x00, 0x7F, 0x00,
    0x00, 0x00, 0x3F, 0x80, 0x00, 0x00, 0x1F, 0xC0, 0x00, 0x00, 0x0F, 0xE0,
    0x00, 0x00, 0x07, 0xF0, 0x00, 0x00, 0x03, 0xF8, 0x00, 0x00, 0x00, 0x07,
    0xF8, 0x00, 0x00, 0x0F, 0xFF, 0xC0, 0x00, 0x0F, 0xFF, 0xFC, 0x00, 0x0F,
    0xFF, 0xFF, 0xC0, 0x07, 0xFF, 0xFF, 0xF8, 0x03, 0xFF, 0xFF, 0xFF, 0x01,
    0xFF, 0xC0, 0xFF, 0xE0, 0x7F, 0xC0, 0x0F, 0xF8, 0x3F, 0xC0, 0x01, 0xFF,
    0x0F, 0xF0, 0x00, 0x3F, 0xC7, 0xF8, 0x00, 0x07, 0xF9, 0xFC, 0x00, 0x00,
    0xFE, 0x7F, 0x00, 0x00, 0x3F, 0xBF, 0x80, 0x00, 0x0F, 0xFF, 0xE0, 0x00,
    0x01, 0xFF, 0xF8, 0x00, 0x00, 0x7F, 0xFE, 0x00, 0x00, 0x1F, 0xFF, 0x80,
    0x00, 0x07, 0xFF, 0xE0, 0x00, 0x01, 0xFF, 0xF8, 0x00, 0x00, 0x7F, 0xFE,
    0x00, 0x00, 0x1F, 0xDF, 0x80, 0x00, 0x0F, 0xE7, 0xF0, 0x00, 0x03, 0xF9,
    0xFC, 0x00, 0x01, 0xFE, 0x3F, 0x80, 0x00, 0x7F, 0x0F, 0xE0, 0x00, 0x3F,
    0xC1, 0xFC, 0x00, 0x1F, 0xE0, 0x3F, 0x80, 0x0F, 0xF0, 0x07, 0xF8, 0x0F,
    0xF8, 0x3F, 0xFF, 0x0F, 0xFF, 0xFF, 0xFF, 0xC3, 0xFF, 0xFF, 0xFF, 0xF0,
    0xFF, 0xFF, 0xFF, 0xFC, 0x3F, 0xFF, 0xFF, 0xFF, 0x0F, 0xFF, 0xFF, 0xFF,
    0xC3, 0xFF, 0xFC, 0xF8, 0x7F, 0xE1, 0xFF, 0x87, 0xFE, 0x1F, 0xF8, 0x7F,
    0xE1, 0xF0, 0x00, 0x00, 0x00, 0x0F, 0xE0, 0x3F, 0x80, 0xFE, 0x03, 0xF8,
    0x0F, 0xE0, 0x3F, 0x80, 0xFE, 0x03, 0xF8, 0x0F, 0xE0, 0x3F, 0x80, 0xFE,
    0x03, 0xF8, 0x0F, 0xE0, 0x3F, 0x80, 0xFE, 0x03, 0xF8, 0x0F, 0xE0, 0x3F,
    0x80, 0xFE, 0x03, 0xF8, 0x0F, 0xE0, 0x3F, 0x80, 0xFE, 0x03, 0xF8, 0x0F,
    0xE0, 0x3F, 0x80, 0xFE, 0x03, 0xF8, 0x0F, 0xE0, 0x3F, 0x80, 0xFE, 0x03,
    0xF8, 0x0F, 0xE0, 0x3F, 0x80, 0x00, 0x1F, 0x07, 0xC0, 0x00, 0x01, 0xF0,
    0x7C, 0x00, 0x00, 0x1F, 0x07, 0xC0, 0x00, 0x01, 0xF0, 0x7C, 0x00, 0x00,
    0x1F, 0x07, 0xC0, 0x00, 0x01, 0xF0, 0x7C, 0x00, 0x00, 0x00, 0x00, 0x00,
    0x00, 0x00, 0x00, 0x00, 0x00, 0x7F, 0x80, 0x00, 0x1F, 0xE7, 0xF8, 0x00,
    0x01, 0xFE, 0x3F, 0xC0, 0x00, 0x3F, 0xC1, 0xFE, 0x00, 0x07, 0xF8, 0x1F,
    0xF0, 0x00, 0x7F, 0x00, 0xFF, 0x00, 0x0F, 0xF0, 0x07, 0xF8, 0x01, 0xFE,
    0x00, 0x3F, 0xC0, 0x3F, 0xC0, 0x03, 0xFC, 0x03, 0xF8, 0x00, 0x1F, 0xE0,
    0x7F, 0x80, 0x00, 0xFF, 0x0F, 0xF0, 0x00, 0x0F, 0xF0, 0xFE, 0x00, 0x00,
    0x7F, 0x9F, 0xE0, 0x00, 0x03, 0xFF, 0xFC, 0x00, 0x00, 0x1F, 0xFF, 0x80,
    0x00, 0x01, 0xFF, 0xF0, 0x00, 0x00, 0x0F, 0xFF, 0x00, 0x00, 0x00, 0x7F,
    0xE0, 0x00, 0x00, 0x07, 0xFC, 0x00, 0x00, 0x00, 0x3F, 0x80, 0x00, 0x00,
    0x03, 0xF8, 0x00, 0x00, 0x00, 0x3F, 0x80, 0x00, 0x00, 0x03, 0xF8, 0x00,
    0x00, 0x00, 0x3F, 0x80, 0x00, 0x00, 0x03, 0xF8, 0x00, 0x00, 0x00, 0x3F,
    0x80, 0x00, 0x00, 0x03, 0xF8, 0x00, 0x00, 0x00, 0x3F, 0x80, 0x00, 0x00,
    0x03, 0xF8, 0x00, 0x00, 0x00, 0x3F, 0x80, 0x00, 0x00, 0x03, 0xF8, 0x00,
    0x00, 0x00, 0x3F, 0x80, 0x00, 0x00, 0x03, 0xF8, 0x00, 0x00, 0x00, 0x3F,
    0x80, 0x00, 0x00, 0x07, 0xE0, 0x00, 0x00, 0xF8, 0x00, 0x00, 0x3E, 0x00,
    0x00, 0x07, 0x80, 0x00, 0x01, 0xE0, 0x00, 0x00, 0x3C, 0x00, 0x00, 0x0F,
    0x00, 0x00, 0x00, 0x00, 0x00, 0x00, 0x00, 0x00, 0x00, 0x00, 0x00, 0x00,
    0x00, 0x00, 0x00, 0x00, 0x7F, 0x00, 0x00, 0x7F, 0xFB, 0xF0, 0x1F, 0xFF,
    0xFE, 0x07, 0xFF, 0xFF, 0xC1, 0xFF, 0xFF, 0xF8, 0x3F, 0xFF, 0xFF, 0x0F,
    0xF8, 0x7F, 0xE1, 0xFE, 0x07, 0xFC, 0x7F, 0x80, 0x7F, 0x8F, 0xE0, 0x0F,
    0xF1, 0xFC, 0x00, 0xFE, 0x3F, 0x80, 0x1F, 0xC7, 0xF0, 0x03, 0xF8, 0xFE,
    0x00, 0x7F, 0x1F, 0xC0, 0x0F, 0xE3, 0xF8, 0x01, 0xFC, 0x7F, 0x00, 0x3F,
    0x8F, 0xF0, 0x0F, 0xF0, 0xFE, 0x01, 0xFE, 0x1F, 0xF0, 0xFF, 0xD3, 0xFF,
    0xFF, 0xFE, 0x3F, 0xFF, 0xFF, 0xC3, 0xFF, 0xFF, 0xFC, 0x3F, 0xFF, 0xFF,
    0x83, 0xFF, 0xEF, 0xF0, 0x0F, 0xE0, 0xF8, 0x00, 0x07, 0xE0, 0x00, 0x07,
    0xC0, 0x00, 0x0F, 0x80, 0x00, 0x0F, 0x00, 0x00, 0x1E, 0x00, 0x00, 0x1E,
    0x00, 0x00, 0x3C, 0x00, 0x00, 0x00, 0x00, 0x00, 0x00, 0x00, 0x00, 0x00,
    0x00, 0x00, 0x00, 0x00, 0x01, 0xFF, 0x80, 0x0F, 0xFF, 0xF0, 0x3F, 0xFF,
    0xF8, 0x7F, 0xFF, 0xFC, 0x7F, 0xFF, 0xFE, 0xFF, 0xFF, 0xFE, 0xFF, 0x00,
    0xFF, 0xFE, 0x00, 0x3F, 0xFE, 0x00, 0x00, 0xFF, 0x00, 0x00, 0x7F, 0xFC,
    0x00, 0x3F, 0xFC, 0x00, 0x1F, 0xFC, 0x00, 0x3F, 0xFC, 0x00, 0x7F, 0xFC,
    0x00, 0xFF, 0x00, 0x00, 0xFE, 0x00, 0x00, 0xFE, 0x00, 0x3F, 0xFF, 0x00,
    0xFF, 0xFF, 0xFF, 0xFE, 0x7F, 0xFF, 0xFE, 0x7F, 0xFF, 0xFC, 0x3F, 0xFF,
    0xF8, 0x0F, 0xFF, 0xF0, 0x01, 0xFF, 0x80, 0x00, 0x00, 0xFC, 0x00, 0x00,
    0x7C, 0x00, 0x00, 0x7C, 0x00, 0x00, 0x3C, 0x00, 0x00, 0x3C, 0x00, 0x00,
    0x1E, 0x00, 0x00, 0x1E, 0x00, 0x00, 0x00, 0x00, 0x00, 0x00, 0x00, 0x00,
    0x00, 0x00, 0x00, 0x00, 0x00, 0x0F, 0x81, 0xFC, 0x0F, 0xF3, 0xFF, 0xC7,
    0xFB, 0xFF, 0xF3, 0xFF, 0xFF, 0xFC, 0xFF, 0xFF, 0xFE, 0x7F, 0xFF, 0xFF,
    0x9F, 0xF8, 0x3F, 0xCF, 0xF8, 0x0F, 0xE7, 0xF8, 0x07, 0xF3, 0xFC, 0x03,
    0xF9, 0xFE, 0x01, 0xFC, 0xFE, 0x00, 0xFE, 0x7F, 0x00, 0x7F, 0x3F, 0x80,
    0x3F, 0x9F, 0xC0, 0x1F, 0xCF, 0xE0, 0x0F, 0xE7, 0xF0, 0x07, 0xF3, 0xF8,
    0x03, 0xF9, 0xFC, 0x01, 0xFC, 0xFE, 0x00, 0xFE, 0x7F, 0x00, 0x7F, 0x3F,
    0x80, 0x3F, 0x9F, 0xC0, 0x1F, 0xCF, 0xE0, 0x0F, 0xE7, 0xF0, 0x07, 0xF3,
    0xF8, 0x03, 0xF8, 0x00, 0x01, 0xFC, 0x00, 0x00, 0xFE, 0x00, 0x00, 0x7F,
    0x00, 0x00, 0x3F, 0x80, 0x00, 0x1F, 0xC0, 0x00, 0x0F, 0xE0, 0x00, 0x07,
    0xF0, 0x00, 0x01, 0xF8, 0x00, 0x00, 0x0C, 0x07, 0xC0, 0x7C, 0x03, 0xE0,
    0x3E, 0x01, 0xE0, 0x1E, 0x00, 0xE0, 0x00, 0x00, 0x00, 0x00, 0x00, 0x00,
    0x01, 0xFC, 0x0F, 0xE0, 0x7F, 0x03, 0xF8, 0x1F, 0xC0, 0xFE, 0x07, 0xF0,
    0x3F, 0x81, 0xFC, 0x0F, 0xE0, 0x7F, 0x03, 0xF8, 0x1F, 0xC0, 0xFE, 0x07,
    0xF0, 0x3F, 0x81, 0xFC, 0x0F, 0xE0, 0x7F, 0x03, 0xF8, 0x9F, 0xFE, 0xFF,
    0xF3, 0xFF, 0x9F, 0xFE, 0x7F, 0xF0, 0x7C, 0x00, 0x00, 0x3E, 0x00, 0x00,
    0x7C, 0x00, 0x00, 0xF8, 0x00, 0x79, 0xEF, 0x00, 0xF3, 0xDE, 0x01, 0xE7,
    0xBC, 0x03, 0xCE, 0x78, 0x07, 0x9C, 0xF0, 0x00, 0x00, 0x00, 0x00, 0x00,
    0x00, 0x00, 0x00, 0x07, 0xF0, 0x07, 0xFF, 0xE0, 0x0F, 0xFF, 0xC0, 0x1F,
    0xFF, 0x80, 0x3F, 0xFF, 0x00, 0x7F, 0xFE, 0x00, 0xFF, 0xFC, 0x01, 0xFF,
    0xF8, 0x03, 0xFF, 0xF0, 0x07, 0xFF, 0xE0, 0x0F, 0xFF, 0xC0, 0x1F, 0xFF,
    0x80, 0x3F, 0xFF, 0x00, 0x7F, 0xFE, 0x00, 0xFF, 0xFC, 0x01, 0xFF, 0xF8,
    0x03, 0xFF, 0xF0, 0x07, 0xFF, 0xE0, 0x0F, 0xFF, 0xE0, 0x3F, 0xFF, 0xE0,
    0xFF, 0xBF, 0xFF, 0xFE, 0x7F, 0xFF, 0xFC, 0x7F, 0xFF, 0xF0, 0x7F, 0xFF,
    0xC0, 0x7F, 0xFF, 0x00, 0x3F, 0xF0, 0x00, 0x00, 0xFE, 0x00, 0x00, 0xFF,
    0xF7, 0xE0, 0x3F, 0xFF, 0xFC, 0x0F, 0xFF, 0xFF, 0x83, 0xFF, 0xFF, 0xF0,
    0x7F, 0xFF, 0xFE, 0x1F, 0xF0, 0xFF, 0xC3, 0xFC, 0x0F, 0xF8, 0xFF, 0x00,
    0xFF, 0x1F, 0xC0, 0x1F, 0xE3, 0xF8, 0x01, 0xFC, 0x7F, 0x00, 0x3F, 0x8F,
    0xE0, 0x07, 0xF1, 0xFC, 0x00, 0xFE, 0x3F, 0x80, 0x1F, 0xC7, 0xF0, 0x03,
    0xF8, 0xFE, 0x00, 0x7F, 0x1F, 0xE0, 0x1F, 0xE1, 0xFC, 0x03, 0xFC, 0x3F,
    0xE1, 0xFF, 0xA7, 0xFF, 0xFF, 0xFC, 0x7F, 0xFF, 0xFF, 0x87, 0xFF, 0xFF,
    0xF8, 0x7F, 0xFF, 0xFF, 0x07, 0xFF, 0xDF, 0xE0, 0x1F, 0xC1, 0xF0, 0x01,
    0xFC, 0x00, 0x0F, 0xFF, 0x00, 0x1F, 0xFF, 0xC0, 0x3F, 0xFF, 0xE0, 0x7F,
    0xFF, 0xE0, 0x7F, 0xFF, 0xF0, 0x7F, 0x87, 0xF0, 0xFF, 0x01, 0xF0, 0xFE,
    0x01, 0xF0, 0xFE, 0x01, 0xF0, 0xFE, 0x01, 0xF0, 0xFE, 0x03, 0xF0, 0xFE,
    0x07, 0xE0, 0xFF, 0xFF, 0xE0, 0xFF, 0xFF, 0xC0, 0xFF, 0xFF, 0xE0, 0xFF,
    0xFF, 0xF8, 0xFF, 0xFF, 0xFC, 0xFF, 0xFF, 0xFC, 0xFE, 0x03, 0xFE, 0xFE,
    0x00, 0xFE, 0xFE, 0x00, 0xFF, 0xFE, 0x00, 0x7F, 0xFE, 0x00, 0x7F, 0xFE,
    0x00, 0x7F, 0xFE, 0x00, 0x7F, 0xFE, 0x00, 0xFF, 0xFF, 0x00, 0xFF, 0xFF,
    0x83, 0xFE, 0xFF, 0xFF, 0xFE, 0xFF, 0xFF, 0xFC, 0xFF, 0xFF, 0xF8, 0xFF,
    0xFF, 0xF0, 0xFF, 0xFF, 0xE0, 0xFE, 0x7F, 0x00, 0xFE, 0x00, 0x00, 0xFE,
    0x00, 0x00, 0xFE, 0x00, 0x00, 0xFE, 0x00, 0x00, 0xFE, 0x00, 0x00, 0xFE,
    0x00, 0x00, 0xFE, 0x00, 0x00, 0x7C, 0x00, 0x00, 0x3F, 0x80, 0x07, 0xFF,
    0xF0, 0x01, 0xFB, 0xFC, 0x00, 0xFE, 0xFF, 0x80, 0x3F, 0xBF, 0xE0, 0x0F,
    0xC9, 0xF8, 0x07, 0xF0, 0x7F, 0x01, 0xFC, 0x1F, 0xC0, 0xFE, 0x03, 0xF8,
    0x3F, 0x80, 0xFE, 0x0F, 0xC0, 0x1F, 0xC7, 0xF0, 0x07, 0xF1, 0xFC, 0x01,
    0xFC, 0xFE, 0x00, 0x3F, 0xBF, 0x80, 0x0F, 0xEF, 0xC0, 0x01, 0xFF, 0xF0,
    0x00, 0x7F, 0xFC, 0x00, 0x0F, 0xFE, 0x00, 0x03, 0xFF, 0x80, 0x00, 0xFF,
    0xC0, 0x00, 0x1F, 0xF0, 0x00, 0x07, 0xFC, 0x00, 0x00, 0xFE, 0x00, 0x00,
    0x3F, 0x80, 0x00, 0x0F, 0xE0, 0x00, 0x03, 0xF8, 0x00, 0x00, 0xFE, 0x00,
    0x00, 0x3F, 0x80, 0x00, 0x0F, 0xE0, 0x00, 0x03, 0xF8, 0x00, 0x00, 0xFE,
    0x00, 0x00, 0x3F, 0x80, 0x00, 0x0F, 0xE0, 0x00, 0x03, 0xF8, 0x00, 0x3F,
    0xFF, 0xFE, 0x0F, 0xFF, 0xFF, 0x83, 0xFF, 0xFF, 0xE0, 0xFF, 0xFF, 0xF8,
    0x3F, 0xFF, 0xFE, 0x0F, 0xFF, 0xFF, 0x80, 0xFF, 0xC0, 0x00, 0x1F, 0xF8,
    0x00, 0x01, 0xFF, 0x80, 0x00, 0x3F, 0xF0, 0x00, 0x0F, 0xFF, 0x00, 0x0F,
    0xFF, 0xE0, 0x0F, 0xFF, 0xFC, 0x07, 0xFF, 0xFF, 0x83, 0xFF, 0xFF, 0xF1,
    0xFF, 0x03, 0xFE, 0x7F, 0x80, 0x7F, 0x9F, 0xC0, 0x0F, 0xEF, 0xF0, 0x03,
    0xFF, 0xF8, 0x00, 0x7F, 0xFE, 0x00, 0x1F, 0xFF, 0x80, 0x07, 0xFF, 0xE0,
    0x01, 0xFF, 0xF8, 0x00, 0x7F, 0xFE, 0x00, 0x3F, 0xFF, 0xC0, 0x0F, 0xF7,
    0xF8, 0x07, 0xF9, 0xFF, 0x07, 0xFE, 0x7F, 0xFF, 0xFF, 0x8F, 0xFF, 0xFF,
    0xC1, 0xFF, 0xFF, 0xE0, 0x3F, 0xFF, 0xF0, 0x03, 0xFF, 0xF0, 0x00, 0x3F,
    0xE0, 0x00, 0x01, 0xFF, 0x80, 0x0F, 0xFF, 0xF0, 0x3F, 0xFF, 0xF8, 0x7F,
    0xFF, 0xFC, 0x7F, 0xFF, 0xFE, 0xFF, 0xFF, 0xFE, 0xFF, 0x00, 0xFF, 0xFE,
    0x00, 0x3F, 0xFE, 0x00, 0x00, 0xFF, 0x00, 0x00, 0x7F, 0xFC, 0x00, 0x3F,
    0xFC, 0x00, 0x1F, 0xFC, 0x00, 0x3F, 0xFC, 0x00, 0x7F, 0xFC, 0x00, 0xFF,
    0x00, 0x00, 0xFE, 0x00, 0x00, 0xFE, 0x00, 0x3F, 0xFF, 0x00, 0xFF, 0xFF,
    0xFF, 0xFE, 0x7F, 0xFF, 0xFE, 0x7F, 0xFF, 0xFC, 0x3F, 0xFF, 0xF8, 0x0F,
    0xFF, 0xF0, 0x01, 0xFF, 0x80, 0x7F, 0xFF, 0xF1, 0xFF, 0xFF, 0xC7, 0xFF,
    0xFF, 0x1F, 0xFF, 0xFC, 0x7F, 0xFF, 0xF1, 0xFF, 0xFF, 0x80, 0x0F, 0xFC,
    0x00, 0x7F, 0xC0, 0x03, 0xFE, 0x00, 0x1F, 0xF0, 0x00, 0x7F, 0x80, 0x03,
    0xFC, 0x00, 0x1F, 0xE0, 0x00, 0x7F, 0x00, 0x03, 0xFC, 0x00, 0x0F, 0xE0,
    0x00, 0x7F, 0x80, 0x01, 0xFC, 0x00, 0x07, 0xF0, 0x00, 0x3F, 0x80, 0x00,
    0xFE, 0x00, 0x03, 0xF8, 0x00, 0x0F, 0xE0, 0x00, 0x3F, 0x80, 0x00, 0xFE,
    0x00, 0x03, 0xF8, 0x00, 0x0F, 0xF0, 0x00, 0x1F, 0xE0, 0x00, 0x7F, 0xE0,
    0x00, 0xFF, 0xFE, 0x03, 0xFF, 0xFE, 0x07, 0xFF, 0xFE, 0x07, 0xFF, 0xF8,
    0x0F, 0xFF, 0xF0, 0x03, 0xFF, 0xC0, 0x00, 0x7F, 0x00, 0x01, 0xFC, 0x00,
    0x07, 0xF0, 0x00, 0x1F, 0xC0, 0x00, 0xFE, 0x00, 0x03, 0xF8, 0x00, 0x1F,
    0xC0, 0x00, 0x1F, 0x00, 0x00, 0x0C, 0x3E, 0x07, 0xF0, 0x3F, 0xCF, 0xFF,
    0x07, 0xFF, 0xFF, 0xF1, 0xFF, 0xFF, 0xFC, 0x7F, 0xFF, 0xFF, 0x9F, 0xFF,
    0xFF, 0xE1, 0xFF, 0x03, 0xFC, 0x7F, 0x80, 0xFF, 0x1F, 0xE0, 0x1F, 0xC7,
    0xF0, 0x07, 0xF1, 0xFC, 0x01, 0xFC, 0x7F, 0x00, 0x7F, 0x1F, 0xC0, 0x1F,
    0xC7, 0xF0, 0x07, 0xF1, 0xFC, 0x01, 0xFC, 0x7F, 0x00, 0x7F, 0x1F, 0xC0,
    0x1F, 0xC7, 0xF0, 0x07, 0xF1, 0xFC, 0x01, 0xFC, 0x7F, 0x00, 0x7F, 0x1F,
    0xC0, 0x1F, 0xC7, 0xF0, 0x07, 0xF1, 0xFC, 0x01, 0xFC, 0x7F, 0x00, 0x7F,
    0x1F, 0xC0, 0x1F, 0xC7, 0xF0, 0x07, 0xF0, 0x00, 0x01, 0xFC, 0x00, 0x00,
    0x7F, 0x00, 0x00, 0x1F, 0xC0, 0x00, 0x07, 0xF0, 0x00, 0x01, 0xFC, 0x00,
    0x00, 0x7F, 0x00, 0x00, 0x1F, 0xC0, 0x00, 0x03, 0xF0, 0x00, 0x00, 0x0C,
    0x00, 0xFF, 0x00, 0x03, 0xFF, 0xC0, 0x07, 0xFF, 0xE0, 0x0F, 0xFF, 0xF0,
    0x1F, 0xFF, 0xF8, 0x3F, 0xFF, 0xFC, 0x3F, 0xC3, 0xFC, 0x7F, 0x81, 0xFE,
    0x7F, 0x00, 0xFE, 0x7F, 0x00, 0xFE, 0x7E, 0x00, 0x7E, 0xFE, 0x00, 0x7F,
    0xFE, 0x00, 0x7F, 0xFE, 0x00, 0x7F, 0xFF, 0xFF, 0xFF, 0xFF, 0xFF, 0xFF,
    0xFF, 0xFF, 0xFF, 0xFF, 0xFF, 0xFF, 0xFF, 0xFF, 0xFF, 0xFF, 0xFF, 0xFF,
    0xFE, 0x00, 0x7F, 0xFE, 0x00, 0x7F, 0xFE, 0x00, 0x7F, 0xFE, 0x00, 0x7F,
    0x7E, 0x00, 0x7E, 0x7F, 0x00, 0xFE, 0x7F, 0x00, 0xFE, 0x7F, 0x81, 0xFE,
    0x3F, 0xC3, 0xFC, 0x3F, 0xFF, 0xFC, 0x1F, 0xFF, 0xF8, 0x1F, 0xFF, 0xF8,
    0x0F, 0xFF, 0xF0, 0x03, 0xFF, 0xC0, 0x00, 0xFF, 0x00, 0xFE, 0x07, 0xF0,
    0x3F, 0x81, 0xFC, 0x0F, 0xE0, 0x7F, 0x03, 0xF8, 0x1F, 0xC0, 0xFE, 0x07,
    0xF0, 0x3F, 0x81, 0xFC, 0x0F, 0xE0, 0x7F, 0x03, 0xF8, 0x1F, 0xC0, 0xFE,
    0x07, 0xF0, 0x3F, 0x81, 0xFC, 0x4F, 0xFF, 0x7F, 0xF9, 0xFF, 0xCF, 0xFF,
    0x3F, 0xF8, 0x3E, 0x00, 0xFE, 0x03, 0xFE, 0xFE, 0x07, 0xFC, 0xFE, 0x0F,
    0xF8, 0xFE, 0x1F, 0xF0, 0xFE, 0x3F, 0xE0, 0xFE, 0x7F, 0xC0, 0xFE, 0xFF,
    0x80, 0xFF, 0xFE, 0x00, 0xFF, 0xFC, 0x00, 0xFF, 0xF8, 0x00, 0xFF, 0xFC,
    0x00, 0xFF, 0xFC, 0x00, 0xFF, 0xFE, 0x00, 0xFF, 0xFF, 0x00, 0xFF, 0x7F,
    0x00, 0xFE, 0x3F, 0x80, 0xFE, 0x3F, 0xC0, 0xFE, 0x1F, 0xE0, 0xFE, 0x0F,
    0xE0, 0xFE, 0x0F, 0xF0, 0xFE, 0x07, 0xF8, 0xFE, 0x03, 0xF8, 0xFE, 0x03,
    0xFC, 0xFE, 0x01, 0xFE, 0xFE, 0x00, 0xFF, 0x0F, 0x80, 0x00, 0x03, 0xFC,
    0x00, 0x00, 0x7F, 0xC0, 0x00, 0x0F, 0xFC, 0x00, 0x01, 0xFF, 0xC0, 0x00,
    0x3F, 0xF8, 0x00, 0x08, 0x3F, 0x80, 0x00, 0x03, 0xF0, 0x00, 0x00, 0x7E,
    0x00, 0x00, 0x07, 0xE0, 0x00, 0x00, 0xFC, 0x00, 0x00, 0x3F, 0x80, 0x00,
    0x07, 0xF8, 0x00, 0x00, 0xFF, 0x00, 0x00, 0x3F, 0xF0, 0x00, 0x07, 0xFE,
    0x00, 0x01, 0xFF, 0xC0, 0x00, 0x3F, 0xFC, 0x00, 0x07, 0xFF, 0x80, 0x01,
    0xFF, 0xF0, 0x00, 0x3F, 0x3F, 0x00, 0x0F, 0xE7, 0xE0, 0x01, 0xFC, 0xFE,
    0x00, 0x3F, 0x0F, 0xC0, 0x0F, 0xE1, 0xF8, 0x01, 0xF8, 0x3F, 0x80, 0x7F,
    0x03, 0xF0, 0x0F, 0xE0, 0x7F, 0x01, 0xF8, 0x07, 0xE4, 0x7F, 0x00, 0xFF,
    0x8F, 0xE0, 0x1F, 0xF3, 0xF8, 0x01, 0xFF, 0x7F, 0x00, 0x3F, 0xEF, 0xC0,
    0x03, 0xF8, 0x00, 0x00, 0x3C, 0x00, 0xFE, 0x00, 0xFE, 0x3F, 0x80, 0x3F,
    0x8F, 0xE0, 0x0F, 0xE3, 0xF8, 0x03, 0xF8, 0xFE, 0x00, 0xFE, 0x3F, 0x80,
    0x3F, 0x8F, 0xE0, 0x0F, 0xE3, 0xF8, 0x03, 0xF8, 0xFE, 0x00, 0xFE, 0x3F,
    0x80, 0x3F, 0x8F, 0xE0, 0x0F, 0xE3, 0xF8, 0x03, 0xF8, 0xFE, 0x00, 0xFE,
    0x3F, 0x80, 0x3F, 0x8F, 0xE0, 0x0F, 0xE3, 0xF8, 0x03, 0xF8, 0xFF, 0x00,
    0xFE, 0x3F, 0xC0, 0x7F, 0x8F, 0xFC, 0x3F, 0xE3, 0xFF, 0xFF, 0xFC, 0xFF,
    0xFF, 0xFF, 0xBF, 0xFF, 0xFF, 0xEF, 0xFF, 0xFF, 0xFF, 0xFF, 0xFC, 0xFE,
    0xFE, 0x7C, 0x1F, 0x3F, 0x80, 0x00, 0x0F, 0xE0, 0x00, 0x03, 0xF8, 0x00,
    0x00, 0xFE, 0x00, 0x00, 0x3F, 0x80, 0x00, 0x0F, 0xE0, 0x00, 0x03, 0xF8,
    0x00, 0x00, 0xFE, 0x00, 0x00, 0x00, 0x7F, 0x00, 0x1F, 0xDF, 0xC0, 0x07,
    0xF7, 0xF0, 0x03, 0xF8, 0xFE, 0x00, 0xFE, 0x3F, 0x80, 0x3F, 0x07, 0xE0,
    0x1F, 0xC1, 0xFC, 0x07, 0xF0, 0x7F, 0x01, 0xF8, 0x0F, 0xC0, 0xFE, 0x03,
    0xF8, 0x3F, 0x00, 0x7E, 0x1F, 0xC0, 0x1F, 0xC7, 0xF0, 0x07, 0xF1, 0xF8,
    0x00, 0xFC, 0xFE, 0x00, 0x3F, 0xBF, 0x80, 0x07, 0xEF, 0xC0, 0x01, 0xFF,
    0xF0, 0x00, 0x7F, 0xF8, 0x00, 0x0F, 0xFE, 0x00, 0x03, 0xFF, 0x80, 0x00,
    0xFF, 0xC0, 0x00, 0x1F, 0xF0, 0x00, 0x07, 0xF8, 0x00, 0x00, 0xFE, 0x00,
    0x00, 0x3F, 0x80, 0x00, 0x0F, 0xC0, 0x00, 0x7F, 0xFF, 0xF0, 0xFF, 0xFF,
    0xE1, 0xFF, 0xFF, 0xC3, 0xFF, 0xFF, 0x87, 0xFF, 0xFF, 0x0F, 0xFF, 0xFE,
    0x03, 0xF8, 0x00, 0x0F, 0xE0, 0x00, 0x3F, 0x80, 0x00, 0x7F, 0x00, 0x00,
    0xFE, 0x00, 0x01, 0xFE, 0x00, 0x01, 0xFE, 0x00, 0x03, 0xFF, 0xFE, 0x03,
    0xFF, 0xFC, 0x01, 0xFF, 0xF8, 0x07, 0xFF, 0xF0, 0x3F, 0xFF, 0xE0, 0xFF,
    0xFF, 0xC3, 0xFF, 0x00, 0x07, 0xF8, 0x00, 0x0F, 0xE0, 0x00, 0x3F, 0x80,
    0x00, 0x7F, 0x00, 0x00, 0xFE, 0x00, 0x01, 0xFC, 0x00, 0x03, 0xFC, 0x00,
    0x07, 0xF8, 0x00, 0x0F, 0xFC, 0x00, 0x0F, 0xFF, 0xFC, 0x1F, 0xFF, 0xFE,
    0x1F, 0xFF, 0xFE, 0x1F, 0xFF, 0xFC, 0x0F, 0xFF, 0xFC, 0x03, 0xFF, 0xF8,
    0x00, 0x07, 0xF0, 0x00, 0x0F, 0xE0, 0x00, 0x1F, 0xC0, 0x00, 0x7F, 0x80,
    0x00, 0xFE, 0x00, 0x01, 0xFC, 0x00, 0x03, 0xF0, 0x00, 0x03, 0xE0, 0x00,
    0x00, 0xC0, 0x00, 0x7F, 0x80, 0x01, 0xFF, 0xF0, 0x01, 0xFF, 0xFE, 0x01,
    0xFF, 0xFF, 0x81, 0xFF, 0xFF, 0xE1, 0xFF, 0xFF, 0xF1, 0xFF, 0x07, 0xFC,
    0xFF, 0x01, 0xFE, 0x7F, 0x00, 0x7F, 0x7F, 0x80, 0x3F, 0xFF, 0x80, 0x0F,
    0xFF, 0xC0, 0x07, 0xFF, 0xE0, 0x03, 0xFF, 0xF0, 0x01, 0xFF, 0xF8, 0x00,
    0xFF, 0xFC, 0x00, 0x7F, 0xFF, 0x00, 0x7F, 0xBF, 0x80, 0x3F, 0x9F, 0xE0,
    0x3F, 0xCF, 0xF8, 0x3F, 0xE3, 0xFF, 0xFF, 0xE0, 0xFF, 0xFF, 0xF0, 0x3F,
    0xFF, 0xF0, 0x0F, 0xFF, 0xF0, 0x03, 0xFF, 0xE0, 0x00, 0x3F, 0x80, 0x00,
    0xFF, 0xFF, 0xFF, 0xCF, 0xFF, 0xFF, 0xFC, 0xFF, 0xFF, 0xFF, 0xCF, 0xFF,
    0xFF, 0xFC, 0xFF, 0xFF, 0xFF, 0xCF, 0xFF, 0xFF, 0xFC, 0x3F, 0x80, 0x7F,
    0x03, 0xF8, 0x07, 0xF0, 0x3F, 0x80, 0x7F, 0x03, 0xF8, 0x07, 0xF0, 0x3F,
    0x80, 0x7F, 0x03, 0xF8, 0x07, 0xF0, 0x3F, 0x80, 0x7F, 0x03, 0xF8, 0x07,
    0xF0, 0x3F, 0x80, 0x7F, 0x03, 0xF8, 0x07, 0xF0, 0x3F, 0x80, 0x7F, 0x03,
    0xF8, 0x07, 0xF0, 0x3F, 0x80, 0x7F, 0x03, 0xF8, 0x07, 0xF0, 0x3F, 0x80,
    0x7F, 0x63, 0xF8, 0x07, 0xFE, 0x3F, 0x80, 0x7F, 0xE3, 0xF8, 0x03, 0xFE,
    0x3F, 0x80, 0x3F, 0xF3, 0xF8, 0x01, 0xFC, 0x00, 0x7F, 0x00, 0x01, 0xFF,
    0xF0, 0x01, 0xFF, 0xFC, 0x03, 0xFF, 0xFF, 0x83, 0xFF, 0xFF, 0xC1, 0xFF,
    0xFF, 0xF1, 0xFF, 0x07, 0xFC, 0xFF, 0x01, 0xFE, 0x7F, 0x00, 0x7F, 0x7F,
    0x80, 0x3F, 0xFF, 0x80, 0x0F, 0xFF, 0xC0, 0x07, 0xFF, 0xE0, 0x03, 0xFF,
    0xF0, 0x01, 0xFF, 0xF8, 0x00, 0xFF, 0xFC, 0x00, 0x7F, 0xFE, 0x00, 0x3F,
    0xFF, 0x80, 0x3F, 0xFF, 0xC0, 0x1F, 0xDF, 0xF0, 0x1F, 0xEF, 0xFC, 0x1F,
    0xF7, 0xFF, 0xFF, 0xF3, 0xFF, 0xFF, 0xF1, 0xFF, 0xFF, 0xF0, 0xFF, 0xFF,
    0xF0, 0x7F, 0xFF, 0xF0, 0x3F, 0x9F, 0xC0, 0x1F, 0xC0, 0x00, 0x0F, 0xE0,
    0x00, 0x07, 0xF0, 0x00, 0x03, 0xF8, 0x00, 0x01, 0xFC, 0x00, 0x00, 0xFE,
    0x00, 0x00, 0x7F, 0x00, 0x00, 0x3F, 0x80, 0x00, 0x1F, 0xC0, 0x00, 0x0F,
    0xE0, 0x00, 0x00, 0x00, 0x7F, 0x80, 0x00, 0xFF, 0xF8, 0x01, 0xFF, 0xFE,
    0x01, 0xFF, 0xFF, 0x81, 0xFF, 0xFF, 0xE1, 0xFF, 0xFF, 0xF8, 0xFF, 0x83,
    0xFC, 0xFF, 0x00, 0xFE, 0x7F, 0x00, 0x7F, 0xFF, 0x80, 0x1F, 0xFF, 0x80,
    0x0F, 0xFF, 0xC0, 0x07, 0xFF, 0xE0, 0x00, 0x07, 0xF0, 0x00, 0x03, 0xF8,
    0x00, 0x01, 0xFC, 0x00, 0x00, 0xFF, 0x00, 0x00, 0x3F, 0x80, 0x00, 0x1F,
    0xE0, 0x00, 0x0F, 0xF8, 0x00, 0x03, 0xFF, 0xC0, 0x00, 0xFF, 0xFF, 0x80,
    0x3F, 0xFF, 0xF8, 0x0F, 0xFF, 0xFE, 0x03, 0xFF, 0xFF, 0x00, 0x7F, 0xFF,
    0xC0, 0x07, 0xFF, 0xE0, 0x00, 0x0F, 0xF0, 0x00, 0x03, 0xF8, 0x00, 0x03,
    0xFC, 0x00, 0x01, 0xFC, 0x00, 0x00, 0xFE, 0x00, 0x00, 0xFF, 0x00, 0x00,
    0x7F, 0x00, 0x00, 0x0F, 0x80, 0x00, 0x00, 0x80, 0x00, 0x7C, 0x00, 0x00,
    0x1F, 0xFF, 0xFF, 0xC1, 0xFF, 0xFF, 0xFE, 0x1F, 0xFF, 0xFF, 0xF1, 0xFF,
    0xFF, 0xFF, 0x9F, 0xFF, 0xFF, 0xFD, 0xFF, 0x87, 0xFF, 0xEF, 0xF0, 0x0F,
    0xE0, 0x7F, 0x00, 0x3F, 0x87, 0xF8, 0x01, 0xFC, 0x3F, 0x80, 0x07, 0xF1,
    0xFC, 0x00, 0x3F, 0x8F, 0xE0, 0x01, 0xFC, 0x7F, 0x00, 0x0F, 0xE3, 0xF8,
    0x00, 0x7F, 0x1F, 0xC0, 0x03, 0xF8, 0xFE, 0x00, 0x1F, 0xC7, 0xF8, 0x01,
    0xFE, 0x1F, 0xC0, 0x0F, 0xE0, 0xFF, 0x00, 0xFF, 0x07, 0xFC, 0x1F, 0xF0,
    0x1F, 0xFF, 0xFF, 0x80, 0x7F, 0xFF, 0xF8, 0x01, 0xFF, 0xFF, 0x80, 0x07,
    0xFF, 0xF8, 0x00, 0x1F, 0xFF, 0x80, 0x00, 0x1F, 0xE0, 0x00, 0xFF, 0xFF,
    0xFF, 0xFF, 0xFF, 0xFF, 0xFF, 0xFF, 0xFF, 0xFF, 0xFF, 0xFF, 0xFF, 0xFF,
    0xFF, 0xFF, 0xFF, 0xC0, 0x7F, 0x00, 0x00, 0xFE, 0x00, 0x01, 0xFC, 0x00,
    0x03, 0xF8, 0x00, 0x07, 0xF0, 0x00, 0x0F, 0xE0, 0x00, 0x1F, 0xC0, 0x00,
    0x3F, 0x80, 0x00, 0x7F, 0x00, 0x00, 0xFE, 0x00, 0x01, 0xFC, 0x00, 0x03,
    0xF8, 0x00, 0x07, 0xF0, 0x00, 0x0F, 0xE0, 0x00, 0x1F, 0xFC, 0x00, 0x3F,
    0xF8, 0x00, 0x3F, 0xF8, 0x00, 0x7F, 0xF0, 0x00, 0x7F, 0xE0, 0x00, 0x3F,
    0x80, 0xFE, 0x00, 0xFF, 0xFC, 0x01, 0xFF, 0xF8, 0x03, 0xFF, 0xF0, 0x07,
    0xFF, 0xE0, 0x0F, 0xFF, 0xC0, 0x1F, 0xFF, 0x80, 0x3F, 0xFF, 0x00, 0x7F,
    0xFE, 0x00, 0xFF, 0xFC, 0x01, 0xFF, 0xF8, 0x03, 0xFF, 0xF0, 0x07, 0xFF,
    0xE0, 0x0F, 0xFF, 0xC0, 0x1F, 0xFF, 0x80, 0x3F, 0xFF, 0x00, 0x7F, 0xFE,
    0x00, 0xFF, 0xFC, 0x01, 0xFF, 0xFC, 0x07, 0xFF, 0xFC, 0x1F, 0xF7, 0xFF,
    0xFF, 0xCF, 0xFF, 0xFF, 0x8F, 0xFF, 0xFE, 0x0F, 0xFF, 0xF8, 0x0F, 0xFF,
    0xE0, 0x07, 0xFE, 0x00, 0x00, 0x03, 0xFF, 0x00, 0x00, 0x60, 0xFF, 0xF8,
    0x00, 0x38, 0x3F, 0xFF, 0x00, 0x3F, 0x0F, 0xFF, 0xF0, 0x1F, 0xE3, 0xFF,
    0xFE, 0x0F, 0xF8, 0xFF, 0xFF, 0xC3, 0xFC, 0x3F, 0x9F, 0xF1, 0xFE, 0x0F,
    0xE1, 0xFE, 0x7F, 0x03, 0xF8, 0x3F, 0xBF, 0xC0, 0xFE, 0x0F, 0xFF, 0xE0,
    0x3F, 0x81, 0xFF, 0xF8, 0x0F, 0xE0, 0x7F, 0xFE, 0x03, 0xF8, 0x1F, 0xFF,
    0x80, 0xFE, 0x07, 0xFF, 0xE0, 0x3F, 0x81, 0xFF, 0xF8, 0x0F, 0xE0, 0x7F,
    0xFF, 0x03, 0xF8, 0x3F, 0xDF, 0xE0, 0xFE, 0x0F, 0xE7, 0xFC, 0x3F, 0x87,
    0xF9, 0xFF, 0x8F, 0xE7, 0xFE, 0x3F, 0xFF, 0xFF, 0xFF, 0x07, 0xFF, 0xFF,
    0xFF, 0x80, 0xFF, 0xFF, 0xFF, 0xC0, 0x1F, 0xFF, 0xFF, 0xE0, 0x01, 0xFF,
    0xFF, 0xF0, 0x00, 0x1F, 0xFF, 0xE0, 0x00, 0x00, 0x3F, 0x80, 0x00, 0x00,
    0x0F, 0xE0, 0x00, 0x00, 0x03, 0xF8, 0x00, 0x00, 0x00, 0xFE, 0x00, 0x00,
    0x00, 0x3F, 0x80, 0x00, 0x00, 0x0F, 0xE0, 0x00, 0x00, 0x03, 0xF8, 0x00,
    0x00, 0x00, 0xFE, 0x00, 0x00, 0x7E, 0x00, 0x00, 0x03, 0xFC, 0x00, 0x3F,
    0x9F, 0xF0, 0x01, 0xFC, 0xFF, 0x80, 0x1F, 0xC7, 0xFE, 0x00, 0xFE, 0x3F,
    0xF0, 0x0F, 0xE0, 0x1F, 0xC0, 0xFE, 0x00, 0xFF, 0x07, 0xF0, 0x03, 0xF8,
    0x7F, 0x00, 0x1F, 0xE3, 0xF8, 0x00, 0x7F, 0x3F, 0x80, 0x01, 0xFD, 0xFC,
    0x00, 0x0F, 0xFF, 0xC0, 0x00, 0x3F, 0xFC, 0x00, 0x01, 0xFF, 0xE0, 0x00,
    0x07, 0xFE, 0x00, 0x00, 0x1F, 0xF0, 0x00, 0x00, 0xFF, 0x00, 0x00, 0x07,
    0xF8, 0x00, 0x00, 0x7F, 0xE0, 0x00, 0x07, 0xFF, 0x00, 0x00, 0x3F, 0xFC,
    0x00, 0x03, 0xFF, 0xF0, 0x00, 0x3F, 0xFF, 0x80, 0x01, 0xFC, 0xFE, 0x00,
    0x1F, 0xE7, 0xF0, 0x01, 0xFE, 0x1F, 0xC0, 0x0F, 0xE0, 0xFE, 0x00, 0xFF,
    0x03, 0xF8, 0x8F, 0xF0, 0x1F, 0xFC, 0x7F, 0x00, 0x7F, 0xE7, 0xF8, 0x03,
    0xFF, 0x7F, 0x80, 0x0F, 0xFB, 0xF8, 0x00, 0x3F, 0xE0, 0x00, 0x00, 0xFC,
    0xFE, 0x00, 0x01, 0xFF, 0xF8, 0x3F, 0x87, 0xFF, 0xE0, 0xFE, 0x1F, 0xFF,
    0x83, 0xF8, 0x7F, 0xFE, 0x0F, 0xE1, 0xFF, 0xF8, 0x3F, 0x87, 0xFF, 0xE0,
    0xFE, 0x1F, 0xFF, 0x83, 0xF8, 0x7F, 0xFE, 0x0F, 0xE1, 0xFF, 0xF8, 0x3F,
    0x87, 0xFF, 0xE0, 0xFE, 0x1F, 0xFF, 0x83, 0xF8, 0x7F, 0xFE, 0x0F, 0xE1,
    0xFF, 0xF8, 0x3F, 0x87, 0xFF, 0xE0, 0xFE, 0x1F, 0xFF, 0x83, 0xF8, 0x7F,
    0xFE, 0x0F, 0xE1, 0xFF, 0xFC, 0x3F, 0x87, 0xFF, 0xF0, 0xFE, 0x3F, 0xDF,
    0xE3, 0xF9, 0xFE, 0x7F, 0xFF, 0xFF, 0xF8, 0xFF, 0xFF, 0xFF, 0xC1, 0xFF,
    0xFF, 0xFE, 0x03, 0xFF, 0xFF, 0xF0, 0x03, 0xFF, 0xFF, 0x80, 0x03, 0xFF,
    0xF0, 0x00, 0x00, 0xFE, 0x00, 0x00, 0x03, 0xF8, 0x00, 0x00, 0x0F, 0xE0,
    0x00, 0x00, 0x3F, 0x80, 0x00, 0x00, 0xFE, 0x00, 0x00, 0x03, 0xF8, 0x00,
    0x00, 0x0F, 0xE0, 0x00, 0x00, 0x3F, 0x80, 0x00, 0x00, 0xFE, 0x00, 0x00,
    0x03, 0x80, 0x00, 0x30, 0x01, 0xFC, 0x00, 0x7E, 0x00, 0xFF, 0x00, 0x1F,
    0xC0, 0x7F, 0x80, 0x07, 0xF8, 0x1F, 0xC0, 0x00, 0xFE, 0x0F, 0xF0, 0x00,
    0x1F, 0xC3, 0xF8, 0x00, 0x07, 0xF1, 0xFC, 0x0F, 0xE0, 0xFE, 0x7F, 0x03,
    0xF8, 0x3F, 0x9F, 0xC0, 0xFE, 0x07, 0xEF, 0xE0, 0x3F, 0x81, 0xFF, 0xF8,
    0x0F, 0xE0, 0x7F, 0xFE, 0x03, 0xF8, 0x1F, 0xFF, 0x80, 0xFE, 0x07, 0xFF,
    0xE0, 0x3F, 0x81, 0xFF, 0xF8, 0x0F, 0xE0, 0x7F, 0xFE, 0x03, 0xF8, 0x1F,
    0xFF, 0xC0, 0xFE, 0x0F, 0xF7, 0xF0, 0x3F, 0x83, 0xF9, 0xFE, 0x1F, 0xF1,
    0xFE, 0x7F, 0xFF, 0xFF, 0xFF, 0x8F, 0xFF, 0xFF, 0xFF, 0xC1, 0xFF, 0xFF,
    0xFF, 0xE0, 0x3F, 0xFE, 0xFF, 0xF0, 0x07, 0xFF, 0x1F, 0xF8, 0x00, 0x7F,
    0x01, 0xF8, 0x00, 0xF8, 0x7C, 0xF8, 0x7C, 0xF8, 0x7C, 0xF8, 0x7C, 0xF8,
    0x7C, 0xF8, 0x7C, 0x00, 0x00, 0x00, 0x00, 0x00, 0x00, 0x1F, 0xC0, 0x1F,
    0xC0, 0x1F, 0xC0, 0x1F, 0xC0, 0x1F, 0xC0, 0x1F, 0xC0, 0x1F, 0xC0, 0x1F,
    0xC0, 0x1F, 0xC0, 0x1F, 0xC0, 0x1F, 0xC0, 0x1F, 0xC0, 0x1F, 0xC0, 0x1F,
    0xC0, 0x1F, 0xC0, 0x1F, 0xC0, 0x1F, 0xC0, 0x1F, 0xC0, 0x1F, 0xC0, 0x1F,
    0xC4, 0x1F, 0xFE, 0x1F, 0xFE, 0x0F, 0xFE, 0x0F, 0xFF, 0x07, 0xFF, 0x00,
    0xF8, 0x0F, 0x87, 0xC0, 0x1F, 0x0F, 0x80, 0x3E, 0x1F, 0x00, 0x7C, 0x3E,
    0x00, 0xF8, 0x7C, 0x01, 0xF0, 0xF8, 0x00, 0x00, 0x00, 0x00, 0x00, 0x00,
    0x00, 0x00, 0x01, 0xFC, 0x01, 0xFF, 0xF8, 0x03, 0xFF, 0xF0, 0x07, 0xFF,
    0xE0, 0x0F, 0xFF, 0xC0, 0x1F, 0xFF, 0x80, 0x3F, 0xFF, 0x00, 0x7F, 0xFE,
    0x00, 0xFF, 0xFC, 0x01, 0xFF, 0xF8, 0x03, 0xFF, 0xF0, 0x07, 0xFF, 0xE0,
    0x0F, 0xFF, 0xC0, 0x1F, 0xFF, 0x80, 0x3F, 0xFF, 0x00, 0x7F, 0xFE, 0x00,
    0xFF, 0xFC, 0x01, 0xFF, 0xF8, 0x03, 0xFF, 0xF8, 0x0F, 0xFF, 0xF8, 0x3F,
    0xEF, 0xFF, 0xFF, 0x9F, 0xFF, 0xFF, 0x1F, 0xFF, 0xFC, 0x1F, 0xFF, 0xF0,
    0x1F, 0xFF, 0xC0, 0x0F, 0xFC, 0x00, 0x00, 0x03, 0xF0, 0x00, 0x01, 0xF0,
    0x00, 0x01, 0xF0, 0x00, 0x00, 0xF0, 0x00, 0x00, 0xF0, 0x00, 0x00, 0x78,
    0x00, 0x00, 0x78, 0x00, 0x00, 0x00, 0x00, 0x00, 0x00, 0x00, 0x00, 0x00,
    0x00, 0x00, 0x00, 0x00, 0x00, 0x0F, 0xF0, 0x00, 0x3F, 0xFE, 0x00, 0x3F,
    0xFF, 0xC0, 0x3F, 0xFF, 0xF0, 0x3F, 0xFF, 0xFC, 0x3F, 0xFF, 0xFE, 0x3F,
    0xE0, 0xFF, 0x9F, 0xE0, 0x3F, 0xCF, 0xE0, 0x0F, 0xEF, 0xF0, 0x07, 0xFF,
    0xF0, 0x01, 0xFF, 0xF8, 0x00, 0xFF, 0xFC, 0x00, 0x7F, 0xFE, 0x00, 0x3F,
    0xFF, 0x00, 0x1F, 0xFF, 0x80, 0x0F, 0xFF, 0xE0, 0x0F, 0xF7, 0xF0, 0x07,
    0xF3, 0xFC, 0x07, 0xF9, 0xFF, 0x07, 0xFC, 0x7F, 0xFF, 0xFC, 0x1F, 0xFF,
    0xFE, 0x07, 0xFF, 0xFE, 0x01, 0xFF, 0xFE, 0x00, 0x7F, 0xFC, 0x00, 0x07,
    0xF0, 0x00, 0x00, 0x07, 0xC0, 0x00, 0x1F, 0x80, 0x00, 0x3E, 0x00, 0x00,
    0xF8, 0x00, 0x01, 0xE0, 0x00, 0x07, 0x80, 0x00, 0x0E, 0x00, 0x00, 0x00,
    0x00, 0x00, 0x00, 0x00, 0x00, 0x00, 0x00, 0x00, 0x00, 0x00, 0x00, 0x00,
    0x0F, 0xE0, 0x0F, 0xFF, 0xC0, 0x1F, 0xFF, 0x80, 0x3F, 0xFF, 0x00, 0x7F,
    0xFE, 0x00, 0xFF, 0xFC, 0x01, 0xFF, 0xF8, 0x03, 0xFF, 0xF0, 0x07, 0xFF,
    0xE0, 0x0F, 0xFF, 0xC0, 0x1F, 0xFF, 0x80, 0x3F, 0xFF, 0x00, 0x7F, 0xFE,
    0x00, 0xFF, 0xFC, 0x01, 0xFF, 0xF8, 0x03, 0xFF, 0xF0, 0x07, 0xFF, 0xE0,
    0x0F, 0xFF, 0xC0, 0x1F, 0xFF, 0xC0, 0x7F, 0xFF, 0xC1, 0xFF, 0x7F, 0xFF,
    0xFC, 0xFF, 0xFF, 0xF8, 0xFF, 0xFF, 0xE0, 0xFF, 0xFF, 0x80, 0xFF, 0xFE,
    0x00, 0x7F, 0xE0, 0x00, 0x00, 0x00, 0x1F, 0x00, 0x00, 0x00, 0x0F, 0x80,
    0x00, 0x00, 0x03, 0xE0, 0x00, 0x00, 0x01, 0xF0, 0x00, 0x00, 0x00, 0x78,
    0x00, 0x00, 0x00, 0x3C, 0x00, 0x00, 0x00, 0x0E, 0x00, 0x00, 0x00, 0x00,
    0x00, 0x00, 0x00, 0x00, 0x00, 0x00, 0x00, 0x00, 0x00, 0x00, 0x00, 0x38,
    0x00, 0x03, 0x00, 0x1F, 0xC0, 0x07, 0xE0, 0x0F, 0xF0, 0x01, 0xFC, 0x07,
    0xF8, 0x00, 0x7F, 0x81, 0xFC, 0x00, 0x0F, 0xE0, 0xFF, 0x00, 0x01, 0xFC,
    0x3F, 0x80, 0x00, 0x7F, 0x1F, 0xC0, 0xFE, 0x0F, 0xE7, 0xF0, 0x3F, 0x83,
    0xF9, 0xFC, 0x0F, 0xE0, 0x7E, 0xFE, 0x03, 0xF8, 0x1F, 0xFF, 0x80, 0xFE,
    0x07, 0xFF, 0xE0, 0x3F, 0x81, 0xFF, 0xF8, 0x0F, 0xE0, 0x7F, 0xFE, 0x03,
    0xF8, 0x1F, 0xFF, 0x80, 0xFE, 0x07, 0xFF, 0xE0, 0x3F, 0x81, 0xFF, 0xFC,
    0x0F, 0xE0, 0xFF, 0x7F, 0x03, 0xF8, 0x3F, 0x9F, 0xE1, 0xFF, 0x1F, 0xE7,
    0xFF, 0xFF, 0xFF, 0xF8, 0xFF, 0xFF, 0xFF, 0xFC, 0x1F, 0xFF, 0xFF, 0xFE,
    0x03, 0xFF, 0xEF, 0xFF, 0x00, 0x7F, 0xF1, 0xFF, 0x80, 0x07, 0xF0, 0x1F,
    0x80,
};

const GFXglyph kGreekGlyphs[] PROGMEM = {
    {      0,  32,  36,  33,    0,  -35 },  // U+0386
    {    144,   7,   7,  16,    5,  -24 },  // U+0387
    {    151,  35,  36,  38,    0,  -35 },  // U+0388
    {    309,  37,  36,  41,    0,  -35 },  // U+0389
    {    476,  17,  36,  20,    0,  -35 },  // U+038A
    {    553,   0,   0,   0,    0,    0 },  // U+038B (absent)
    {    553,  36,  37,  38,    0,  -35 },  // U+038C
    {    720,   0,   0,   0,    0,    0 },  // U+038D (absent)
    {    720,  45,  36,  45,    0,  -35 },  // U+038E
    {    923,  39,  35,  40,    0,  -34 },  // U+038F
    {   1094,  20,  37,  16,   -1,  -35 },  // U+0390
    {   1187,  32,  34,  33,    0,  -33 },  // U+0391
    {   1323,  27,  34,  32,    3,  -33 },  // U+0392
    {   1438,  25,  34,  30,    4,  -33 },  // U+0393
    {   1545,  35,  34,  35,    0,  -33 },  // U+0394
    {   1694,  25,  34,  31,    4,  -33 },  // U+0395
    {   1801,  26,  34,  29,    1,  -33 },  // U+0396
    {   1912,  27,  34,  35,    4,  -33 },  // U+0397
    {   2027,  34,  34,  37,    2,  -33 },  // U+0398
    {   2172,   7,  34,  15,    4,  -33 },  // U+0399
    {   2202,  30,  34,  34,    4,  -33 },  // U+039A
    {   2330,  33,  34,  34,    0,  -33 },  // U+039B
    {   2471,  35,  34,  43,    4,  -33 },  // U+039C
    {   2620,  29,  34,  36,    4,  -33 },  // U+039D
    {   2744,  28,  34,  32,    2,  -33 },  // U+039E
    {   2863,  33,  36,  37,    2,  -34 },  // U+039F
    {   3012,  29,  34,  36,    4,  -33 },  // U+03A0
    {   3136,  28,  34,  34,    4,  -33 },  // U+03A1
    {   3255,   0,   0,   0,    0,    0 },  // U+03A2 (absent)
    {   3255,  29,  34,  32,    1,  -33 },  // U+03A3
    {   3379,  27,  34,  31,    2,  -33 },  // U+03A4
    {   3494,  36,  34,  36,    0,  -33 },  // U+03A5
    {   3647,  34,  35,  37,    2,  -33 },  // U+03A6
    {   3796,  36,  34,  37,    0,  -33 },  // U+03A7
    {   3949,  33,  34,  39,    3,  -33 },  // U+03A8
    {   4090,  34,  35,  38,    2,  -34 },  // U+03A9
    {   4239,  14,  42,  15,    0,  -41 },  // U+03AA
    {   4313,  36,  42,  36,    0,  -41 },  // U+03AB
    {   4502,  27,  37,  30,    2,  -35 },  // U+03AC
    {   4627,  24,  36,  27,    2,  -35 },  // U+03AD
    {   4735,  25,  46,  28,    1,  -35 },  // U+03AE
    {   4879,  13,  37,  17,    3,  -35 },  // U+03AF
    {   4940,  23,  37,  29,    3,  -35 },  // U+03B0
    {   5047,  27,  26,  30,    2,  -24 },  // U+03B1
    {   5135,  24,  42,  28,    3,  -33 },  // U+03B2
    {   5261,  26,  35,  27,    1,  -24 },  // U+03B3
    {   5375,  26,  34,  29,    2,  -33 },  // U+03B4
    {   5486,  24,  25,  27,    2,  -24 },  // U+03B5
    {   5561,  22,  44,  24,    2,  -33 },  // U+03B6
    {   5682,  26,  35,  28,    0,  -24 },  // U+03B7
    {   5796,  24,  35,  28,    2,  -33 },  // U+03B8
    {   5901,  13,  26,  16,    3,  -24 },  // U+03B9
    {   5944,  24,  25,  27,    3,  -24 },  // U+03BA
    {   6019,  27,  35,  28,    0,  -33 },  // U+03BB
    {   6138,  26,  33,  29,    3,  -24 },  // U+03BC
    {   6246,  26,  26,  27,    0,  -24 },  // U+03BD
    {   6331,  23,  44,  25,    2,  -33 },  // U+03BE
    {   6458,  25,  26,  29,    2,  -24 },  // U+03BF
    {   6540,  28,  26,  31,    3,  -24 },  // U+03C0
    {   6631,  25,  37,  30,    3,  -26 },  // U+03C1
    {   6747,  25,  36,  28,    2,  -25 },  // U+03C2
    {   6860,  29,  27,  31,    2,  -25 },  // U+03C3
    {   6958,  23,  26,  26,    2,  -24 },  // U+03C4
    {   7033,  23,  26,  29,    3,  -24 },  // U+03C5
    {   7108,  34,  34,  37,    2,  -24 },  // U+03C6
    {   7253,  29,  35,  30,    0,  -25 },  // U+03C7
    {   7380,  30,  35,  34,    2,  -24 },  // U+03C8
    {   7512,  34,  26,  38,    2,  -24 },  // U+03C9
    {   7623,  16,  35,  16,    0,  -33 },  // U+03CA
    {   7693,  23,  35,  29,    3,  -33 },  // U+03CB
    {   7794,  25,  37,  29,    2,  -35 },  // U+03CC
    {   7910,  23,  38,  29,    3,  -36 },  // U+03CD
    {   8020,  34,  36,  38,    2,  -34 },  // U+03CE
};

const GFXfont kGreek PROGMEM = {
    (uint8_t*)kGreekBitmaps, (GFXglyph*)kGreekGlyphs,
    0x0386, 0x03CE, 56
};

// U+0401..U+0451
const uint8_t kCyrillicBitmaps[] PROGMEM = {
    0x07, 0xC3, 0xE0, 0x03, 0xE1, 0xF0, 0x01, 0xF0, 0xF8, 0x00, 0xF8, 0x7C,
    0x00, 0x7C, 0x3E, 0x00, 0x3E, 0x1F, 0x00, 0x00, 0x00, 0x00, 0x00, 0x00,
    0x00, 0xFF, 0xFF, 0xFF, 0x7F, 0xFF, 0xFF, 0xBF, 0xFF, 0xFF, 0xDF, 0xFF,
    0xFF, 0xEF, 0xFF, 0xFF, 0xF7, 0xFF, 0xFF, 0xFB, 0xF8, 0x00, 0x01, 0xFC,
    0x00, 0x00, 0xFE, 0x00, 0x00, 0x7F, 0x00, 0x00, 0x3F, 0x80, 0x00, 0x1F,
    0xC0, 0x00, 0x0F, 0xE0, 0x00, 0x07, 0xFF, 0xFF, 0xF3, 0xFF, 0xFF, 0xF9,
    0xFF, 0xFF, 0xFC, 0xFF, 0xFF, 0xFE, 0x7F, 0xFF, 0xFF, 0x3F, 0xFF, 0xFF,
    0x9F, 0xC0, 0x00, 0x0F, 0xE0, 0x00, 0x07, 0xF0, 0x00, 0x03, 0xF8, 0x00,
    0x01, 0xFC, 0x00, 0x00, 0xFE, 0x00, 0x00, 0x7F, 0x00, 0x00, 0x3F, 0x80,
    0x00, 0x1F, 0xC0, 0x00, 0x0F, 0xFF, 0xFF, 0xFF, 0xFF, 0xFF, 0xFF, 0xFF,
    0xFF, 0xFF, 0xFF, 0xFF, 0xFF, 0xFF, 0xFF, 0xFF, 0xFF, 0xFF, 0xFF, 0xC0,
    0x00, 0x0F, 0xF8, 0x00, 0x00, 0x0F, 0xF8, 0x00, 0x00, 0x0F, 0xF8, 0x00,
    0x00, 0x1F, 0xFC, 0x00, 0x00, 0x1F, 0xFC, 0x00, 0x00, 0x1F, 0xFC, 0x00,
    0x00, 0x3F, 0xFE, 0x00, 0x00, 0x3F, 0xFE, 0x00, 0x00, 0x3F, 0x7E, 0x00,
    0x00, 0x7F, 0x7F, 0x00, 0x00, 0x7F, 0x7F, 0x00, 0x00, 0x7E, 0x3F, 0x00,
    0x00, 0xFE, 0x3F, 0x80, 0x00, 0xFE, 0x3F, 0x80, 0x01, 0xFC, 0x1F, 0x80,
    0x01, 0xFC, 0x1F, 0xC0, 0x01, 0xF8, 0x1F, 0xC0, 0x03, 0xF8, 0x0F, 0xE0,
    0x03, 0xF8, 0x0F, 0xE0, 0x03, 0xF0, 0x0F, 0xE0, 0x07, 0xF0, 0x07, 0xF0,
    0x07, 0xFF, 0xFF, 0xF0, 0x07, 0xFF, 0xFF, 0xF0, 0x0F, 0xFF, 0xFF, 0xF8,
    0x0F, 0xFF, 0xFF, 0xF8, 0x1F, 0xFF, 0xFF, 0xF8, 0x1F, 0xFF, 0xFF, 0xFC,
    0x1F, 0xC0, 0x01, 0xFC, 0x3F, 0x80, 0x01, 0xFC, 0x3F, 0x80, 0x00, 0xFE,
    0x3F, 0x80, 0x00, 0xFE, 0x7F, 0x00, 0x00, 0xFE, 0x7F, 0x00, 0x00, 0x7F,
    0x7F, 0x00, 0x00, 0x7F, 0xFF, 0xFF, 0xFF, 0x1F, 0xFF, 0xFF, 0xE3, 0xFF,
    0xFF, 0xFC, 0x7F, 0xFF, 0xFF, 0x8F, 0xFF, 0xFF, 0xF1, 0xFF, 0xFF, 0xFE,
    0x3F, 0x80, 0x00, 0x07, 0xF0, 0x00, 0x00, 0xFE, 0x00, 0x00, 0x1F, 0xC0,
    0x00, 0x03, 0xF8, 0x00, 0x00, 0x7F, 0x00, 0x00, 0x0F, 0xFF, 0xFE, 0x01,
    0xFF, 0xFF, 0xF0, 0x3F, 0xFF, 0xFF, 0x87, 0xFF, 0xFF, 0xF8, 0xFF, 0xFF,
    0xFF, 0x9F, 0xFF, 0xFF, 0xF3, 0xF8, 0x01, 0xFF, 0x7F, 0x00, 0x0F, 0xEF,
    0xE0, 0x01, 0xFF, 0xFC, 0x00, 0x1F, 0xFF, 0x80, 0x03, 0xFF, 0xF0, 0x00,
    0x7F, 0xFE, 0x00, 0x0F, 0xFF, 0xC0, 0x03, 0xFF, 0xF8, 0x00, 0x7F, 0xFF,
    0x00, 0x3F, 0xEF, 0xFF, 0xFF, 0xFD, 0xFF, 0xFF, 0xFF, 0x3F, 0xFF, 0xFF,
    0xE7, 0xFF, 0xFF, 0xF8, 0xFF, 0xFF, 0xFC, 0x1F, 0xFF, 0xFC, 0x00, 0xFF,
    0xFF, 0xE0, 0x1F, 0xFF, 0xFF, 0x83, 0xFF, 0xFF, 0xF8, 0x7F, 0xFF, 0xFF,
    0x8F, 0xFF, 0xFF, 0xF9, 0xFF, 0xFF, 0xFF, 0x3F, 0x80, 0x1F, 0xF7, 0xF0,
    0x01, 0xFE, 0xFE, 0x00, 0x1F, 0xDF, 0xC0, 0x03, 0xFB, 0xF8, 0x00, 0x7F,
    0x7F, 0x00, 0x1F, 0xCF, 0xE0, 0x07, 0xF9, 0xFF, 0xFF, 0xFE, 0x3F, 0xFF,
    0xFF, 0x87, 0xFF, 0xFF, 0xC0, 0xFF, 0xFF, 0xFE, 0x1F, 0xFF, 0xFF, 0xE3,
    0xFF, 0xFF, 0xFE, 0x7F, 0x00, 0x1F, 0xEF, 0xE0, 0x01, 0xFD, 0xFC, 0x00,
    0x1F, 0xFF, 0x80, 0x03, 0xFF, 0xF0, 0x00, 0x7F, 0xFE, 0x00, 0x0F, 0xFF,
    0xC0, 0x01, 0xFF, 0xF8, 0x00, 0x7F, 0xFF, 0x00, 0x1F, 0xEF, 0xFF, 0xFF,
    0xFD, 0xFF, 0xFF, 0xFF, 0x3F, 0xFF, 0xFF, 0xE7, 0xFF, 0xFF, 0xF8, 0xFF,
    0xFF, 0xFC, 0x1F, 0xFF, 0xFC, 0x00, 0xFF, 0xFF, 0xFF, 0xFF, 0xFF, 0xFF,
    0xFF, 0xFF, 0xFF, 0xFF, 0xFF, 0xFF, 0xFF, 0xFF, 0xFF, 0xFF, 0xFF, 0xFF,
    0xFE, 0x00, 0x00, 0xFE, 0x00, 0x00, 0xFE, 0x00, 0x00, 0xFE, 0x00, 0x00,
    0xFE, 0x00, 0x00, 0xFE, 0x00, 0x00, 0xFE, 0x00, 0x00, 0xFE, 0x00, 0x00,
    0xFE, 0x00, 0x00, 0xFE, 0x00, 0x00, 0xFE, 0x00, 0x00, 0xFE, 0x00, 0x00,
    0xFE, 0x00, 0x00, 0xFE, 0x00, 0x00, 0xFE, 0x00, 0x00, 0xFE, 0x00, 0x00,
    0xFE, 0x00, 0x00, 0xFE, 0x00, 0x00, 0xFE, 0x00, 0x00, 0xFE, 0x00, 0x00,
    0xFE, 0x00, 0x00, 0xFE, 0x00, 0x00, 0xFE, 0x00, 0x00, 0xFE, 0x00, 0x00,
    0xFE, 0x00, 0x00, 0xFE, 0x00, 0x00, 0xFE, 0x00, 0x00, 0xFE, 0x00, 0x00,
    0x00, 0x7F, 0xFF, 0xFF, 0x80, 0x00, 0xFF, 0xFF, 0xFF, 0x00, 0x01, 0xFF,
    0xFF, 0xFE, 0x00, 0x03, 0xFF, 0xFF, 0xFC, 0x00, 0x07, 0xFF, 0xFF, 0xF8,
    0x00, 0x0F, 0xFF, 0xFF, 0xF0, 0x00, 0x1F, 0xC0, 0x0F, 0xE0, 0x00, 0x3F,
    0x80, 0x1F, 0xC0, 0x00, 0x7F, 0x00, 0x3F, 0x80, 0x00, 0xFE, 0x00, 0x7F,
    0x00, 0x01, 0xFC, 0x00, 0xFE, 0x00, 0x03, 0xF8, 0x01, 0xFC, 0x00, 0x07,
    0xF0, 0x03, 0xF8, 0x00, 0x0F, 0xE0, 0x07, 0xF0, 0x00, 0x1F, 0xC0, 0x0F,
    0xE0, 0x00, 0x3F, 0x80, 0x1F, 0xC0, 0x00, 0x7F, 0x00, 0x3F, 0x80, 0x00,
    0xFE, 0x00, 0x7F, 0x00, 0x01, 0xFC, 0x00, 0xFE, 0x00, 0x03, 0xF8, 0x01,
    0xFC, 0x00, 0x07, 0xF0, 0x03, 0xF8, 0x00, 0x1F, 0xE0, 0x07, 0xF0, 0x00,
    0x3F, 0x80, 0x0F, 0xE0, 0x00, 0x7F, 0x00, 0x1F, 0xC0, 0x00, 0xFE, 0x00,
    0x3F, 0x80, 0x03, 0xFC, 0x00, 0x7F, 0x00, 0x07, 0xF0, 0x00, 0xFE, 0x00,
    0x0F, 0xE0, 0x01, 0xFC, 0x00, 0x3F, 0xFF, 0xFF, 0xF8, 0x1F, 0xFF, 0xFF,
    0xFF, 0xFF, 0xFF, 0xFF, 0xFF, 0xFF, 0xFF, 0xFF, 0xFF, 0xFF, 0xFF, 0xFF,
    0xFF, 0xFF, 0xFF, 0xFF, 0xFF, 0xFF, 0xFF, 0xFF, 0xFF, 0xFF, 0xF8, 0x00,
    0x00, 0x03, 0xFF, 0xF0, 0x00, 0x00, 0x07, 0xFF, 0xE0, 0x00, 0x00, 0x0F,
    0xFF, 0xC0, 0x00, 0x00, 0x1F, 0xFF, 0x80, 0x00, 0x00, 0x3F, 0xFF, 0x00,
    0x00, 0x00, 0x7F, 0xFE, 0x00, 0x00, 0x00, 0xFE, 0xFF, 0xFF, 0xFF, 0x7F,
    0xFF, 0xFF, 0xBF, 0xFF, 0xFF, 0xDF, 0xFF, 0xFF, 0xEF, 0xFF, 0xFF, 0xF7,
    0xFF, 0xFF, 0xFB, 0xF8, 0x00, 0x01, 0xFC, 0x00, 0x00, 0xFE, 0x00, 0x00,
    0x7F, 0x00, 0x00, 0x3F, 0x80, 0x00, 0x1F, 0xC0, 0x00, 0x0F, 0xE0, 0x00,
    0x07, 0xFF, 0xFF, 0xF3, 0xFF, 0xFF, 0xF9, 0xFF, 0xFF, 0xFC, 0xFF, 0xFF,
    0xFE, 0x7F, 0xFF, 0xFF, 0x3F, 0xFF, 0xFF, 0x9F, 0xC0, 0x00, 0x0F, 0xE0,
    0x00, 0x07, 0xF0, 0x00, 0x03, 0xF8, 0x00, 0x01, 0xFC, 0x00, 0x00, 0xFE,
    0x00, 0x00, 0x7F, 0x00, 0x00, 0x3F, 0x80, 0x00, 0x1F, 0xC0, 0x00, 0x0F,
    0xFF, 0xFF, 0xFF, 0xFF, 0xFF, 0xFF, 0xFF, 0xFF, 0xFF, 0xFF, 0xFF, 0xFF,
    0xFF, 0xFF, 0xFF, 0xFF, 0xFF, 0xFF, 0xC0, 0x3F, 0xC0, 0x07, 0xF0, 0x01,
    0xFE, 0x0F, 0xF0, 0x03, 0xF8, 0x01, 0xFE, 0x03, 0xFC, 0x01, 0xFC, 0x01,
    0xFE, 0x00, 0xFF, 0x00, 0xFE, 0x01, 0xFE, 0x00, 0x3F, 0x80, 0x7F, 0x00,
    0xFE, 0x00, 0x0F, 0xE0, 0x3F, 0x80, 0xFE, 0x00, 0x03, 0xF8, 0x1F, 0xC0,
    0xFE, 0x00, 0x01, 0xFE, 0x0F, 0xE0, 0xFE, 0x00, 0x00, 0x7F, 0x87, 0xF0,
    0xFF, 0x00, 0x00, 0x1F, 0xE3, 0xF8, 0xFF, 0x00, 0x00, 0x07, 0xF9, 0xFC,
    0xFF, 0x00, 0x00, 0x01, 0xFE, 0xFE, 0xFF, 0x00, 0x00, 0x00, 0x7F, 0xFF,
    0xFF, 0x00, 0x00, 0x00, 0x1F, 0xFF, 0xFF, 0x00, 0x00, 0x00, 0x07, 0xFF,
    0xFF, 0x00, 0x00, 0x00, 0x01, 0xFF, 0xFF, 0x00, 0x00, 0x00, 0x00, 0xFF,
    0xFF, 0x80, 0x00, 0x00, 0x00, 0xFF, 0xFF, 0xE0, 0x00, 0x00, 0x00, 0xFF,
    0xFF, 0xF8, 0x00, 0x00, 0x00, 0xFF, 0xFF, 0xFE, 0x00, 0x00, 0x00, 0x7F,
    0xFF, 0xFF, 0x00, 0x00, 0x00, 0x7F, 0xBF, 0xBF, 0xC0, 0x00, 0x00, 0x7F,
    0x9F, 0xCF, 0xF0, 0x00, 0x00, 0x7F, 0x8F, 0xE3, 0xFC, 0x00, 0x00, 0x7F,
    0x87, 0xF0, 0xFF, 0x00, 0x00, 0x7F, 0x83, 0xF8, 0x3F, 0xC0, 0x00, 0x7F,
    0xC1, 0xFC, 0x1F, 0xF0, 0x00, 0x7F, 0xC0, 0xFE, 0x07, 0xFC, 0x00, 0x7F,
    0xC0, 0x7F, 0x01, 0xFF, 0x00, 0x7F, 0xC0, 0x3F, 0x80, 0x7F, 0xC0, 0x7F,
    0xC0, 0x1F, 0xC0, 0x1F, 0xF0, 0x7F, 0xC0, 0x0F, 0xE0, 0x07, 0xFC, 0x7F,
    0xC0, 0x07, 0xF0, 0x01, 0xFF, 0x7F, 0xC0, 0x03, 0xF8, 0x00, 0x7F, 0xC0,
    0x00, 0x7F, 0xE0, 0x00, 0x3F, 0xFF, 0xC0, 0x0F, 0xFF, 0xFE, 0x01, 0xFF,
    0xFF, 0xF0, 0x3F, 0xFF, 0xFF, 0x87, 0xFF, 0xFF, 0xFC, 0x7F, 0xE0, 0x7F,
    0xCF, 0xF8, 0x01, 0xFE, 0xFF, 0x00, 0x0F, 0xEF, 0xE0, 0x00, 0xFE, 0xFE,
    0x00, 0x0F, 0xE0, 0x00, 0x00, 0xFE, 0x00, 0x00, 0x1F, 0xE0, 0x00, 0x07,
    0xFC, 0x00, 0x1F, 0xFF, 0xC0, 0x01, 0xFF, 0xF8, 0x00, 0x1F, 0xFF, 0x00,
    0x01, 0xFF, 0xF8, 0x00, 0x1F, 0xFF, 0xC0, 0x01, 0xFF, 0xFE, 0x00, 0x00,
    0x3F, 0xE0, 0x00, 0x00, 0xFF, 0x00, 0x00, 0x0F, 0xF0, 0x00, 0x00, 0x7F,
    0x00, 0x00, 0x07, 0xFF, 0xE0, 0x00, 0x7F, 0xFE, 0x00, 0x07, 0xFF, 0xF0,
    0x00, 0xFF, 0xFF, 0x80, 0x0F, 0xE7, 0xFE, 0x03, 0xFE, 0x7F, 0xFF, 0xFF,
    0xC3, 0xFF, 0xFF, 0xFC, 0x1F, 0xFF, 0xFF, 0x80, 0xFF, 0xFF, 0xF0, 0x03,
    0xFF, 0xFC, 0x00, 0x07, 0xFE, 0x00, 0xFE, 0x00, 0x0F, 0xFF, 0xE0, 0x00,
    0xFF, 0xFE, 0x00, 0x1F, 0xFF, 0xE0, 0x01, 0xFF, 0xFE, 0x00, 0x3F, 0xFF,
    0xE0, 0x03, 0xFF, 0xFE, 0x00, 0x7F, 0xFF, 0xE0, 0x0F, 0xFF, 0xFE, 0x00,
    0xFF, 0xFF, 0xE0, 0x1F, 0xFF, 0xFE, 0x01, 0xFF, 0xFF, 0xE0, 0x3F, 0x7F,
    0xFE, 0x07, 0xF7, 0xFF, 0xE0, 0x7E, 0x7F, 0xFE, 0x0F, 0xE7, 0xFF, 0xE0,
    0xFC, 0x7F, 0xFE, 0x1F, 0x87, 0xFF, 0xE3, 0xF8, 0x7F, 0xFE, 0x3F, 0x07,
    0xFF, 0xE7, 0xF0, 0x7F, 0xFE, 0x7E, 0x07, 0xFF, 0xEF, 0xC0, 0x7F, 0xFF,
    0xFC, 0x07, 0xFF, 0xFF, 0x80, 0x7F, 0xFF, 0xF8, 0x07, 0xFF, 0xFF, 0x00,
    0x7F, 0xFF, 0xE0, 0x07, 0xFF, 0xFE, 0x00, 0x7F, 0xFF, 0xC0, 0x07, 0xFF,
    0xFC, 0x00, 0x7F, 0xFF, 0x80, 0x07, 0xFF, 0xF8, 0x00, 0x7F, 0xFF, 0x00,
    0x07, 0xFF, 0xE0, 0x00, 0x7F, 0x00, 0xC0, 0xE0, 0x00, 0x0E, 0x1E, 0x00,
    0x00, 0xFF, 0xC0, 0x00, 0x07, 0xFC, 0x00, 0x00, 0x7F, 0x80, 0x00, 0x01,
    0xF0, 0x00, 0x00, 0x00, 0x00, 0x0F, 0xE0, 0x00, 0xFF, 0xFE, 0x00, 0x0F,
    0xFF, 0xE0, 0x01, 0xFF, 0xFE, 0x00, 0x1F, 0xFF, 0xE0, 0x03, 0xFF, 0xFE,
    0x00, 0x3F, 0xFF, 0xE0, 0x07, 0xFF, 0xFE, 0x00, 0xFF, 0xFF, 0xE0, 0x0F,
    0xFF, 0xFE, 0x01, 0xFF, 0xFF, 0xE0, 0x1F, 0xFF, 0xFE, 0x03, 0xF7, 0xFF,
    0xE0, 0x7F, 0x7F, 0xFE, 0x07, 0xE7, 0xFF, 0xE0, 0xFE, 0x7F, 0xFE, 0x0F,
    0xC7, 0xFF, 0xE1, 0xF8, 0x7F, 0xFE, 0x3F, 0x87, 0xFF, 0xE3, 0xF0, 0x7F,
    0xFE, 0x7F, 0x07, 0xFF, 0xE7, 0xE0, 0x7F, 0xFE, 0xFC, 0x07, 0xFF, 0xFF,
    0xC0, 0x7F, 0xFF, 0xF8, 0x07, 0xFF, 0xFF, 0x80, 0x7F, 0xFF, 0xF0, 0x07,
    0xFF, 0xFE, 0x00, 0x7F, 0xFF, 0xE0, 0x07, 0xFF, 0xFC, 0x00, 0x7F, 0xFF,
    0xC0, 0x07, 0xFF, 0xF8, 0x00, 0x7F, 0xFF, 0x80, 0x07, 0xFF, 0xF0, 0x00,
    0x7F, 0xFE, 0x00, 0x07, 0xF0, 0xFE, 0x00, 0x0F, 0xF3, 0xF8, 0x00, 0x7F,
    0x8F, 0xE0, 0x03, 0xFC, 0x3F, 0x80, 0x1F, 0xE0, 0xFE, 0x00, 0xFF, 0x03,
    0xF8, 0x07, 0xF8, 0x0F, 0xE0, 0x3F, 0xC0, 0x3F, 0x81, 0xFE, 0x00, 0xFE,
    0x0F, 0xF0, 0x03, 0xF8, 0x7F, 0x80, 0x0F, 0xE3, 0xFC, 0x00, 0x3F, 0x9F,
    0xE0, 0x00, 0xFE, 0xFF, 0x00, 0x03, 0xFF, 0xF8, 0x00, 0x0F, 0xFF, 0x80,
    0x00, 0x3F, 0xFC, 0x00, 0x00, 0xFF, 0xF0, 0x00, 0x03, 0xFF, 0xE0, 0x00,
    0x0F, 0xFF, 0xC0, 0x00, 0x3F, 0xFF, 0x80, 0x00, 0xFF, 0xFF, 0x00, 0x03,
    0xFB, 0xFE, 0x00, 0x0F, 0xE7, 0xFC, 0x00, 0x3F, 0x8F, 0xF8, 0x00, 0xFE,
    0x1F, 0xF0, 0x03, 0xF8, 0x3F, 0xE0, 0x0F, 0xE0, 0x7F, 0xC0, 0x3F, 0x80,
    0xFF, 0x80, 0xFE, 0x01, 0xFF, 0x03, 0xF8, 0x03, 0xFE, 0x0F, 0xE0, 0x07,
    0xFC, 0x3F, 0x80, 0x0F, 0xFC, 0xFE, 0x00, 0x1F, 0xFB, 0xF8, 0x00, 0x3F,
    0xF0, 0x0F, 0xFF, 0xFF, 0xF8, 0x7F, 0xFF, 0xFF, 0xC3, 0xFF, 0xFF, 0xFE,
    0x1F, 0xFF, 0xFF, 0xF0, 0xFF, 0xFF, 0xFF, 0x87, 0xFF, 0xFF, 0xFC, 0x3F,
    0x80, 0x0F, 0xE1, 0xFC, 0x00, 0x7F, 0x0F, 0xE0, 0x03, 0xF8, 0x7F, 0x00,
    0x1F, 0xC3, 0xF8, 0x00, 0xFE, 0x1F, 0xC0, 0x07, 0xF0, 0xFE, 0x00, 0x3F,
    0x87, 0xF0, 0x01, 0xFC, 0x3F, 0x80, 0x0F, 0xE1, 0xFC, 0x00, 0x7F, 0x0F,
    0xE0, 0x03, 0xF8, 0x7F, 0x00, 0x1F, 0xC3, 0xF8, 0x00, 0xFE, 0x1F, 0xC0,
    0x07, 0xF0, 0xFE, 0x00, 0x3F, 0x87, 0xF0, 0x01, 0xFC, 0x7F, 0x80, 0x0F,
    0xE3, 0xF8, 0x00, 0x7F, 0x1F, 0xC0, 0x03, 0xF8, 0xFE, 0x00, 0x1F, 0xCF,
    0xF0, 0x00, 0xFE, 0xFF, 0x00, 0x07, 0xFF, 0xF8, 0x00, 0x3F, 0xFF, 0x80,
    0x01, 0xFF, 0xFC, 0x00, 0x0F, 0xFF, 0xC0, 0x00, 0x7F, 0xFC, 0x00, 0x03,
    0xFF, 0xC0, 0x00, 0x1F, 0xE0, 0x00, 0x00, 0x00, 0xFF, 0xE0, 0x03, 0xFF,
    0xFF, 0xF0, 0x01, 0xFF, 0xFF, 0xF8, 0x00, 0xFF, 0xFF, 0xFC, 0x00, 0x7F,
    0xFF, 0xFE, 0x00, 0x7F, 0xFF, 0xFF, 0x80, 0x3F, 0xFF, 0xFF, 0xC0, 0x1F,
    0xFF, 0xFF, 0xE0, 0x0F, 0xFF, 0xFF, 0xF0, 0x07, 0xFF, 0xFF, 0xFC, 0x07,
    0xFF, 0xFF, 0xBE, 0x03, 0xEF, 0xFF, 0xDF, 0x01, 0xF7, 0xFF, 0xEF, 0x80,
    0xFB, 0xFF, 0xF7, 0xC0, 0xFD, 0xFF, 0xFB, 0xF0, 0x7C, 0xFF, 0xFC, 0xF8,
    0x3E, 0x7F, 0xFE, 0x7C, 0x1F, 0x3F, 0xFF, 0x3E, 0x0F, 0x9F, 0xFF, 0x9F,
    0x8F, 0x8F, 0xFF, 0xC7, 0xC7, 0xC7, 0xFF, 0xE3, 0xE3, 0xE3, 0xFF, 0xF1,
    0xF1, 0xF1, 0xFF, 0xF8, 0xFC, 0xF8, 0xFF, 0xFC, 0x3E, 0xF8, 0x7F, 0xFE,
    0x1F, 0x7C, 0x3F, 0xFF, 0x0F, 0xBE, 0x1F, 0xFF, 0x87, 0xDF, 0x0F, 0xFF,
    0xC3, 0xFF, 0x07, 0xFF, 0xE0, 0xFF, 0x83, 0xFF, 0xF0, 0x7F, 0xC1, 0xFF,
    0xF8, 0x3F, 0xE0, 0xFF, 0xFC, 0x1F, 0xF0, 0x7F, 0xFE, 0x07, 0xF0, 0x3F,
    0xFF, 0x03, 0xF8, 0x1F, 0xC0, 0xFE, 0x00, 0x0F, 0xFF, 0xC0, 0x01, 0xFF,
    0xF8, 0x00, 0x3F, 0xFF, 0x00, 0x07, 0xFF, 0xE0, 0x00, 0xFF, 0xFC, 0x00,
    0x1F, 0xFF, 0x80, 0x03, 0xFF, 0xF0, 0x00, 0x7F, 0xFE, 0x00, 0x0F, 0xFF,
    0xC0, 0x01, 0xFF, 0xF8, 0x00, 0x3F, 0xFF, 0x00, 0x07, 0xFF, 0xE0, 0x00,
    0xFF, 0xFF, 0xFF, 0xFF, 0xFF, 0xFF, 0xFF, 0xFF, 0xFF, 0xFF, 0xFF, 0xFF,
    0xFF, 0xFF, 0xFF, 0xFF, 0xFF, 0xFF, 0xFF, 0xFF, 0xFF, 0xFF, 0x00, 0x07,
    0xFF, 0xE0, 0x00, 0xFF, 0xFC, 0x00, 0x1F, 0xFF, 0x80, 0x03, 0xFF, 0xF0,
    0x00, 0x7F, 0xFE, 0x00, 0x0F, 0xFF, 0xC0, 0x01, 0xFF, 0xF8, 0x00, 0x3F,
    0xFF, 0x00, 0x07, 0xFF, 0xE0, 0x00, 0xFF, 0xFC, 0x00, 0x1F, 0xFF, 0x80,
    0x03, 0xFF, 0xF0, 0x00, 0x7F, 0xFE, 0x00, 0x0F, 0xFF, 0xC0, 0x01, 0xFC,
    0x00, 0x0F, 0xF8, 0x00, 0x00, 0x3F, 0xFF, 0x80, 0x00, 0x7F, 0xFF, 0xF0,
    0x00, 0x7F, 0xFF, 0xFC, 0x00, 0x7F, 0xFF, 0xFF, 0x00, 0x7F, 0xFF, 0xFF,
    0xC0, 0x7F, 0xE0, 0x3F, 0xF0, 0x3F, 0xC0, 0x0F, 0xF8, 0x3F, 0xC0, 0x01,
    0xFE, 0x1F, 0xC0, 0x00, 0x7F, 0x1F, 0xE0, 0x00, 0x3F, 0xCF, 0xE0, 0x00,
    0x0F, 0xE7, 0xF0, 0x00, 0x07, 0xF7, 0xF8, 0x00, 0x03, 0xFF, 0xF8, 0x00,
    0x00, 0xFF, 0xFC, 0x00, 0x00, 0x7F, 0xFE, 0x00, 0x00, 0x3F, 0xFF, 0x00,
    0x00, 0x1F, 0xFF, 0x80, 0x00, 0x0F, 0xFF, 0xC0, 0x00, 0x07, 0xFF, 0xE0,
    0x00, 0x03, 0xFF, 0xF0, 0x00, 0x01, 0xFF, 0xFC, 0x00, 0x01, 0xFE, 0xFE,
    0x00, 0x00, 0xFE, 0x7F, 0x00, 0x00, 0x7F, 0x3F, 0xC0, 0x00, 0x7F, 0x8F,
    0xE0, 0x00, 0x3F, 0x87, 0xF8, 0x00, 0x3F, 0xC1, 0xFE, 0x00, 0x3F, 0xC0,
    0xFF, 0xC0, 0x7F, 0xE0, 0x3F, 0xFF, 0xFF, 0xE0, 0x0F, 0xFF, 0xFF, 0xE0,
    0x03, 0xFF, 0xFF, 0xE0, 0x00, 0xFF, 0xFF, 0xE0, 0x00, 0x1F, 0xFF, 0xC0,
    0x00, 0x01, 0xFF, 0x00, 0x00, 0xFF, 0xFF, 0xFF, 0xFF, 0xFF, 0xFF, 0xFF,
    0xFF, 0xFF, 0xFF, 0xFF, 0xFF, 0xFF, 0xFF, 0xFF, 0xFF, 0xFF, 0xFF, 0xFF,
    0xFF, 0xFF, 0x80, 0x03, 0xFF, 0xF0, 0x00, 0x7F, 0xFE, 0x00, 0x0F, 0xFF,
    0xC0, 0x01, 0xFF, 0xF8, 0x00, 0x3F, 0xFF, 0x00, 0x07, 0xFF, 0xE0, 0x00,
    0xFF, 0xFC, 0x00, 0x1F, 0xFF, 0x80, 0x03, 0xFF, 0xF0, 0x00, 0x7F, 0xFE,
    0x00, 0x0F, 0xFF, 0xC0, 0x01, 0xFF, 0xF8, 0x00, 0x3F, 0xFF, 0x00, 0x07,
    0xFF, 0xE0, 0x00, 0xFF, 0xFC, 0x00, 0x1F, 0xFF, 0x80, 0x03, 0xFF, 0xF0,
    0x00, 0x7F, 0xFE, 0x00, 0x0F, 0xFF, 0xC0, 0x01, 0xFF, 0xF8, 0x00, 0x3F,
    0xFF, 0x00, 0x07, 0xFF, 0xE0, 0x00, 0xFF, 0xFC, 0x00, 0x1F, 0xFF, 0x80,
    0x03, 0xFF, 0xF0, 0x00, 0x7F, 0xFE, 0x00, 0x0F, 0xFF, 0xC0, 0x01, 0xFC,
    0xFF, 0xFF, 0xE0, 0x3F, 0xFF, 0xFF, 0x0F, 0xFF, 0xFF, 0xE3, 0xFF, 0xFF,
    0xFC, 0xFF, 0xFF, 0xFF, 0xBF, 0xFF, 0xFF, 0xEF, 0xE0, 0x0F, 0xFB, 0xF8,
    0x00, 0xFF, 0xFE, 0x00, 0x1F, 0xFF, 0x80, 0x07, 0xFF, 0xE0, 0x01, 0xFF,
    0xF8, 0x00, 0x7F, 0xFE, 0x00, 0x1F, 0xFF, 0x80, 0x07, 0xFF, 0xE0, 0x03,
    0xFF, 0xF8, 0x03, 0xFE, 0xFF, 0xFF, 0xFF, 0xBF, 0xFF, 0xFF, 0xCF, 0xFF,
    0xFF, 0xF3, 0xFF, 0xFF, 0xF8, 0xFF, 0xFF, 0xF8, 0x3F, 0xFF, 0xF8, 0x0F,
    0xE0, 0x00, 0x03, 0xF8, 0x00, 0x00, 0xFE, 0x00, 0x00, 0x3F, 0x80, 0x00,
    0x0F, 0xE0, 0x00, 0x03, 0xF8, 0x00, 0x00, 0xFE, 0x00, 0x00, 0x3F, 0x80,
    0x00, 0x0F, 0xE0, 0x00, 0x03, 0xF8, 0x00, 0x00, 0xFE, 0x00, 0x00, 0x3F,
    0x80, 0x00, 0x00, 0x00, 0x1F, 0xF0, 0x00, 0x03, 0xFF, 0xF8, 0x00, 0x1F,
    0xFF, 0xF8, 0x01, 0xFF, 0xFF, 0xF0, 0x0F, 0xFF, 0xFF, 0xE0, 0x3F, 0xFF,
    0xFF, 0xC1, 0xFF, 0x81, 0xFF, 0x0F, 0xF8, 0x01, 0xFE, 0x3F, 0xC0, 0x07,
    0xF9, 0xFE, 0x00, 0x0F, 0xE7, 0xF8, 0x00, 0x1F, 0xDF, 0xC0, 0x00, 0x7F,
    0x7F, 0x00, 0x00, 0x03, 0xF8, 0x00, 0x00, 0x0F, 0xE0, 0x00, 0x00, 0x3F,
    0x80, 0x00, 0x00, 0xFE, 0x00, 0x00, 0x03, 0xF8, 0x00, 0x00, 0x0F, 0xE0,
    0x00, 0x00, 0x3F, 0x80, 0x00, 0x00, 0xFE, 0x00, 0x00, 0x03, 0xF8, 0x00,
    0x00, 0x0F, 0xE0, 0x00, 0x00, 0x1F, 0xC0, 0x00, 0x00, 0x7F, 0x00, 0x01,
    0xFD, 0xFC, 0x00, 0x07, 0xF7, 0xF8, 0x00, 0x3F, 0xCF, 0xF0, 0x00, 0xFE,
    0x3F, 0xE0, 0x07, 0xF8, 0x7F, 0xE0, 0x7F, 0xE0, 0xFF, 0xFF, 0xFF, 0x03,
    0xFF, 0xFF, 0xF8, 0x07, 0xFF, 0xFF, 0xC0, 0x07, 0xFF, 0xFE, 0x00, 0x0F,
    0xFF, 0xE0, 0x00, 0x07, 0xFC, 0x00, 0xFF, 0xFF, 0xFF, 0xFF, 0xFF, 0xFF,
    0xFF, 0xFF, 0xFF, 0xFF, 0xFF, 0xFF, 0xFF, 0xFF, 0xFF, 0xFF, 0xFF, 0xFF,
    0xFF, 0xFF, 0xC0, 0x0F, 0xE0, 0x00, 0x01, 0xFC, 0x00, 0x00, 0x3F, 0x80,
    0x00, 0x07, 0xF0, 0x00, 0x00, 0xFE, 0x00, 0x00, 0x1F, 0xC0, 0x00, 0x03,
    0xF8, 0x00, 0x00, 0x7F, 0x00, 0x00, 0x0F, 0xE0, 0x00, 0x01, 0xFC, 0x00,
    0x00, 0x3F, 0x80, 0x00, 0x07, 0xF0, 0x00, 0x00, 0xFE, 0x00, 0x00, 0x1F,
    0xC0, 0x00, 0x03, 0xF8, 0x00, 0x00, 0x7F, 0x00, 0x00, 0x0F, 0xE0, 0x00,
    0x01, 0xFC, 0x00, 0x00, 0x3F, 0x80, 0x00, 0x07, 0xF0, 0x00, 0x00, 0xFE,
    0x00, 0x00, 0x1F, 0xC0, 0x00, 0x03, 0xF8, 0x00, 0x00, 0x7F, 0x00, 0x00,
    0x0F, 0xE0, 0x00, 0x01, 0xFC, 0x00, 0x00, 0x3F, 0x80, 0x00, 0x07, 0xF0,
    0x00, 0x7F, 0x00, 0x00, 0xFF, 0x7F, 0x80, 0x00, 0xFF, 0x3F, 0x80, 0x01,
    0xFE, 0x3F, 0xC0, 0x01, 0xFE, 0x1F, 0xC0, 0x03, 0xFC, 0x1F, 0xE0, 0x03,
    0xFC, 0x0F, 0xE0, 0x07, 0xF8, 0x0F, 0xF0, 0x07, 0xF8, 0x07, 0xF0, 0x0F,
    0xF0, 0x07, 0xF8, 0x0F, 0xF0, 0x03, 0xF8, 0x1F, 0xE0, 0x03, 0xFC, 0x1F,
    0xE0, 0x01, 0xFC, 0x3F, 0xC0, 0x01, 0xFE, 0x3F, 0xC0, 0x00, 0xFE, 0x7F,
    0x80, 0x00, 0xFF, 0x7F, 0x80, 0x00, 0x7F, 0xFF, 0x00, 0x00, 0x7F, 0xFF,
    0x00, 0x00, 0x3F, 0xFE, 0x00, 0x00, 0x3F, 0xFE, 0x00, 0x00, 0x1F, 0xFC,
    0x00, 0x00, 0x1F, 0xFC, 0x00, 0x00, 0x0F, 0xF8, 0x00, 0x00, 0x0F, 0xF8,
    0x00, 0x00, 0x0F, 0xF0, 0x00, 0x00, 0x1F, 0xF0, 0x00, 0x00, 0x1F, 0xE0,
    0x00, 0x00, 0x3F, 0xE0, 0x00, 0x00, 0x3F, 0xC0, 0x00, 0x00, 0x7F, 0x80,
    0x00, 0x00, 0x7F, 0x80, 0x00, 0x00, 0xFF, 0x00, 0x00, 0x00, 0xFF, 0x00,
    0x00, 0x01, 0xFE, 0x00, 0x00, 0x00, 0x00, 0xFE, 0x00, 0x00, 0x00, 0x00,
    0xFE, 0x00, 0x00, 0x00, 0x00, 0xFE, 0x00, 0x00, 0x00, 0x00, 0xFE, 0x00,
    0x00, 0x00, 0x7F, 0xFF, 0xFC, 0x00, 0x03, 0xFF, 0xFF, 0xFF, 0xC0, 0x0F,
    0xFF, 0xFF, 0xFF, 0xE0, 0x1F, 0xFF, 0xFF, 0xFF, 0xF8, 0x3F, 0xFF, 0xFF,
    0xFF, 0xFC, 0x3F, 0xF0, 0xFE, 0x0F, 0xFC, 0x7F, 0x80, 0xFE, 0x03, 0xFE,
    0x7F, 0x00, 0xFE, 0x01, 0xFE, 0xFF, 0x00, 0xFE, 0x00, 0xFE, 0xFE, 0x00,
    0xFE, 0x00, 0xFF, 0xFE, 0x00, 0xFE, 0x00, 0x7F, 0xFE, 0x00, 0xFE, 0x00,
    0x7F, 0xFE, 0x00, 0xFE, 0x00, 0x7F, 0xFE, 0x00, 0xFE, 0x00, 0x7F, 0xFE,
    0x00, 0xFE, 0x00, 0x7F, 0xFE, 0x00, 0xFE, 0x00, 0x7F, 0xFF, 0x00, 0xFE,
    0x00, 0xFF, 0x7F, 0x00, 0xFE, 0x00, 0xFE, 0x7F, 0x00, 0xFE, 0x01, 0xFE,
    0x3F, 0x80, 0xFE, 0x03, 0xFC, 0x3F, 0xE0, 0xFE, 0x0F, 0xFC, 0x1F, 0xFF,
    0xFF, 0xFF, 0xF8, 0x0F, 0xFF, 0xFF, 0xFF, 0xE0, 0x03, 0xFF, 0xFF, 0xFF,
    0x80, 0x00, 0x7F, 0xFF, 0xFC, 0x00, 0x00, 0x00, 0xFE, 0x00, 0x00, 0x00,
    0x00, 0xFE, 0x00, 0x00, 0x00, 0x00, 0xFE, 0x00, 0x00, 0x00, 0x00, 0xFE,
    0x00, 0x00, 0x00, 0x00, 0xFE, 0x00, 0x00, 0x7F, 0x80, 0x07, 0xF8, 0xFF,
    0x00, 0x1F, 0xE3, 0xFE, 0x00, 0xFF, 0x07, 0xF8, 0x03, 0xFC, 0x0F, 0xF0,
    0x1F, 0xE0, 0x3F, 0xC0, 0xFF, 0x00, 0x7F, 0x83, 0xFC, 0x01, 0xFE, 0x1F,
    0xE0, 0x03, 0xFC, 0x7F, 0x00, 0x07, 0xF3, 0xFC, 0x00, 0x1F, 0xEF, 0xE0,
    0x00, 0x3F, 0xFF, 0x00, 0x00, 0x7F, 0xFC, 0x00, 0x01, 0xFF, 0xE0, 0x00,
    0x03, 0xFF, 0x80, 0x00, 0x0F, 0xFC, 0x00, 0x00, 0x1F, 0xE0, 0x00, 0x00,
    0x7F, 0xC0, 0x00, 0x03, 0xFF, 0x00, 0x00, 0x0F, 0xFE, 0x00, 0x00, 0x7F,
    0xFC, 0x00, 0x03, 0xFF, 0xF0, 0x00, 0x0F, 0xFF, 0xE0, 0x00, 0x7F, 0x3F,
    0x80, 0x03, 0xFC, 0xFF, 0x00, 0x0F, 0xE1, 0xFE, 0x00, 0x7F, 0x83, 0xF8,
    0x01, 0xFC, 0x0F, 0xF0, 0x0F, 0xF0, 0x1F, 0xE0, 0x7F, 0x80, 0x7F, 0x81,
    0xFE, 0x00, 0xFF, 0x0F, 0xF0, 0x03, 0xFE, 0x7F, 0x80, 0x07, 0xF9, 0xFE,
    0x00, 0x1F, 0xF0, 0xFE, 0x00, 0x0F, 0xE0, 0x7F, 0x00, 0x07, 0xF0, 0x3F,
    0x80, 0x03, 0xF8, 0x1F, 0xC0, 0x01, 0xFC, 0x0F, 0xE0, 0x00, 0xFE, 0x07,
    0xF0, 0x00, 0x7F, 0x03, 0xF8, 0x00, 0x3F, 0x81, 0xFC, 0x00, 0x1F, 0xC0,
    0xFE, 0x00, 0x0F, 0xE0, 0x7F, 0x00, 0x07, 0xF0, 0x3F, 0x80, 0x03, 0xF8,
    0x1F, 0xC0, 0x01, 0xFC, 0x0F, 0xE0, 0x00, 0xFE, 0x07, 0xF0, 0x00, 0x7F,
    0x03, 0xF8, 0x00, 0x3F, 0x81, 0xFC, 0x00, 0x1F, 0xC0, 0xFE, 0x00, 0x0F,
    0xE0, 0x7F, 0x00, 0x07, 0xF0, 0x3F, 0x80, 0x03, 0xF8, 0x1F, 0xC0, 0x01,
    0xFC, 0x0F, 0xE0, 0x00, 0xFE, 0x07, 0xF0, 0x00, 0x7F, 0x03, 0xF8, 0x00,
    0x3F, 0x81, 0xFC, 0x00, 0x1F, 0xC0, 0xFE, 0x00, 0x0F, 0xE0, 0x7F, 0x00,
    0x07, 0xF0, 0x3F, 0x80, 0x03, 0xF8, 0x1F, 0xC0, 0x01, 0xFC, 0x0F, 0xFF,
    0xFF, 0xFE, 0x07, 0xFF, 0xFF, 0xFF, 0xFF, 0xFF, 0xFF, 0xFF, 0xFF, 0xFF,
    0xFF, 0xFF, 0xFF, 0xFF, 0xFF, 0xFF, 0xFF, 0xFF, 0xFF, 0xFF, 0xFF, 0xC0,
    0x00, 0x00, 0x0F, 0xE0, 0x00, 0x00, 0x07, 0xF0, 0x00, 0x00, 0x03, 0xF8,
    0x00, 0x00, 0x01, 0xFC, 0x00, 0x00, 0x00, 0xFE, 0x00, 0x00, 0x00, 0x7F,
    0xFE, 0x00, 0x1F, 0xFF, 0x80, 0x07, 0xFF, 0xE0, 0x01, 0xFF, 0xF8, 0x00,
    0x7F, 0xFE, 0x00, 0x1F, 0xFF, 0x80, 0x07, 0xFF, 0xE0, 0x01, 0xFF, 0xF8,
    0x00, 0x7F, 0xFE, 0x00, 0x1F, 0xFF, 0x80, 0x07, 0xFF, 0xE0, 0x01, 0xFF,
    0xF8, 0x00, 0x7F, 0xFE, 0x00, 0x1F, 0xFF, 0x80, 0x07, 0xFF, 0xE0, 0x01,
    0xFF, 0xF8, 0x00, 0x7F, 0xFE, 0x00, 0x1F, 0xFF, 0xE0, 0x07, 0xF7, 0xFF,
    0xFF, 0xFD, 0xFF, 0xFF, 0xFF, 0x3F, 0xFF, 0xFF, 0xC7, 0xFF, 0xFF, 0xF0,
    0xFF, 0xFF, 0xFC, 0x07, 0xFF, 0xFF, 0x00, 0x00, 0x1F, 0xC0, 0x00, 0x07,
    0xF0, 0x00, 0x01, 0xFC, 0x00, 0x00, 0x7F, 0x00, 0x00, 0x1F, 0xC0, 0x00,
    0x07, 0xF0, 0x00, 0x01, 0xFC, 0x00, 0x00, 0x7F, 0x00, 0x00, 0x1F, 0xC0,
    0x00, 0x07, 0xF0, 0xFE, 0x00, 0x7F, 0x00, 0x1F, 0xFF, 0x80, 0x1F, 0xC0,
    0x07, 0xFF, 0xE0, 0x07, 0xF0, 0x01, 0xFF, 0xF8, 0x01, 0xFC, 0x00, 0x7F,
    0xFE, 0x00, 0x7F, 0x00, 0x1F, 0xFF, 0x80, 0x1F, 0xC0, 0x07, 0xFF, 0xE0,
    0x07, 0xF0, 0x01, 0xFF, 0xF8, 0x01, 0xFC, 0x00, 0x7F, 0xFE, 0x00, 0x7F,
    0x00, 0x1F, 0xFF, 0x80, 0x1F, 0xC0, 0x07, 0xFF, 0xE0, 0x07, 0xF0, 0x01,
    0xFF, 0xF8, 0x01, 0xFC, 0x00, 0x7F, 0xFE, 0x00, 0x7F, 0x00, 0x1F, 0xFF,
    0x80, 0x1F, 0xC0, 0x07, 0xFF, 0xE0, 0x07, 0xF0, 0x01, 0xFF, 0xF8, 0x01,
    0xFC, 0x00, 0x7F, 0xFE, 0x00, 0x7F, 0x00, 0x1F, 0xFF, 0x80, 0x1F, 0xC0,
    0x07, 0xFF, 0xE0, 0x07, 0xF0, 0x01, 0xFF, 0xF8, 0x01, 0xFC, 0x00, 0x7F,
    0xFE, 0x00, 0x7F, 0x00, 0x1F, 0xFF, 0x80, 0x1F, 0xC0, 0x07, 0xFF, 0xE0,
    0x07, 0xF0, 0x01, 0xFF, 0xF8, 0x01, 0xFC, 0x00, 0x7F, 0xFE, 0x00, 0x7F,
    0x00, 0x1F, 0xFF, 0x80, 0x1F, 0xC0, 0x07, 0xFF, 0xE0, 0x07, 0xF0, 0x01,
    0xFF, 0xF8, 0x01, 0xFC, 0x00, 0x7F, 0xFF, 0xFF, 0xFF, 0xFF, 0xFF, 0xFF,
    0xFF, 0xFF, 0xFF, 0xFF, 0xFF, 0xFF, 0xFF, 0xFF, 0xFF, 0xFF, 0xFF, 0xFF,
    0xFF, 0xFF, 0xFF, 0xFF, 0xFF, 0xFF, 0xFF, 0xFF, 0xFF, 0xFF, 0xFF, 0xFF,
    0xFF, 0xF0, 0xFE, 0x00, 0x3F, 0x80, 0x1F, 0xC0, 0xFE, 0x00, 0x3F, 0x80,
    0x1F, 0xC0, 0xFE, 0x00, 0x3F, 0x80, 0x1F, 0xC0, 0xFE, 0x00, 0x3F, 0x80,
    0x1F, 0xC0, 0xFE, 0x00, 0x3F, 0x80, 0x1F, 0xC0, 0xFE, 0x00, 0x3F, 0x80,
    0x1F, 0xC0, 0xFE, 0x00, 0x3F, 0x80, 0x1F, 0xC0, 0xFE, 0x00, 0x3F, 0x80,
    0x1F, 0xC0, 0xFE, 0x00, 0x3F, 0x80, 0x1F, 0xC0, 0xFE, 0x00, 0x3F, 0x80,
    0x1F, 0xC0, 0xFE, 0x00, 0x3F, 0x80, 0x1F, 0xC0, 0xFE, 0x00, 0x3F, 0x80,
    0x1F, 0xC0, 0xFE, 0x00, 0x3F, 0x80, 0x1F, 0xC0, 0xFE, 0x00, 0x3F, 0x80,
    0x1F, 0xC0, 0xFE, 0x00, 0x3F, 0x80, 0x1F, 0xC0, 0xFE, 0x00, 0x3F, 0x80,
    0x1F, 0xC0, 0xFE, 0x00, 0x3F, 0x80, 0x1F, 0xC0, 0xFE, 0x00, 0x3F, 0x80,
    0x1F, 0xC0, 0xFE, 0x00, 0x3F, 0x80, 0x1F, 0xC0, 0xFE, 0x00, 0x3F, 0x80,
    0x1F, 0xC0, 0xFE, 0x00, 0x3F, 0x80, 0x1F, 0xC0, 0xFE, 0x00, 0x3F, 0x80,
    0x1F, 0xC0, 0xFE, 0x00, 0x3F, 0x80, 0x1F, 0xC0, 0xFE, 0x00, 0x3F, 0x80,
    0x1F, 0xC0, 0xFE, 0x00, 0x3F, 0x80, 0x1F, 0xC0, 0xFE, 0x00, 0x3F, 0x80,
    0x1F, 0xC0, 0xFE, 0x00, 0x3F, 0x80, 0x1F, 0xC0, 0xFE, 0x00, 0x3F, 0x80,
    0x1F, 0xC0, 0xFF, 0xFF, 0xFF, 0xFF, 0xFF, 0xC0, 0xFF, 0xFF, 0xFF, 0xFF,
    0xFF, 0xFF, 0xFF, 0xFF, 0xFF, 0xFF, 0xFF, 0xFF, 0xFF, 0xFF, 0xFF, 0xFF,
    0xFF, 0xFF, 0xFF, 0xFF, 0xFF, 0xFF, 0xFF, 0xFF, 0xFF, 0xFF, 0xFF, 0xFF,
    0xFF, 0xFF, 0x00, 0x00, 0x00, 0x00, 0x00, 0x7F, 0x00, 0x00, 0x00, 0x00,
    0x00, 0x7F, 0x00, 0x00, 0x00, 0x00, 0x00, 0x7F, 0x00, 0x00, 0x00, 0x00,
    0x00, 0x7F, 0x00, 0x00, 0x00, 0x00, 0x00, 0x7F, 0x00, 0x00, 0x00, 0x00,
    0x00, 0x7F, 0xFF, 0xFF, 0x80, 0x00, 0x0F, 0xFF, 0xF8, 0x00, 0x00, 0xFF,
    0xFF, 0x80, 0x00, 0x0F, 0xFF, 0xF8, 0x00, 0x00, 0xFF, 0xFF, 0x80, 0x00,
    0x0F, 0xFF, 0xF8, 0x00, 0x00, 0x00, 0x3F, 0x80, 0x00, 0x00, 0x03, 0xF8,
    0x00, 0x00, 0x00, 0x3F, 0x80, 0x00, 0x00, 0x03, 0xF8, 0x00, 0x00, 0x00,
    0x3F, 0x80, 0x00, 0x00, 0x03, 0xF8, 0x00, 0x00, 0x00, 0x3F, 0xFF, 0xF8,
    0x00, 0x03, 0xFF, 0xFF, 0xE0, 0x00, 0x3F, 0xFF, 0xFF, 0x80, 0x03, 0xFF,
    0xFF, 0xFC, 0x00, 0x3F, 0xFF, 0xFF, 0xC0, 0x03, 0xFF, 0xFF, 0xFE, 0x00,
    0x3F, 0x80, 0x3F, 0xE0, 0x03, 0xF8, 0x00, 0xFF, 0x00, 0x3F, 0x80, 0x07,
    0xF0, 0x03, 0xF8, 0x00, 0x7F, 0x00, 0x3F, 0x80, 0x07, 0xF0, 0x03, 0xF8,
    0x00, 0x7F, 0x00, 0x3F, 0x80, 0x07, 0xF0, 0x03, 0xF8, 0x00, 0x7F, 0x00,
    0x3F, 0x80, 0x0F, 0xF0, 0x03, 0xF8, 0x03, 0xFE, 0x00, 0x3F, 0xFF, 0xFF,
    0xE0, 0x03, 0xFF, 0xFF, 0xFE, 0x00, 0x3F, 0xFF, 0xFF, 0xC0, 0x03, 0xFF,
    0xFF, 0xF8, 0x00, 0x3F, 0xFF, 0xFF, 0x00, 0x03, 0xFF, 0xFF, 0x80, 0xFE,
    0x00, 0x00, 0x01, 0xFF, 0xF8, 0x00, 0x00, 0x07, 0xFF, 0xE0, 0x00, 0x00,
    0x1F, 0xFF, 0x80, 0x00, 0x00, 0x7F, 0xFE, 0x00, 0x00, 0x01, 0xFF, 0xF8,
    0x00, 0x00, 0x07, 0xFF, 0xE0, 0x00, 0x00, 0x1F, 0xFF, 0x80, 0x00, 0x00,
    0x7F, 0xFE, 0x00, 0x00, 0x01, 0xFF, 0xF8, 0x00, 0x00, 0x07, 0xFF, 0xE0,
    0x00, 0x00, 0x1F, 0xFF, 0x80, 0x00, 0x00, 0x7F, 0xFF, 0xFF, 0xE0, 0x01,
    0xFF, 0xFF, 0xFF, 0xE0, 0x07, 0xFF, 0xFF, 0xFF, 0xE0, 0x1F, 0xFF, 0xFF,
    0xFF, 0xC0, 0x7F, 0xFF, 0xFF, 0xFF, 0x01, 0xFF, 0xFF, 0xFF, 0xFE, 0x07,
    0xFF, 0xE0, 0x0F, 0xF8, 0x1F, 0xFF, 0x80, 0x0F, 0xF0, 0x7F, 0xFE, 0x00,
    0x1F, 0xC1, 0xFF, 0xF8, 0x00, 0x7F, 0x07, 0xFF, 0xE0, 0x01, 0xFC, 0x1F,
    0xFF, 0x80, 0x07, 0xF0, 0x7F, 0xFE, 0x00, 0x1F, 0xC1, 0xFF, 0xF8, 0x00,
    0x7F, 0x07, 0xFF, 0xE0, 0x03, 0xFC, 0x1F, 0xFF, 0x80, 0x3F, 0xE0, 0x7F,
    0xFF, 0xFF, 0xFF, 0x81, 0xFF, 0xFF, 0xFF, 0xFE, 0x07, 0xFF, 0xFF, 0xFF,
    0xF0, 0x1F, 0xFF, 0xFF, 0xFF, 0x80, 0x7F, 0xFF, 0xFF, 0xFC, 0x01, 0xFF,
    0xFF, 0xFF, 0x80, 0x07, 0xF0, 0xFE, 0x00, 0x00, 0x3F, 0x80, 0x00, 0x0F,
    0xE0, 0x00, 0x03, 0xF8, 0x00, 0x00, 0xFE, 0x00, 0x00, 0x3F, 0x80, 0x00,
    0x0F, 0xE0, 0x00, 0x03, 0xF8, 0x00, 0x00, 0xFE, 0x00, 0x00, 0x3F, 0x80,
    0x00, 0x0F, 0xE0, 0x00, 0x03, 0xF8, 0x00, 0x00, 0xFF, 0xFF, 0xE0, 0x3F,
    0xFF, 0xFE, 0x0F, 0xFF, 0xFF, 0xE3, 0xFF, 0xFF, 0xFC, 0xFF, 0xFF, 0xFF,
    0x3F, 0xFF, 0xFF, 0xEF, 0xE0, 0x0F, 0xFB, 0xF8, 0x00, 0xFF, 0xFE, 0x00,
    0x1F, 0xFF, 0x80, 0x07, 0xFF, 0xE0, 0x01, 0xFF, 0xF8, 0x00, 0x7F, 0xFE,
    0x00, 0x1F, 0xFF, 0x80, 0x07, 0xFF, 0xE0, 0x03, 0xFF, 0xF8, 0x03, 0xFE,
    0xFF, 0xFF, 0xFF, 0xBF, 0xFF, 0xFF, 0xEF, 0xFF, 0xFF, 0xF3, 0xFF, 0xFF,
    0xF8, 0xFF, 0xFF, 0xFC, 0x3F, 0xFF, 0xF8, 0x00, 0x00, 0x3F, 0xE0, 0x00,
    0x07, 0xFF, 0xE0, 0x00, 0x7F, 0xFF, 0xE0, 0x03, 0xFF, 0xFF, 0xC0, 0x1F,
    0xFF, 0xFF, 0xC0, 0xFF, 0xFF, 0xFF, 0x03, 0xFE, 0x07, 0xFE, 0x1F, 0xE0,
    0x07, 0xFC, 0x7F, 0x00, 0x0F, 0xF1, 0xFC, 0x00, 0x1F, 0xEF, 0xE0, 0x00,
    0x3F, 0xBF, 0x80, 0x00, 0xFE, 0x00, 0x00, 0x01, 0xF8, 0x00, 0x00, 0x07,
    0xF0, 0x07, 0xFF, 0xFF, 0xC0, 0x1F, 0xFF, 0xFF, 0x00, 0x7F, 0xFF, 0xFC,
    0x01, 0xFF, 0xFF, 0xF0, 0x07, 0xFF, 0xFF, 0xC0, 0x1F, 0xFF, 0xFF, 0x00,
    0x00, 0x01, 0xFC, 0x00, 0x00, 0x07, 0xF0, 0x00, 0x00, 0x1F, 0xC0, 0x00,
    0x00, 0xFE, 0xFE, 0x00, 0x03, 0xFB, 0xF8, 0x00, 0x0F, 0xEF, 0xF0, 0x00,
    0x7F, 0x9F, 0xC0, 0x03, 0xFC, 0x7F, 0x80, 0x1F, 0xF1, 0xFF, 0x81, 0xFF,
    0x83, 0xFF, 0xFF, 0xFC, 0x07, 0xFF, 0xFF, 0xE0, 0x0F, 0xFF, 0xFF, 0x00,
    0x1F, 0xFF, 0xF8, 0x00, 0x1F, 0xFF, 0x80, 0x00, 0x0F, 0xF8, 0x00, 0x00,
    0x00, 0x00, 0x3F, 0xC0, 0x03, 0xF8, 0x00, 0x07, 0xFF, 0xE0, 0x0F, 0xE0,
    0x00, 0x7F, 0xFF, 0xE0, 0x3F, 0x80, 0x03, 0xFF, 0xFF, 0xC0, 0xFE, 0x00,
    0x1F, 0xFF, 0xFF, 0x83, 0xF8, 0x00, 0xFF, 0xFF, 0xFF, 0x0F, 0xE0, 0x07,
    0xFE, 0x07, 0xFE, 0x3F, 0x80, 0x3F, 0xE0, 0x07, 0xF8, 0xFE, 0x00, 0xFF,
    0x00, 0x0F, 0xF3, 0xF8, 0x07, 0xF8, 0x00, 0x1F, 0xCF, 0xE0, 0x1F, 0xC0,
    0x00, 0x7F, 0xBF, 0x80, 0x7F, 0x00, 0x00, 0xFE, 0xFE, 0x03, 0xFC, 0x00,
    0x03, 0xFB, 0xF8, 0x0F, 0xE0, 0x00, 0x07, 0xFF, 0xFF, 0xFF, 0x80, 0x00,
    0x1F, 0xFF, 0xFF, 0xFE, 0x00, 0x00, 0x7F, 0xFF, 0xFF, 0xF8, 0x00, 0x01,
    0xFF, 0xFF, 0xFF, 0xE0, 0x00, 0x07, 0xFF, 0xFF, 0xFF, 0x80, 0x00, 0x1F,
    0xFF, 0xFF, 0xFE, 0x00, 0x00, 0x7F, 0xFE, 0x03, 0xF8, 0x00, 0x01, 0xFF,
    0xF8, 0x0F, 0xE0, 0x00, 0x07, 0xFF, 0xE0, 0x3F, 0x80, 0x00, 0x3F, 0xFF,
    0x80, 0x7F, 0x00, 0x00, 0xFE, 0xFE, 0x01, 0xFC, 0x00, 0x03, 0xFB, 0xF8,
    0x07, 0xF8, 0x00, 0x1F, 0xEF, 0xE0, 0x0F, 0xE0, 0x00, 0x7F, 0x3F, 0x80,
    0x3F, 0xC0, 0x03, 0xFC, 0xFE, 0x00, 0x7F, 0x80, 0x1F, 0xE3, 0xF8, 0x01,
    0xFF, 0x81, 0xFF, 0x8F, 0xE0, 0x03, 0xFF, 0xFF, 0xFC, 0x3F, 0x80, 0x07,
    0xFF, 0xFF, 0xE0, 0xFE, 0x00, 0x0F, 0xFF, 0xFF, 0x03, 0xF8, 0x00, 0x1F,
    0xFF, 0xF0, 0x0F, 0xE0, 0x00, 0x1F, 0xFF, 0x80, 0x00, 0x00, 0x00, 0x0F,
    0xF0, 0x00, 0x00, 0x3F, 0xFF, 0xF8, 0x0F, 0xFF, 0xFF, 0xC0, 0xFF, 0xFF,
    0xFE, 0x0F, 0xFF, 0xFF, 0xF0, 0xFF, 0xFF, 0xFF, 0x87, 0xFF, 0xFF, 0xFC,
    0x3F, 0xE0, 0x0F, 0xE3, 0xFC, 0x00, 0x7F, 0x1F, 0xC0, 0x03, 0xF8, 0xFE,
    0x00, 0x1F, 0xC7, 0xF0, 0x00, 0xFE, 0x3F, 0x80, 0x07, 0xF1, 0xFC, 0x00,
    0x3F, 0x8F, 0xE0, 0x01, 0xFC, 0x7F, 0x80, 0x0F, 0xE1, 0xFF, 0x00, 0x7F,
    0x0F, 0xFF, 0xFF, 0xF8, 0x3F, 0xFF, 0xFF, 0xC1, 0xFF, 0xFF, 0xFE, 0x07,
    0xFF, 0xFF, 0xF0, 0x0F, 0xFF, 0xFF, 0x80, 0x1F, 0xFF, 0xFC, 0x00, 0xFF,
    0x8F, 0xE0, 0x0F, 0xF8, 0x7F, 0x00, 0xFF, 0x83, 0xF8, 0x07, 0xF8, 0x1F,
    0xC0, 0x7F, 0x80, 0xFE, 0x07, 0xF8, 0x07, 0xF0, 0x7F, 0xC0, 0x3F, 0x87,
    0xFC, 0x01, 0xFC, 0x7F, 0xC0, 0x0F, 0xE3, 0xFC, 0x00, 0x7F, 0x3F, 0xC0,
    0x03, 0xFB, 0xFC, 0x00, 0x1F, 0xC0, 0x01, 0xFF, 0x00, 0x0F, 0xFF, 0xE0,
    0x1F, 0xFF, 0xF0, 0x3F, 0xFF, 0xF8, 0x7F, 0xFF, 0xF8, 0x7F, 0xFF, 0xFC,
    0x7F, 0x03, 0xFC, 0x7F, 0x01, 0xFC, 0x00, 0x01, 0xFC, 0x00, 0x03, 0xFC,
    0x00, 0x0F, 0xFC, 0x03, 0xFF, 0xFC, 0x1F, 0xFF, 0xFC, 0x3F, 0xFD, 0xFC,
    0x7F, 0xC1, 0xFC, 0xFF, 0x01, 0xFC, 0xFE, 0x01, 0xFC, 0xFE, 0x03, 0xFC,
    0xFE, 0x03, 0xFC, 0xFF, 0x07, 0xFC, 0xFF, 0xFF, 0xFC, 0x7F, 0xFF, 0xFC,
    0x7F, 0xFF, 0xFC, 0x3F, 0xFD, 0xFE, 0x1F, 0xF8, 0xFF, 0x07, 0xE0, 0x00,
    0x00, 0x00, 0x7E, 0x00, 0x00, 0x7E, 0x00, 0x0F, 0xFE, 0x00, 0xFF, 0xFC,
    0x03, 0xFF, 0xFC, 0x07, 0xFF, 0xF0, 0x0F, 0xFF, 0x80, 0x1F, 0xF0, 0x00,
    0x1F, 0x80, 0x00, 0x3F, 0x00, 0x00, 0x3E, 0x3F, 0x80, 0x7E, 0xFF, 0xE0,
    0x7D, 0xFF, 0xF0, 0x7F, 0xFF, 0xF8, 0x7F, 0xFF, 0xFC, 0xFF, 0xFF, 0xFC,
    0xFF, 0xC3, 0xFE, 0xFF, 0x81, 0xFE, 0xFF, 0x00, 0xFE, 0xFF, 0x00, 0xFF,
    0xFE, 0x00, 0x7F, 0xFE, 0x00, 0x7F, 0xFE, 0x00, 0x7F, 0xFE, 0x00, 0x7F,
    0xFE, 0x00, 0x7F, 0xFE, 0x00, 0x7F, 0xFF, 0x00, 0xFF, 0xFF, 0x00, 0xFE,
    0x7F, 0x81, 0xFE, 0x7F, 0xC3, 0xFE, 0x7F, 0xFF, 0xFC, 0x3F, 0xFF, 0xFC,
    0x1F, 0xFF, 0xF8, 0x0F, 0xFF, 0xF0, 0x07, 0xFF, 0xC0, 0x00, 0xFF, 0x00,
    0xFF, 0xFF, 0x03, 0xFF, 0xFF, 0x0F, 0xFF, 0xFE, 0x3F, 0xFF, 0xFC, 0xFF,
    0xFF, 0xFB, 0xF8, 0x1F, 0xEF, 0xE0, 0x3F, 0xBF, 0x80, 0xFE, 0xFE, 0x03,
    0xFB, 0xF8, 0x1F, 0xCF, 0xFF, 0xFF, 0x3F, 0xFF, 0xF8, 0xFF, 0xFF, 0xC3,
    0xFF, 0xFF, 0xCF, 0xFF, 0xFF, 0xBF, 0x80, 0xFE, 0xFE, 0x01, 0xFF, 0xF8,
    0x07, 0xFF, 0xE0, 0x1F, 0xFF, 0x80, 0xFF, 0xFF, 0xFF, 0xFF, 0xFF, 0xFF,
    0xEF, 0xFF, 0xFF, 0x3F, 0xFF, 0xF8, 0xFF, 0xFF, 0x80, 0xFF, 0xFF, 0xFF,
    0xFF, 0xFF, 0xFF, 0xFF, 0xFF, 0xFF, 0xFF, 0xFF, 0xFF, 0xFE, 0x00, 0xFE,
    0x00, 0xFE, 0x00, 0xFE, 0x00, 0xFE, 0x00, 0xFE, 0x00, 0xFE, 0x00, 0xFE,
    0x00, 0xFE, 0x00, 0xFE, 0x00, 0xFE, 0x00, 0xFE, 0x00, 0xFE, 0x00, 0xFE,
    0x00, 0xFE, 0x00, 0xFE, 0x00, 0xFE, 0x00, 0xFE, 0x00, 0xFE, 0x00, 0x03,
    0xFF, 0xFF, 0xE0, 0x07, 0xFF, 0xFF, 0xC0, 0x0F, 0xFF, 0xFF, 0x80, 0x1F,
    0xFF, 0xFF, 0x00, 0x3F, 0xFF, 0xFE, 0x00, 0x7F, 0xFF, 0xFC, 0x00, 0xFE,
    0x03, 0xF8, 0x01, 0xFC, 0x07, 0xF0, 0x03, 0xF8, 0x0F, 0xE0, 0x07, 0xF0,
    0x1F, 0xC0, 0x0F, 0xE0, 0x3F, 0x80, 0x1F, 0xC0, 0x7F, 0x00, 0x3F, 0x80,
    0xFE, 0x00, 0x7F, 0x01, 0xFC, 0x01, 0xFE, 0x03, 0xF8, 0x03, 0xF8, 0x07,
    0xF0, 0x07, 0xF0, 0x0F, 0xE0, 0x0F, 0xE0, 0x1F, 0xC0, 0x3F, 0x80, 0x3F,
    0x80, 0x7F, 0xFF, 0xFF, 0x0F, 0xFF, 0xFF, 0xFF, 0xFF, 0xFF, 0xFF, 0xFF,
    0xFF, 0xFF, 0xFF, 0xFF, 0xFF, 0xFF, 0xFF, 0xFF, 0xFF, 0xFF, 0xFF, 0xFF,
    0xF0, 0x00, 0x00, 0x7F, 0xE0, 0x00, 0x00, 0xFF, 0xC0, 0x00, 0x01, 0xFF,
    0x80, 0x00, 0x03, 0xFF, 0x00, 0x00, 0x07, 0xFE, 0x00, 0x00, 0x0F, 0x80,
    0x00, 0xFE, 0x00, 0x03, 0xFF, 0x80, 0x0F, 0xFF, 0xE0, 0x1F, 0xFF, 0xF0,
    0x3F, 0xFF, 0xF8, 0x3F, 0xC3, 0xF8, 0x7F, 0x80, 0xFC, 0x7F, 0x00, 0xFC,
    0x7F, 0x00, 0x7C, 0xFE, 0x00, 0x7E, 0xFE, 0x00, 0x7E, 0xFF, 0xFF, 0xFE,
    0xFF, 0xFF, 0xFE, 0xFF, 0xFF, 0xFE, 0xFF, 0xFF, 0xFE, 0xFE, 0x00, 0x00,
    0xFE, 0x00, 0x00, 0xFE, 0x00, 0x00, 0x7F, 0x00, 0x7F, 0x7F, 0x00, 0xFE,
    0x3F, 0xC1, 0xFE, 0x3F, 0xFF, 0xFC, 0x1F, 0xFF, 0xF8, 0x0F, 0xFF, 0xF0,
    0x03, 0xFF, 0xC0, 0x00, 0xFF, 0x00, 0x3F, 0x81, 0xFC, 0x0F, 0xE0, 0xFE,
    0x0F, 0xE0, 0xFE, 0x03, 0xF8, 0x7F, 0x0F, 0xE0, 0x1F, 0xC3, 0xF8, 0x7F,
    0x00, 0x7F, 0x1F, 0xC7, 0xF0, 0x01, 0xFC, 0xFE, 0x7F, 0x00, 0x07, 0xE7,
    0xF3, 0xF0, 0x00, 0x3F, 0xBF, 0xBF, 0x80, 0x00, 0xFF, 0xFF, 0xF8, 0x00,
    0x03, 0xFF, 0xFF, 0x80, 0x00, 0x0F, 0xFF, 0xF8, 0x00, 0x00, 0x7F, 0xFF,
    0xC0, 0x00, 0x07, 0xFF, 0xFF, 0x00, 0x00, 0x3F, 0xFF, 0xF8, 0x00, 0x03,
    0xFF, 0xFF, 0xE0, 0x00, 0x3F, 0xFF, 0xFF, 0x80, 0x03, 0xFF, 0xFF, 0xFE,
    0x00, 0x1F, 0xEF, 0xEF, 0xF0, 0x01, 0xFE, 0x7F, 0x3F, 0xC0, 0x1F, 0xE3,
    0xF8, 0xFF, 0x01, 0xFF, 0x1F, 0xC7, 0xFC, 0x0F, 0xF0, 0xFE, 0x1F, 0xE0,
    0xFF, 0x07, 0xF0, 0x7F, 0x8F, 0xF8, 0x3F, 0x83, 0xFE, 0xFF, 0x81, 0xFC,
    0x0F, 0xF0, 0x00, 0xFF, 0x00, 0x07, 0xFF, 0xE0, 0x0F, 0xFF, 0xF0, 0x1F,
    0xFF, 0xF8, 0x3F, 0xFF, 0xFC, 0x3F, 0x81, 0xFE, 0x7F, 0x00, 0xFE, 0x7F,
    0x00, 0xFE, 0x00, 0x00, 0xFE, 0x00, 0x01, 0xFE, 0x00, 0x7F, 0xFC, 0x00,
    0x7F, 0xFC, 0x00, 0x7F, 0xF8, 0x00, 0x7F, 0xFE, 0x00, 0x7F, 0xFE, 0x00,
    0x00, 0xFF, 0x00, 0x00, 0x7F, 0x00, 0x00, 0x7F, 0x7E, 0x00, 0x7F, 0x7F,
    0x00, 0x7F, 0x7F, 0x81, 0xFE, 0x7F, 0xFF, 0xFE, 0x3F, 0xFF, 0xFC, 0x1F,
    0xFF, 0xF8, 0x0F, 0xFF, 0xF0, 0x01, 0xFF, 0x80, 0xFE, 0x00, 0xFF, 0xFE,
    0x01, 0xFF, 0xFE, 0x01, 0xFF, 0xFE, 0x03, 0xFF, 0xFE, 0x07, 0xFF, 0xFE,
    0x07, 0xFF, 0xFE, 0x0F, 0xFF, 0xFE, 0x0F, 0xFF, 0xFE, 0x1F, 0xFF, 0xFE,
    0x1F, 0xFF, 0xFE, 0x3F, 0x7F, 0xFE, 0x7F, 0x7F, 0xFE, 0x7E, 0x7F, 0xFE,
    0xFE, 0x7F, 0xFE, 0xFC, 0x7F, 0xFF, 0xF8, 0x7F, 0xFF, 0xF8, 0x7F, 0xFF,
    0xF0, 0x7F, 0xFF, 0xF0, 0x7F, 0xFF, 0xE0, 0x7F, 0xFF, 0xE0, 0x7F, 0xFF,
    0xC0, 0x7F, 0xFF, 0x80, 0x7F, 0xFF, 0x80, 0x7F, 0xFF, 0x00, 0x7F, 0x03,
    0x03, 0x80, 0x03, 0x03, 0x80, 0x03, 0xFF, 0x00, 0x03, 0xFF, 0x00, 0x01,
    0xFE, 0x00, 0x00, 0xFC, 0x00, 0x00, 0x00, 0x00, 0x00, 0x00, 0x00, 0xFE,
    0x00, 0xFF, 0xFE, 0x01, 0xFF, 0xFE, 0x01, 0xFF, 0xFE, 0x03, 0xFF, 0xFE,
    0x07, 0xFF, 0xFE, 0x07, 0xFF, 0xFE, 0x0F, 0xFF, 0xFE, 0x0F, 0xFF, 0xFE,
    0x1F, 0xFF, 0xFE, 0x1F, 0xFF, 0xFE, 0x3F, 0x7F, 0xFE, 0x7F, 0x7F, 0xFE,
    0x7E, 0x7F, 0xFE, 0xFE, 0x7F, 0xFE, 0xFC, 0x7F, 0xFF, 0xF8, 0x7F, 0xFF,
    0xF8, 0x7F, 0xFF, 0xF0, 0x7F, 0xFF, 0xF0, 0x7F, 0xFF, 0xE0, 0x7F, 0xFF,
    0xE0, 0x7F, 0xFF, 0xC0, 0x7F, 0xFF, 0x80, 0x7F, 0xFF, 0x80, 0x7F, 0xFF,
    0x00, 0x7F, 0xFE, 0x03, 0xF9, 0xFC, 0x0F, 0xE3, 0xF8, 0x3F, 0x87, 0xF0,
    0x7E, 0x0F, 0xE1, 0xFC, 0x1F, 0xC7, 0xF0, 0x3F, 0x9F, 0xC0, 0x7F, 0x7F,
    0x00, 0xFF, 0xFC, 0x01, 0xFF, 0xF0, 0x03, 0xFF, 0xC0, 0x07, 0xFF, 0x80,
    0x0F, 0xFF, 0x80, 0x1F, 0xFF, 0x00, 0x3F, 0xFF, 0x00, 0x7F, 0xFF, 0x00,
    0xFE, 0xFF, 0x01, 0xFD, 0xFF, 0x03, 0xF9, 0xFF, 0x07, 0xF1, 0xFF, 0x0F,
    0xE1, 0xFE, 0x1F, 0xC1, 0xFE, 0x3F, 0x81, 0xFE, 0x7F, 0x01, 0xFE, 0xFE,
    0x03, 0xFE, 0x1F, 0xFF, 0xFE, 0x3F, 0xFF, 0xFC, 0x7F, 0xFF, 0xF8, 0xFF,
    0xFF, 0xF1, 0xFF, 0xFF, 0xE3, 0xFF, 0xFF, 0xC7, 0xF0, 0x3F, 0x8F, 0xE0,
    0x7F, 0x1F, 0xC0, 0xFE, 0x3F, 0x81, 0xFC, 0x7F, 0x03, 0xF8, 0xFE, 0x07,
    0xF1, 0xFC, 0x0F, 0xE3, 0xF8, 0x1F, 0xC7, 0xF0, 0x3F, 0x8F, 0xE0, 0x7F,
    0x3F, 0x80, 0xFE, 0x7F, 0x01, 0xFC, 0xFE, 0x03, 0xFF, 0xFC, 0x07, 0xFF,
    0xF0, 0x0F, 0xFF, 0xE0, 0x1F, 0xFF, 0x80, 0x3F, 0xFE, 0x00, 0x7F, 0xF8,
    0x00, 0xFE, 0xFF, 0x80, 0x7F, 0xFF, 0xE0, 0x1F, 0xFF, 0xF8, 0x07, 0xFF,
    0xFF, 0x03, 0xFF, 0xFF, 0xC0, 0xFF, 0xFF, 0xF0, 0x3F, 0xFF, 0xFC, 0x0F,
    0xFF, 0xFF, 0x87, 0xFF, 0xFF, 0xE1, 0xFF, 0xFF, 0xF8, 0x7F, 0xFF, 0xFF,
    0x3F, 0xFF, 0xFF, 0xCF, 0xFF, 0xFF, 0xF3, 0xFF, 0xFF, 0xBF, 0xF7, 0xFF,
    0xEF, 0xFD, 0xFF, 0xFB, 0xFF, 0x7F, 0xFE, 0x7F, 0x9F, 0xFF, 0x9F, 0xE7,
    0xFF, 0xE7, 0xF9, 0xFF, 0xF8, 0xFC, 0x7F, 0xFE, 0x3F, 0x1F, 0xFF, 0x8F,
    0xC7, 0xFF, 0xE1, 0xE1, 0xFF, 0xF8, 0x78, 0x7F, 0xFE, 0x1E, 0x1F, 0xC0,
    0xFE, 0x00, 0xFF, 0xFC, 0x01, 0xFF, 0xF8, 0x03, 0xFF, 0xF0, 0x07, 0xFF,
    0xE0, 0x0F, 0xFF, 0xC0, 0x1F, 0xFF, 0x80, 0x3F, 0xFF, 0x00, 0x7F, 0xFE,
    0x00, 0xFF, 0xFC, 0x01, 0xFF, 0xFF, 0xFF, 0xFF, 0xFF, 0xFF, 0xFF, 0xFF,
    0xFF, 0xFF, 0xFF, 0xFF, 0xFF, 0xFF, 0xFF, 0xFF, 0xFF, 0xFF, 0xFE, 0x00,
    0xFF, 0xFC, 0x01, 0xFF, 0xF8, 0x03, 0xFF, 0xF0, 0x07, 0xFF, 0xE0, 0x0F,
    0xFF, 0xC0, 0x1F, 0xFF, 0x80, 0x3F, 0xFF, 0x00, 0x7F, 0xFE, 0x00, 0xFE,
    0x00, 0x7F, 0x80, 0x01, 0xFF, 0xF0, 0x01, 0xFF, 0xFE, 0x01, 0xFF, 0xFF,
    0x81, 0xFF, 0xFF, 0xE1, 0xFF, 0xFF, 0xF1, 0xFF, 0x07, 0xFC, 0xFF, 0x01,
    0xFE, 0x7F, 0x00, 0x7F, 0x7F, 0x80, 0x3F, 0xFF, 0x80, 0x0F, 0xFF, 0xC0,
    0x07, 0xFF, 0xE0, 0x03, 0xFF, 0xF0, 0x01, 0xFF, 0xF8, 0x00, 0xFF, 0xFC,
    0x00, 0x7F, 0xFF, 0x00, 0x7F, 0xBF, 0x80, 0x3F, 0x9F, 0xE0, 0x3F, 0xCF,
    0xF8, 0x3F, 0xE3, 0xFF, 0xFF, 0xE0, 0xFF, 0xFF, 0xF0, 0x3F, 0xFF, 0xF0,
    0x0F, 0xFF, 0xF0, 0x03, 0xFF, 0xE0, 0x00, 0x3F, 0x80, 0x00, 0xFF, 0xFF,
    0xFF, 0xFF, 0xFF, 0xFF, 0xFF, 0xFF, 0xFF, 0xFF, 0xFF, 0xFF, 0xFF, 0xFF,
    0xFF, 0xFF, 0xFF, 0xFF, 0x80, 0x3F, 0xFF, 0x00, 0x7F, 0xFE, 0x00, 0xFF,
    0xFC, 0x01, 0xFF, 0xF8, 0x03, 0xFF, 0xF0, 0x07, 0xFF, 0xE0, 0x0F, 0xFF,
    0xC0, 0x1F, 0xFF, 0x80, 0x3F, 0xFF, 0x00, 0x7F, 0xFE, 0x00, 0xFF, 0xFC,
    0x01, 0xFF, 0xF8, 0x03, 0xFF, 0xF0, 0x07, 0xFF, 0xE0, 0x0F, 0xFF, 0xC0,
    0x1F, 0xFF, 0x80, 0x3F, 0xFF, 0x00, 0x7F, 0xFE, 0x00, 0xFE, 0xFE, 0x1F,
    0x80, 0x7F, 0x3F, 0xF0, 0x3F, 0xBF, 0xFE, 0x1F, 0xDF, 0xFF, 0x8F, 0xFF,
    0xFF, 0xC7, 0xFF, 0xFF, 0xF3, 0xFF, 0x07, 0xFD, 0xFF, 0x01, 0xFE, 0xFF,
    0x00, 0x7F, 0x7F, 0x80, 0x3F, 0xFF, 0x80, 0x0F, 0xFF, 0xC0, 0x07, 0xFF,
    0xE0, 0x03, 0xFF, 0xF0, 0x01, 0xFF, 0xF8, 0x00, 0xFF, 0xFC, 0x00, 0x7F,
    0xFF, 0x00, 0x7F, 0xFF, 0x80, 0x3F, 0xBF, 0xE0, 0x3F, 0xDF, 0xF8, 0x3F,
    0xCF, 0xFF, 0xFF, 0xE7, 0xFF, 0xFF, 0xE3, 0xFB, 0xFF, 0xE1, 0xFD, 0xFF,
    0xE0, 0xFE, 0x7F, 0xE0, 0x7F, 0x0F, 0xC0, 0x3F, 0x80, 0x00, 0x1F, 0xC0,
    0x00, 0x0F, 0xE0, 0x00, 0x07, 0xF0, 0x00, 0x03, 0xF8, 0x00, 0x01, 0xFC,
    0x00, 0x00, 0xFE, 0x00, 0x00, 0x7F, 0x00, 0x00, 0x3F, 0x80, 0x00, 0x1F,
    0xC0, 0x00, 0x00, 0x00, 0xFF, 0x00, 0x07, 0xFF, 0xC0, 0x3F, 0xFF, 0xC0,
    0xFF, 0xFF, 0xC3, 0xFF, 0xFF, 0xC7, 0xFF, 0xFF, 0x9F, 0xF0, 0x7F, 0xBF,
    0xC0, 0x7F, 0x7F, 0x00, 0x7F, 0xFC, 0x00, 0x03, 0xF8, 0x00, 0x07, 0xF0,
    0x00, 0x0F, 0xE0, 0x00, 0x1F, 0xC0, 0x00, 0x3F, 0x80, 0x00, 0x7F, 0x00,
    0x00, 0xFF, 0x00, 0x01, 0xFE, 0x00, 0xFD, 0xFE, 0x03, 0xFB, 0xFE, 0x0F,
    0xF3, 0xFF, 0xFF, 0xC7, 0xFF, 0xFF, 0x87, 0xFF, 0xFE, 0x07, 0xFF, 0xF8,
    0x03, 0xFF, 0xE0, 0x01, 0xFE, 0x00, 0xFF, 0xFF, 0xFF, 0xFF, 0xFF, 0xFF,
    0xFF, 0xFF, 0xFF, 0xFF, 0xFF, 0xFF, 0xFC, 0x1F, 0xC0, 0x0F, 0xE0, 0x07,
    0xF0, 0x03, 0xF8, 0x01, 0xFC, 0x00, 0xFE, 0x00, 0x7F, 0x00, 0x3F, 0x80,
    0x1F, 0xC0, 0x0F, 0xE0, 0x07, 0xF0, 0x03, 0xF8, 0x01, 0xFC, 0x00, 0xFE,
    0x00, 0x7F, 0x00, 0x3F, 0x80, 0x1F, 0xC0, 0x0F, 0xE0, 0x07, 0xF0, 0x00,
    0x7F, 0x00, 0x3F, 0xBF, 0x80, 0x1F, 0xDF, 0xC0, 0x0F, 0xC7, 0xF0, 0x07,
    0xE3, 0xF8, 0x07, 0xF1, 0xFC, 0x03, 0xF0, 0x7F, 0x01, 0xF8, 0x3F, 0x81,
    0xFC, 0x0F, 0xC0, 0xFC, 0x07, 0xF0, 0x7E, 0x03, 0xF8, 0x3F, 0x00, 0xFC,
    0x3F, 0x00, 0x7E, 0x1F, 0x80, 0x3F, 0x8F, 0xC0, 0x0F, 0xCF, 0xC0, 0x07,
    0xE7, 0xE0, 0x03, 0xFB, 0xF0, 0x00, 0xFD, 0xF0, 0x00, 0x7F, 0xF8, 0x00,
    0x3F, 0xFC, 0x00, 0x0F, 0xFC, 0x00, 0x07, 0xFE, 0x00, 0x03, 0xFF, 0x00,
    0x00, 0xFF, 0x00, 0x00, 0x7F, 0x80, 0x00, 0x1F, 0xC0, 0x00, 0x0F, 0xC0,
    0x00, 0x07, 0xE0, 0x00, 0x03, 0xF0, 0x00, 0x03, 0xF0, 0x00, 0x03, 0xF8,
    0x00, 0x1F, 0xF8, 0x00, 0x0F, 0xFC, 0x00, 0x07, 0xFC, 0x00, 0x03, 0xFC,
    0x00, 0x01, 0xF8, 0x00, 0x00, 0x00, 0x00, 0x3F, 0x80, 0x00, 0x00, 0x00,
    0x0F, 0xE0, 0x00, 0x00, 0x00, 0x03, 0xF8, 0x00, 0x00, 0x00, 0x00, 0xFE,
    0x00, 0x00, 0x00, 0x00, 0x3F, 0x80, 0x00, 0x00, 0x00, 0x0F, 0xE0, 0x00,
    0x00, 0x00, 0x03, 0xF8, 0x00, 0x00, 0x00, 0x00, 0xFE, 0x00, 0x00, 0x00,
    0xFC, 0x3F, 0x87, 0xE0, 0x00, 0xFF, 0xCF, 0xE7, 0xFE, 0x00, 0xFF, 0xFB,
    0xFB, 0xFF, 0xC0, 0x7F, 0xFE, 0xFE, 0xFF, 0xF8, 0x1F, 0xFF, 0xFF, 0xFF,
    0xFE, 0x0F, 0xFF, 0xFF, 0xFF, 0xFF, 0xC7, 0xFC, 0x1F, 0xFF, 0x0F, 0xF9,
    0xFE, 0x03, 0xFF, 0x81, 0xFE, 0x7F, 0x00, 0x7F, 0xC0, 0x3F, 0xBF, 0xC0,
    0x1F, 0xF0, 0x0F, 0xFF, 0xE0, 0x03, 0xF8, 0x01, 0xFF, 0xF8, 0x00, 0xFE,
    0x00, 0x7F, 0xFE, 0x00, 0x3F, 0x80, 0x1F, 0xFF, 0x80, 0x0F, 0xE0, 0x07,
    0xFF, 0xE0, 0x03, 0xF8, 0x01, 0xFF, 0xF8, 0x00, 0xFE, 0x00, 0x7F, 0xFF,
    0x00, 0x7F, 0xC0, 0x3F, 0xDF, 0xC0, 0x1F, 0xF0, 0x0F, 0xE7, 0xF8, 0x0F,
    0xFE, 0x07, 0xF9, 0xFF, 0x07, 0xFF, 0xC3, 0xFE, 0x3F, 0xFF, 0xFF, 0xFF,
    0xFF, 0x07, 0xFF, 0xFF, 0xFF, 0xFF, 0x80, 0xFF, 0xFB, 0xFB, 0xFF, 0xE0,
    0x3F, 0xFE, 0xFE, 0xFF, 0xF0, 0x03, 0xFF, 0x3F, 0x9F, 0xF0, 0x00, 0x3F,
    0x0F, 0xE1, 0xF0, 0x00, 0x00, 0x03, 0xF8, 0x00, 0x00, 0x00, 0x00, 0xFE,
    0x00, 0x00, 0x00, 0x00, 0x3F, 0x80, 0x00, 0x00, 0x00, 0x0F, 0xE0, 0x00,
    0x00, 0x00, 0x03, 0xF8, 0x00, 0x00, 0x00, 0x00, 0xFE, 0x00, 0x00, 0x00,
    0x00, 0x3F, 0x80, 0x00, 0x00, 0x00, 0x0F, 0xE0, 0x00, 0x00, 0x00, 0x03,
    0xF8, 0x00, 0x00, 0x00, 0x00, 0xFE, 0x00, 0x00, 0x7F, 0x80, 0x7F, 0x1F,
    0xC0, 0x7F, 0x8F, 0xF0, 0x7F, 0x83, 0xF8, 0x3F, 0x80, 0xFE, 0x3F, 0xC0,
    0x7F, 0x9F, 0xC0, 0x1F, 0xDF, 0xC0, 0x07, 0xFF, 0xE0, 0x03, 0xFF, 0xE0,
    0x00, 0xFF, 0xE0, 0x00, 0x3F, 0xF0, 0x00, 0x1F, 0xF0, 0x00, 0x07, 0xF0,
    0x00, 0x07, 0xFC, 0x00, 0x03, 0xFF, 0x00, 0x03, 0xFF, 0x80, 0x03, 0xFF,
    0xE0, 0x01, 0xFF, 0xF8, 0x01, 0xFD, 0xFE, 0x01, 0xFC, 0x7F, 0x01, 0xFE,
    0x3F, 0xC0, 0xFE, 0x0F, 0xF0, 0xFF, 0x03, 0xF8, 0xFF, 0x01, 0xFE, 0x7F,
    0x80, 0x7F, 0x80, 0xFE, 0x00, 0xFE, 0x1F, 0xC0, 0x1F, 0xC3, 0xF8, 0x03,
    0xF8, 0x7F, 0x00, 0x7F, 0x0F, 0xE0, 0x0F, 0xE1, 0xFC, 0x01, 0xFC, 0x3F,
    0x80, 0x3F, 0x87, 0xF0, 0x07, 0xF0, 0xFE, 0x00, 0xFE, 0x1F, 0xC0, 0x1F,
    0xC3, 0xF8, 0x03, 0xF8, 0x7F, 0x00, 0x7F, 0x0F, 0xE0, 0x0F, 0xE1, 0xFC,
    0x01, 0xFC, 0x3F, 0x80, 0x3F, 0x87, 0xF0, 0x07, 0xF0, 0xFE, 0x00, 0xFE,
    0x1F, 0xC0, 0x1F, 0xC3, 0xF8, 0x03, 0xF8, 0x7F, 0xFF, 0xFF, 0x0F, 0xFF,
    0xFF, 0xFF, 0xFF, 0xFF, 0xFF, 0xFF, 0xFF, 0xFF, 0xFF, 0xFF, 0xFF, 0xFF,
    0xFF, 0xFF, 0xFF, 0xE0, 0x00, 0x00, 0x7C, 0x00, 0x00, 0x0F, 0x80, 0x00,
    0x01, 0xF0, 0x00, 0x00, 0x3E, 0x00, 0x00, 0x07, 0xC0, 0xFE, 0x01, 0xFF,
    0xF8, 0x07, 0xFF, 0xE0, 0x1F, 0xFF, 0x80, 0x7F, 0xFE, 0x01, 0xFF, 0xF8,
    0x07, 0xFF, 0xE0, 0x1F, 0xFF, 0x80, 0x7F, 0xFE, 0x01, 0xFF, 0xF8, 0x07,
    0xFF, 0xE0, 0x1F, 0xFF, 0xC0, 0x7F, 0xFF, 0xFF, 0xFD, 0xFF, 0xFF, 0xF7,
    0xFF, 0xFF, 0xCF, 0xFF, 0xFF, 0x1F, 0xFF, 0xFC, 0x0F, 0xFF, 0xF0, 0x00,
    0x1F, 0xC0, 0x00, 0x7F, 0x00, 0x01, 0xFC, 0x00, 0x07, 0xF0, 0x00, 0x1F,
    0xC0, 0x00, 0x7F, 0x00, 0x01, 0xFC, 0xFE, 0x01, 0xFC, 0x07, 0xFF, 0xE0,
    0x1F, 0xC0, 0x7F, 0xFE, 0x01, 0xFC, 0x07, 0xFF, 0xE0, 0x1F, 0xC0, 0x7F,
    0xFE, 0x01, 0xFC, 0x07, 0xFF, 0xE0, 0x1F, 0xC0, 0x7F, 0xFE, 0x01, 0xFC,
    0x07, 0xFF, 0xE0, 0x1F, 0xC0, 0x7F, 0xFE, 0x01, 0xFC, 0x07, 0xFF, 0xE0,
    0x1F, 0xC0, 0x7F, 0xFE, 0x01, 0xFC, 0x07, 0xFF, 0xE0, 0x1F, 0xC0, 0x7F,
    0xFE, 0x01, 0xFC, 0x07, 0xFF, 0xE0, 0x1F, 0xC0, 0x7F, 0xFE, 0x01, 0xFC,
    0x07, 0xFF, 0xE0, 0x1F, 0xC0, 0x7F, 0xFE, 0x01, 0xFC, 0x07, 0xFF, 0xE0,
    0x1F, 0xC0, 0x7F, 0xFE, 0x01, 0xFC, 0x07, 0xFF, 0xFF, 0xFF, 0xFF, 0xFF,
    0xFF, 0xFF, 0xFF, 0xFF, 0xFF, 0xFF, 0xFF, 0xFF, 0xFF, 0xFF, 0xFF, 0xFF,
    0xFF, 0xFF, 0xFF, 0xFF, 0xFF, 0xFF, 0xFF, 0xFF, 0xFF, 0xFF, 0xF0, 0xFE,
    0x01, 0xFC, 0x07, 0xF0, 0x7F, 0x00, 0xFE, 0x03, 0xF8, 0x3F, 0x80, 0x7F,
    0x01, 0xFC, 0x1F, 0xC0, 0x3F, 0x80, 0xFE, 0x0F, 0xE0, 0x1F, 0xC0, 0x7F,
    0x07, 0xF0, 0x0F, 0xE0, 0x3F, 0x83, 0xF8, 0x07, 0xF0, 0x1F, 0xC1, 0xFC,
    0x03, 0xF8, 0x0F, 0xE0, 0xFE, 0x01, 0xFC, 0x07, 0xF0, 0x7F, 0x00, 0xFE,
    0x03, 0xF8, 0x3F, 0x80, 0x7F, 0x01, 0xFC, 0x1F, 0xC0, 0x3F, 0x80, 0xFE,
    0x0F, 0xE0, 0x1F, 0xC0, 0x7F, 0x07, 0xF0, 0x0F, 0xE0, 0x3F, 0x83, 0xF8,
    0x07, 0xF0, 0x1F, 0xC1, 0xFC, 0x03, 0xF8, 0x0F, 0xE0, 0xFE, 0x01, 0xFC,
    0x07, 0xF0, 0x7F, 0x00, 0xFE, 0x03, 0xF8, 0x3F, 0x80, 0x7F, 0x01, 0xFC,
    0x1F, 0xFF, 0xFF, 0xFF, 0xFE, 0x0F, 0xFF, 0xFF, 0xFF, 0xFF, 0xFF, 0xFF,
    0xFF, 0xFF, 0xFF, 0xFF, 0xFF, 0xFF, 0xFF, 0xFF, 0xFF, 0xFF, 0xFF, 0xFF,
    0xFF, 0xFF, 0xFF, 0xFF, 0xFF, 0xFF, 0xFF, 0x80, 0x00, 0x00, 0x00, 0x07,
    0xC0, 0x00, 0x00, 0x00, 0x03, 0xE0, 0x00, 0x00, 0x00, 0x01, 0xF0, 0x00,
    0x00, 0x00, 0x00, 0xF8, 0x00, 0x00, 0x00, 0x00, 0x7C, 0x00, 0x00, 0x00,
    0x00, 0x3E, 0xFF, 0xFC, 0x00, 0x03, 0xFF, 0xF0, 0x00, 0x0F, 0xFF, 0xC0,
    0x00, 0x3F, 0xFF, 0x00, 0x00, 0xFF, 0xFC, 0x00, 0x03, 0xFF, 0xF0, 0x00,
    0x00, 0x1F, 0xC0, 0x00, 0x00, 0x7F, 0x00, 0x00, 0x01, 0xFF, 0xFE, 0x00,
    0x07, 0xFF, 0xFF, 0x00, 0x1F, 0xFF, 0xFE, 0x00, 0x7F, 0xFF, 0xFC, 0x01,
    0xFF, 0xFF, 0xF8, 0x07, 0xF0, 0x1F, 0xE0, 0x1F, 0xC0, 0x3F, 0xC0, 0x7F,
    0x00, 0x7F, 0x01, 0xFC, 0x01, 0xFC, 0x07, 0xF0, 0x07, 0xF0, 0x1F, 0xC0,
    0x1F, 0xC0, 0x7F, 0x01, 0xFF, 0x01, 0xFF, 0xFF, 0xF8, 0x07, 0xFF, 0xFF,
    0xE0, 0x1F, 0xFF, 0xFF, 0x00, 0x7F, 0xFF, 0xF8, 0x01, 0xFF, 0xFF, 0x80,
    0xFE, 0x00, 0x00, 0xFF, 0xFC, 0x00, 0x01, 0xFF, 0xF8, 0x00, 0x03, 0xFF,
    0xF0, 0x00, 0x07, 0xFF, 0xE0, 0x00, 0x0F, 0xFF, 0xC0, 0x00, 0x1F, 0xFF,
    0x80, 0x00, 0x3F, 0xFF, 0x00, 0x00, 0x7F, 0xFF, 0xFF, 0x00, 0xFF, 0xFF,
    0xFF, 0xC1, 0xFF, 0xFF, 0xFF, 0xC3, 0xFF, 0xFF, 0xFF, 0xC7, 0xFF, 0xFF,
    0xFF, 0xCF, 0xFF, 0xC0, 0x7F, 0x9F, 0xFF, 0x80, 0x7F, 0xBF, 0xFF, 0x00,
    0x7F, 0x7F, 0xFE, 0x00, 0xFE, 0xFF, 0xFC, 0x01, 0xFD, 0xFF, 0xF8, 0x03,
    0xFB, 0xFF, 0xF0, 0x1F, 0xF7, 0xFF, 0xFF, 0xFF, 0xCF, 0xFF, 0xFF, 0xFF,
    0x9F, 0xFF, 0xFF, 0xFE, 0x3F, 0xFF, 0xFF, 0xF8, 0x7F, 0xFF, 0xFF, 0xC0,
    0xFE, 0xFE, 0x00, 0x01, 0xFC, 0x00, 0x03, 0xF8, 0x00, 0x07, 0xF0, 0x00,
    0x0F, 0xE0, 0x00, 0x1F, 0xC0, 0x00, 0x3F, 0x80, 0x00, 0x7F, 0x00, 0x00,
    0xFF, 0xFF, 0x01, 0xFF, 0xFF, 0xC3, 0xFF, 0xFF, 0xC7, 0xFF, 0xFF, 0xCF,
    0xFF, 0xFF, 0xDF, 0xC0, 0x7F, 0xBF, 0x80, 0x7F, 0xFF, 0x00, 0x7F, 0xFE,
    0x00, 0xFF, 0xFC, 0x01, 0xFF, 0xF8, 0x03, 0xFF, 0xF0, 0x1F, 0xFF, 0xFF,
    0xFF, 0xDF, 0xFF, 0xFF, 0xBF, 0xFF, 0xFE, 0x7F, 0xFF, 0xF8, 0xFF, 0xFF,
    0xC0, 0x01, 0xFE, 0x00, 0x0F, 0xFF, 0x00, 0x7F, 0xFF, 0x81, 0xFF, 0xFF,
    0x87, 0xFF, 0xFF, 0x8F, 0xFF, 0xFF, 0x1F, 0xC0, 0xFF, 0x7F, 0x00, 0xFE,
    0xFE, 0x00, 0xFC, 0x00, 0x01, 0xFC, 0x03, 0xFF, 0xF8, 0x07, 0xFF, 0xF0,
    0x0F, 0xFF, 0xE0, 0x1F, 0xFF, 0xC0, 0x3F, 0xFF, 0x80, 0x7F, 0xFF, 0x00,
    0x00, 0xFF, 0xFC, 0x01, 0xFF, 0xF8, 0x07, 0xF3, 0xF8, 0x3F, 0xE7, 0xFF,
    0xFF, 0x87, 0xFF, 0xFF, 0x0F, 0xFF, 0xFC, 0x0F, 0xFF, 0xF0, 0x07, 0xFF,
    0x80, 0x03, 0xFC, 0x00, 0xFE, 0x00, 0x1F, 0xF0, 0x0F, 0xE0, 0x07, 0xFF,
    0xC0, 0xFE, 0x01, 0xFF, 0xFF, 0x0F, 0xE0, 0x3F, 0xFF, 0xF8, 0xFE, 0x07,
    0xFF, 0xFF, 0xCF, 0xE0, 0xFF, 0xFF, 0xFC, 0xFE, 0x0F, 0xF8, 0x3F, 0xEF,
    0xE0, 0xFF, 0x01, 0xFE, 0xFE, 0x1F, 0xE0, 0x0F, 0xEF, 0xE1, 0xFC, 0x00,
    0xFF, 0xFF, 0xFF, 0xC0, 0x07, 0xFF, 0xFF, 0xFC, 0x00, 0x7F, 0xFF, 0xFF,
    0xC0, 0x07, 0xFF, 0xFF, 0xFC, 0x00, 0x7F, 0xFF, 0xFF, 0xC0, 0x07, 0xFF,
    0xFF, 0xFC, 0x00, 0x7F, 0xFE, 0x1F, 0xC0, 0x0F, 0xFF, 0xE1, 0xFE, 0x00,
    0xFF, 0xFE, 0x0F, 0xF0, 0x1F, 0xEF, 0xE0, 0xFF, 0x83, 0xFE, 0xFE, 0x0F,
    0xFF, 0xFF, 0xCF, 0xE0, 0x7F, 0xFF, 0xFC, 0xFE, 0x03, 0xFF, 0xFF, 0x8F,
    0xE0, 0x1F, 0xFF, 0xF0, 0xFE, 0x00, 0x7F, 0xFC, 0x00, 0x00, 0x01, 0xFF,
    0x00, 0x03, 0xFF, 0xFF, 0x0F, 0xFF, 0xFF, 0x1F, 0xFF, 0xFF, 0x3F, 0xFF,
    0xFF, 0x7F, 0xFF, 0xFF, 0x7F, 0x80, 0x7F, 0x7F, 0x00, 0x7F, 0x7F, 0x00,
    0x7F, 0x7F, 0x00, 0x7F, 0x7F, 0x80, 0x7F, 0x3F, 0xFF, 0xFF, 0x3F, 0xFF,
    0xFF, 0x1F, 0xFF, 0xFF, 0x07, 0xFF, 0xFF, 0x01, 0xFF, 0xFF, 0x01, 0xFE,
    0x7F, 0x03, 0xFC, 0x7F, 0x07, 0xF8, 0x7F, 0x07, 0xF8, 0x7F, 0x0F, 0xF0,
    0x7F, 0x1F, 0xF0, 0x7F, 0x1F, 0xE0, 0x7F, 0x3F, 0xC0, 0x7F, 0x7F, 0xC0,
    0x7F, 0x7F, 0x80, 0x7F, 0x0F, 0x87, 0xC0, 0x0F, 0x87, 0xC0, 0x0F, 0x87,
    0xC0, 0x0F, 0x87, 0xC0, 0x0F, 0x87, 0xC0, 0x0F, 0x87, 0xC0, 0x00, 0x00,
    0x00, 0x00, 0x00, 0x00, 0x00, 0x00, 0x00, 0x00, 0xFE, 0x00, 0x03, 0xFF,
    0x80, 0x0F, 0xFF, 0xE0, 0x1F, 0xFF, 0xF0, 0x3F, 0xFF, 0xF8, 0x3F, 0xC3,
    0xF8, 0x7F, 0x80, 0xFC, 0x7F, 0x00, 0xFC, 0x7F, 0x00, 0x7C, 0xFE, 0x00,
    0x7E, 0xFE, 0x00, 0x7E, 0xFF, 0xFF, 0xFE, 0xFF, 0xFF, 0xFE, 0xFF, 0xFF,
    0xFE, 0xFF, 0xFF, 0xFE, 0xFE, 0x00, 0x00, 0xFE, 0x00, 0x00, 0xFE, 0x00,
    0x00, 0x7F, 0x00, 0x7F, 0x7F, 0x00, 0xFE, 0x3F, 0xC1, 0xFE, 0x3F, 0xFF,
    0xFC, 0x1F, 0xFF, 0xF8, 0x0F, 0xFF, 0xF0, 0x03, 0xFF, 0xC0, 0x00, 0xFF,
    0x00,
};

const GFXglyph kCyrillicGlyphs[] PROGMEM = {
    {      0,  25,  42,  31,    4,  -41 },  // U+0401
    {    132,   0,   0,   0,    0,    0 },  // U+0402 (absent)
    {    132,   0,   0,   0,    0,    0 },  // U+0403 (absent)
    {    132,   0,   0,   0,    0,    0 },  // U+0404 (absent)
    {    132,   0,   0,   0,    0,    0 },  // U+0405 (absent)
    {    132,   0,   0,   0,    0,    0 },  // U+0406 (absent)
    {    132,   0,   0,   0,    0,    0 },  // U+0407 (absent)
    {    132,   0,   0,   0,    0,    0 },  // U+0408 (absent)
    {    132,   0,   0,   0,    0,    0 },  // U+0409 (absent)
    {    132,   0,   0,   0,    0,    0 },  // U+040A (absent)
    {    132,   0,   0,   0,    0,    0 },  // U+040B (absent)
    {    132,   0,   0,   0,    0,    0 },  // U+040C (absent)
    {    132,   0,   0,   0,    0,    0 },  // U+040D (absent)
    {    132,   0,   0,   0,    0,    0 },  // U+040E (absent)
    {    132,   0,   0,   0,    0,    0 },  // U+040F (absent)
    {    132,  32,  34,  33,    0,  -33 },  // U+0410
    {    268,  27,  34,  33,    4,  -33 },  // U+0411
    {    383,  27,  34,  33,    4,  -33 },  // U+0412
    {    498,  24,  34,  29,    4,  -33 },  // U+0413
    {    600,  39,  41,  42,    2,  -33 },  // U+0414
    {    800,  25,  34,  31,    4,  -33 },  // U+0415
    {    907,  49,  34,  51,    1,  -33 },  // U+0416
    {   1116,  28,  36,  32,    2,  -34 },  // U+0417
    {   1242,  28,  34,  35,    4,  -33 },  // U+0418
    {   1361,  28,  41,  35,    4,  -40 },  // U+0419
    {   1505,  30,  34,  34,    4,  -33 },  // U+041A
    {   1633,  29,  35,  33,    1,  -33 },  // U+041B
    {   1760,  33,  34,  41,    4,  -33 },  // U+041C
    {   1901,  27,  34,  35,    4,  -33 },  // U+041D
    {   2016,  33,  36,  37,    2,  -34 },  // U+041E
    {   2165,  27,  34,  35,    4,  -33 },  // U+041F
    {   2280,  26,  34,  32,    4,  -33 },  // U+0420
    {   2391,  30,  36,  34,    2,  -34 },  // U+0421
    {   2526,  27,  34,  30,    2,  -33 },  // U+0422
    {   2641,  32,  34,  33,    0,  -33 },  // U+0423
    {   2777,  40,  34,  43,    2,  -33 },  // U+0424
    {   2947,  30,  34,  31,    0,  -33 },  // U+0425
    {   3075,  33,  40,  38,    4,  -33 },  // U+0426
    {   3240,  26,  34,  33,    3,  -33 },  // U+0427
    {   3351,  42,  34,  50,    4,  -33 },  // U+0428
    {   3530,  48,  40,  54,    4,  -33 },  // U+0429
    {   3770,  36,  34,  40,    2,  -33 },  // U+042A
    {   3923,  38,  34,  46,    4,  -33 },  // U+042B
    {   4085,  26,  34,  32,    4,  -33 },  // U+042C
    {   4196,  30,  36,  34,    2,  -34 },  // U+042D
    {   4331,  46,  36,  51,    4,  -34 },  // U+042E
    {   4538,  29,  34,  33,    0,  -33 },  // U+042F
    {   4662,  24,  26,  27,    2,  -24 },  // U+0430
    {   4740,  24,  36,  28,    2,  -34 },  // U+0431
    {   4848,  22,  25,  26,    3,  -24 },  // U+0432
    {   4917,  16,  25,  20,    3,  -24 },  // U+0433
    {   4967,  31,  31,  32,    1,  -24 },  // U+0434
    {   5088,  24,  26,  27,    2,  -24 },  // U+0435
    {   5166,  37,  25,  37,    0,  -24 },  // U+0436
    {   5282,  24,  26,  27,    2,  -24 },  // U+0437
    {   5360,  24,  25,  29,    3,  -24 },  // U+0438
    {   5435,  24,  33,  29,    3,  -32 },  // U+0439
    {   5534,  23,  25,  26,    3,  -24 },  // U+043A
    {   5606,  23,  25,  27,    1,  -24 },  // U+043B
    {   5678,  26,  25,  32,    3,  -24 },  // U+043C
    {   5760,  23,  25,  29,    3,  -24 },  // U+043D
    {   5832,  25,  26,  29,    2,  -24 },  // U+043E
    {   5914,  23,  25,  29,    3,  -24 },  // U+043F
    {   5986,  25,  36,  29,    3,  -24 },  // U+0440
    {   6099,  23,  26,  26,    2,  -24 },  // U+0441
    {   6174,  17,  25,  21,    2,  -24 },  // U+0442
    {   6228,  25,  36,  26,    0,  -24 },  // U+0443
    {   6341,  42,  44,  46,    2,  -32 },  // U+0444
    {   6572,  25,  25,  25,    0,  -24 },  // U+0445
    {   6651,  27,  30,  31,    3,  -24 },  // U+0446
    {   6753,  22,  25,  27,    2,  -24 },  // U+0447
    {   6822,  36,  25,  42,    3,  -24 },  // U+0448
    {   6935,  41,  31,  46,    3,  -24 },  // U+0449
    {   7094,  30,  25,  33,    2,  -24 },  // U+044A
    {   7188,  31,  25,  37,    3,  -24 },  // U+044B
    {   7285,  23,  25,  27,    3,  -24 },  // U+044C
    {   7357,  23,  26,  27,    2,  -24 },  // U+044D
    {   7432,  36,  26,  40,    3,  -24 },  // U+044E
    {   7549,  24,  25,  27,    1,  -24 },  // U+044F
    {   7624,   0,   0,   0,    0,    0 },  // U+0450 (absent)
    {   7624,  24,  35,  27,    2,  -33 },  // U+0451
};

const GFXfont kCyrillic PROGMEM = {
    (uint8_t*)kCyrillicBitmaps, (GFXglyph*)kCyrillicGlyphs,
    0x0401, 0x0451, 56
};

// U+2013..U+2026
const uint8_t kMarksBitmaps[] PROGMEM = {
    0xFF, 0xFF, 0xFF, 0xFF, 0xFF, 0xFF, 0xFF, 0xFF, 0xFF, 0xFF, 0xFF, 0xFF,
    0xFF, 0xFF, 0xFF, 0xFF, 0xC0, 0xFF, 0xFF, 0xFF, 0xFF, 0xFF, 0xFF, 0xFF,
    0xFF, 0xFF, 0xFF, 0xFF, 0xFF, 0xFF, 0xFF, 0xFF, 0xFF, 0xFF, 0xFF, 0xFF,
    0xFF, 0xFF, 0xFF, 0xFF, 0xFF, 0xFF, 0xFF, 0xFF, 0xFF, 0xFF, 0xE0, 0x19,
    0xDC, 0xCE, 0x7F, 0xFF, 0xFF, 0xFE, 0xFF, 0xFF, 0xFF, 0xFC, 0xE6, 0x77,
    0x30, 0xFF, 0xFF, 0xFF, 0xFC, 0xCE, 0x77, 0x30, 0x18, 0x06, 0x70, 0x3D,
    0xC0, 0x67, 0x01, 0xCE, 0x03, 0x9F, 0x07, 0xFE, 0x0F, 0xFC, 0x1F, 0xF8,
    0x3F, 0xF0, 0x7F, 0xE0, 0xF8, 0xF8, 0x3F, 0xF0, 0x7F, 0xE0, 0xFF, 0xC1,
    0xFF, 0x83, 0xFF, 0x07, 0xCE, 0x03, 0x9C, 0x07, 0x30, 0x1D, 0xE0, 0x73,
    0x00, 0xC0, 0xF8, 0x3F, 0xF0, 0x7F, 0xE0, 0xFF, 0xC1, 0xFF, 0x83, 0xFF,
    0x07, 0xCE, 0x03, 0x9C, 0x07, 0x30, 0x1D, 0xE0, 0x73, 0x00, 0xC0, 0x0F,
    0xC0, 0x7F, 0x83, 0xFF, 0x1F, 0xFE, 0xFF, 0xFF, 0xFF, 0xFF, 0xFF, 0xFF,
    0xFF, 0xFF, 0xFF, 0xFF, 0xF7, 0xFF, 0x8F, 0xFC, 0x1F, 0xE0, 0x3F, 0x00,
    0xFE, 0x0F, 0xE0, 0xFF, 0xFC, 0x1F, 0xC1, 0xFF, 0xF8, 0x3F, 0x83, 0xFF,
    0xF0, 0x7F, 0x07, 0xFF, 0xE0, 0xFE, 0x0F, 0xFF, 0xC1, 0xFC, 0x1F, 0xFF,
    0x83, 0xF8, 0x3F, 0x80,
};

const GFXglyph kMarksGlyphs[] PROGMEM = {
    {      0,  26,   5,  26,    0,  -14 },  // U+2013
    {     17,  47,   5,  47,    0,  -14 },  // U+2014
    {     47,   0,   0,   0,    0,    0 },  // U+2015 (absent)
    {     47,   0,   0,   0,    0,    0 },  // U+2016 (absent)
    {     47,   0,   0,   0,    0,    0 },  // U+2017 (absent)
    {     47,   5,  11,  12,    4,  -33 },  // U+2018
    {     54,   5,  11,  12,    3,  -33 },  // U+2019
    {     61,   5,  11,  12,    3,   -4 },  // U+201A
    {     68,   0,   0,   0,    0,    0 },  // U+201B (absent)
    {     68,  15,  11,  21,    4,  -33 },  // U+201C
    {     89,  15,  11,  21,    2,  -33 },  // U+201D
    {    110,  15,  11,  21,    2,   -4 },  // U+201E
    {    131,   0,   0,   0,    0,    0 },  // U+201F (absent)
    {    131,   0,   0,   0,    0,    0 },  // U+2020 (absent)
    {    131,   0,   0,   0,    0,    0 },  // U+2021 (absent)
    {    131,  14,  14,  19,    2,  -21 },  // U+2022
    {    156,   0,   0,   0,    0,    0 },  // U+2023 (absent)
    {    156,   0,   0,   0,    0,    0 },  // U+2024 (absent)
    {    156,   0,   0,   0,    0,    0 },  // U+2025 (absent)
    {    156,  31,   7,  35,    1,   -6 },  // U+2026
};

const GFXfont kMarks PROGMEM = {
    (uint8_t*)kMarksBitmaps, (GFXglyph*)kMarksGlyphs,
    0x2013, 0x2026, 56
};

// U+2116..U+2116
const uint8_t kNumeroBitmaps[] PROGMEM = {
    0xFC, 0x00, 0x7E, 0x00, 0x00, 0x1F, 0xC0, 0x0F, 0xC0, 0x00, 0x03, 0xF8,
    0x01, 0xF8, 0x00, 0x00, 0x7F, 0x80, 0x3F, 0x00, 0x00, 0x0F, 0xF0, 0x07,
    0xE0, 0x00, 0x01, 0xFF, 0x00, 0xFC, 0x00, 0x00, 0x3F, 0xE0, 0x1F, 0x80,
    0x10, 0x07, 0xFE, 0x03, 0xF0, 0x3F, 0xE0, 0xFF, 0xC0, 0x7E, 0x0F, 0xFF,
    0x1F, 0xFC, 0x0F, 0xC3, 0xFF, 0xF3, 0xFF, 0x81, 0xF8, 0xFF, 0xFE, 0x7E,
    0xF8, 0x3F, 0x3F, 0x8F, 0xEF, 0xDF, 0x07, 0xE7, 0xE0, 0x7D, 0xFB, 0xF0,
    0xFC, 0xF8, 0x0F, 0xFF, 0x3E, 0x1F, 0xBF, 0x01, 0xFF, 0xE7, 0xE3, 0xF7,
    0xC0, 0x1F, 0xFC, 0x7C, 0x7E, 0xF8, 0x03, 0xFF, 0x8F, 0xCF, 0xDF, 0x80,
    0xFF, 0xF0, 0xF9, 0xFB, 0xF0, 0x1F, 0xFE, 0x1F, 0xBF, 0x3E, 0x03, 0xEF,
    0xC1, 0xF7, 0xE7, 0xE0, 0xFD, 0xF8, 0x3E, 0xFC, 0x7F, 0xFF, 0xBF, 0x03,
    0xFF, 0x8F, 0xFF, 0xE7, 0xE0, 0x7F, 0xF0, 0xFF, 0xF8, 0xFC, 0x07, 0xFE,
    0x07, 0xFE, 0x1F, 0x80, 0xFF, 0xC0, 0x3E, 0x03, 0xF0, 0x0F, 0xF8, 0x00,
    0x00, 0x7E, 0x01, 0xFF, 0x00, 0x00, 0x0F, 0xC0, 0x1F, 0xE3, 0xFF, 0xE1,
    0xF8, 0x03, 0xFC, 0x7F, 0xFC, 0x3F, 0x00, 0x3F, 0x8F, 0xFF, 0x87, 0xE0,
    0x07, 0xF1, 0xFF, 0xF0, 0xFC, 0x00, 0x7E, 0x3F, 0xFE, 0x1F, 0x80, 0x0F,
    0xC7, 0xFF, 0xC0,
};

const GFXglyph kNumeroGlyphs[] PROGMEM = {
    {      0,  43,  34,  47,    3,  -33 },  // U+2116
};

const GFXfont kNumero PROGMEM = {
    (uint8_t*)kNumeroBitmaps, (GFXglyph*)kNumeroGlyphs,
    0x2116, 0x2116, 56
};

const GFXfont* const kFonts[] = {
    &kLatin,
    &kPunctuation,
    &kGreek,
    &kCyrillic,
    &kMarks,
    &kNumero,
};

}  // namespace

const TextFace fontFreeSansBold24 = {
    kFonts, 6, 41, 12, 56
};
