// Generated by tools/gfxfont.py -- do not edit.
// FreeSans.ttf at 24 pt, 141 dpi.

#include "fonts/fonts.h"

namespace {

// U+0020..U+007E
const uint8_t kLatinBitmaps[] PROGMEM = {
    0xFF, 0xFF, 0xFF, 0xFF, 0xFF, 0xFF, 0xFF, 0xFF, 0xFF, 0xFF, 0x76, 0x66,
    0x66, 0x00, 0x0F, 0xFF, 0xFF, 0xF1, 0xFE, 0x3F, 0xC7, 0xF8, 0xFF, 0x1F,
    0xE3, 0xFC, 0x7F, 0x8F, 0xF1, 0xEC, 0x19, 0x83, 0x30, 0x60, 0x00, 0x70,
    0x3C, 0x00, 0x70, 0x3C, 0x00, 0xF0, 0x38, 0x00, 0xF0, 0x38, 0x00, 0xF0,
    0x78, 0x00, 0xE0, 0x78, 0x00, 0xE0, 0x78, 0x01, 0xE0, 0x70, 0x01, 0xE0,
    0x70, 0x7F, 0xFF, 0xFF, 0x7F, 0xFF, 0xFF, 0x7F, 0xFF, 0xFF, 0x03, 0xC0,
    0xE0, 0x03, 0xC0, 0xE0, 0x03, 0xC0, 0xE0, 0x03, 0x81, 0xE0, 0x03, 0x81,
    0xE0, 0x03, 0x81, 0xE0, 0x07, 0x81, 0xC0, 0x07, 0x81, 0xC0, 0xFF, 0xFF,
    0xFE, 0xFF, 0xFF, 0xFE, 0xFF, 0xFF, 0xFE, 0x0F, 0x03, 0x80, 0x0F, 0x03,
    0x80, 0x0F, 0x07, 0x80, 0x0E, 0x07, 0x80, 0x0E, 0x07, 0x80, 0x1E, 0x07,
    0x00, 0x1E, 0x07, 0x00, 0x1E, 0x07, 0x00, 0x1C, 0x0F, 0x00, 0x1C, 0x0F,
    0x00, 0x00, 0x38, 0x00, 0x01, 0xFC, 0x00, 0x1F, 0xFE, 0x00, 0x7F, 0xFE,
    0x01, 0xFF, 0xFE, 0x07, 0xE7, 0x3E, 0x0F, 0x8E, 0x3C, 0x3E, 0x1C, 0x3C,
    0x78, 0x38, 0x38, 0xF0, 0x70, 0x71, 0xE0, 0xE0, 0xE3, 0xC1, 0xC0, 0x07,
    0x83, 0x80, 0x0F, 0x87, 0x00, 0x0F, 0x8E, 0x00, 0x1F, 0xDC, 0x00, 0x1F,
    0xF8, 0x00, 0x1F, 0xFF, 0x00, 0x0F, 0xFF, 0x80, 0x07, 0xFF, 0x80, 0x03,
    0xFF, 0x80, 0x07, 0x1F, 0x80, 0x0E, 0x1F, 0x00, 0x1C, 0x1F, 0x00, 0x38,
    0x1F, 0xC0, 0x70, 0x3F, 0x80, 0xE0, 0x7F, 0x81, 0xC0, 0xFF, 0x03, 0x81,
    0xEF, 0x07, 0x07, 0x9F, 0x0E, 0x0F, 0x3E, 0x1C, 0x3E, 0x3F, 0x39, 0xF8,
    0x3F, 0xFF, 0xE0, 0x3F, 0xFF, 0x00, 0x0F, 0xF8, 0x00, 0x03, 0x80, 0x00,
    0x07, 0x00, 0x00, 0x0E, 0x00, 0x00, 0x1C, 0x00, 0x00, 0x38, 0x00, 0x00,
    0x00, 0x00, 0x1C, 0x00, 0x0F, 0xC0, 0x00, 0x78, 0x00, 0x3F, 0xE0, 0x00,
    0xE0, 0x01, 0xFF, 0xE0, 0x03, 0x80, 0x03, 0xFF, 0xE0, 0x07, 0x00, 0x0F,
    0x87, 0xC0, 0x1C, 0x00, 0x3C, 0x03, 0xC0, 0x38, 0x00, 0x70, 0x03, 0x80,
    0xE0, 0x00, 0xE0, 0x07, 0x03, 0xC0, 0x01, 0xC0, 0x0E, 0x07, 0x00, 0x03,
    0x80, 0x1C, 0x1E, 0x00, 0x07, 0x80, 0x78, 0x38, 0x00, 0x07, 0xC3, 0xE0,
    0xF0, 0x00, 0x07, 0xFF, 0xC1, 0xC0, 0x00, 0x0F, 0xFF, 0x07, 0x80, 0x00,
    0x0F, 0xFC, 0x0E, 0x00, 0x00, 0x07, 0xE0, 0x38, 0x00, 0x00, 0x00, 0x00,
    0x70, 0x00, 0x00, 0x00, 0x01, 0xC0, 0x3F, 0x00, 0x00, 0x03, 0x80, 0xFF,
    0x80, 0x00, 0x0E, 0x07, 0xFF, 0x80, 0x00, 0x3C, 0x0F, 0xFF, 0x80, 0x00,
    0x70, 0x3E, 0x1F, 0x00, 0x01, 0xE0, 0xF0, 0x0F, 0x00, 0x03, 0x81, 0xC0,
    0x0E, 0x00, 0x0F, 0x03, 0x80, 0x1C, 0x00, 0x1C, 0x07, 0x00, 0x38, 0x00,
    0x78, 0x0E, 0x00, 0x70, 0x00, 0xE0, 0x1E, 0x01, 0xE0, 0x03, 0x80, 0x1F,
    0x0F, 0x80, 0x07, 0x00, 0x1F, 0xFF, 0x00, 0x1C, 0x00, 0x3F, 0xFC, 0x00,
    0x38, 0x00, 0x1F, 0xF0, 0x00, 0xE0, 0x00, 0x1F, 0x80, 0x00, 0x7E, 0x00,
    0x00, 0x1F, 0xF8, 0x00, 0x03, 0xFF, 0x80, 0x00, 0x7F, 0xFC, 0x00, 0x07,
    0xC3, 0xC0, 0x00, 0xF8, 0x1E, 0x00, 0x0F, 0x00, 0xE0, 0x00, 0xF0, 0x0E,
    0x00, 0x0F, 0x00, 0xE0, 0x00, 0xF0, 0x0E, 0x00, 0x07, 0x81, 0xE0, 0x00,
    0x7C, 0x3C, 0x00, 0x03, 0xEF, 0x80, 0x00, 0x1F, 0xF0, 0x00, 0x01, 0xFE,
    0x00, 0x00, 0x1F, 0x80, 0x00, 0x03, 0xFC, 0x00, 0x00, 0xFF, 0xE0, 0x00,
    0x1F, 0x1E, 0x07, 0x83, 0xE0, 0xF0, 0x78, 0x7C, 0x0F, 0x8F, 0x87, 0x80,
    0x7C, 0xF0, 0xF0, 0x03, 0xFF, 0x0F, 0x00, 0x1F, 0xE0, 0xF0, 0x00, 0xFE,
    0x0F, 0x00, 0x0F, 0xC0, 0xF0, 0x00, 0x7E, 0x0F, 0x80, 0x0F, 0xF0, 0x7C,
    0x01, 0xFF, 0x07, 0xF0, 0x7D, 0xF8, 0x3F, 0xFF, 0x8F, 0xC1, 0xFF, 0xF0,
    0x7E, 0x0F, 0xFE, 0x03, 0xE0, 0x3F, 0x80, 0x00, 0xFF, 0xFF, 0xFF, 0xFF,
    0xF6, 0x66, 0x01, 0xC0, 0x70, 0x38, 0x1E, 0x07, 0x03, 0xC0, 0xE0, 0x78,
    0x1C, 0x07, 0x03, 0xC0, 0xE0, 0x78, 0x1E, 0x07, 0x81, 0xE0, 0x70, 0x3C,
    0x0F, 0x03, 0xC0, 0xF0, 0x3C, 0x0F, 0x03, 0xC0, 0xF0, 0x3C, 0x0F, 0x03,
    0xC0, 0x70, 0x1E, 0x07, 0x81, 0xE0, 0x38, 0x0F, 0x03, 0xC0, 0x70, 0x1E,
    0x03, 0x80, 0xE0, 0x1C, 0x07, 0x00, 0xE0, 0x18, 0x07, 0xE0, 0x38, 0x07,
    0x01, 0xC0, 0x38, 0x0F, 0x01, 0xC0, 0x78, 0x0E, 0x03, 0x80, 0xF0, 0x1C,
    0x07, 0x01, 0xE0, 0x78, 0x1E, 0x03, 0x80, 0xF0, 0x3C, 0x0F, 0x03, 0xC0,
    0xF0, 0x3C, 0x0F, 0x03, 0xC0, 0xF0, 0x3C, 0x0F, 0x07, 0x81, 0xE0, 0x78,
    0x1E, 0x07, 0x03, 0xC0, 0xE0, 0x38, 0x1E, 0x07, 0x01, 0xC0, 0xE0, 0x38,
    0x1C, 0x06, 0x03, 0x80, 0x03, 0x00, 0x0C, 0x00, 0x30, 0x00, 0xC0, 0x73,
    0x1B, 0xFF, 0xFF, 0xFF, 0xC3, 0xF0, 0x07, 0x80, 0x3F, 0x01, 0xCE, 0x07,
    0x3C, 0x38, 0x70, 0x21, 0x00, 0x00, 0x38, 0x00, 0x00, 0x70, 0x00, 0x00,
    0xE0, 0x00, 0x01, 0xC0, 0x00, 0x03, 0x80, 0x00, 0x07, 0x00, 0x00, 0x0E,
    0x00, 0x00, 0x1C, 0x00, 0x00, 0x38, 0x01, 0xFF, 0xFF, 0xFF, 0xFF, 0xFF,
    0xFF, 0xFF, 0xFF, 0xFF, 0xFF, 0xFF, 0xE0, 0x07, 0x00, 0x00, 0x0E, 0x00,
    0x00, 0x1C, 0x00, 0x00, 0x38, 0x00, 0x00, 0x70, 0x00, 0x00, 0xE0, 0x00,
    0x01, 0xC0, 0x00, 0x03, 0x80, 0x00, 0x07, 0x00, 0x00, 0xFF, 0xFF, 0xF3,
    0x33, 0x36, 0xEC, 0xFF, 0xFF, 0xFF, 0xFF, 0xFF, 0xF0, 0xFF, 0xFF, 0xF0,
    0x00, 0x38, 0x01, 0xC0, 0x0C, 0x00, 0xE0, 0x07, 0x00, 0x30, 0x03, 0x80,
    0x1C, 0x00, 0xC0, 0x06, 0x00, 0x70, 0x03, 0x80, 0x18, 0x01, 0xC0, 0x0E,
    0x00, 0x60, 0x03, 0x00, 0x38, 0x01, 0x80, 0x0C, 0x00, 0xE0, 0x07, 0x00,
    0x30, 0x03, 0x80, 0x1C, 0x00, 0xC0, 0x06, 0x00, 0x70, 0x03, 0x80, 0x18,
    0x01, 0xC0, 0x0E, 0x00, 0x60, 0x07, 0x00, 0x38, 0x00, 0x00, 0xFC, 0x00,
    0x0F, 0xFE, 0x00, 0xFF, 0xFC, 0x07, 0xFF, 0xF8, 0x1F, 0x87, 0xE0, 0xF8,
    0x07, 0xC3, 0xC0, 0x0F, 0x1F, 0x00, 0x3E, 0x78, 0x00, 0x79, 0xE0, 0x01,
    0xE7, 0x80, 0x07, 0xBC, 0x00, 0x0F, 0xF0, 0x00, 0x3F, 0xC0, 0x00, 0xFF,
    0x00, 0x03, 0xFC, 0x00, 0x0F, 0xF0, 0x00, 0x3F, 0xC0, 0x00, 0xFF, 0x00,
    0x03, 0xFC, 0x00, 0x0F, 0xF0, 0x00, 0x3F, 0xC0, 0x00, 0xFF, 0x00, 0x03,
    0xDE, 0x00, 0x1E, 0x78, 0x00, 0x79, 0xE0, 0x01, 0xE7, 0xC0, 0x0F, 0x8F,
    0x00, 0x3C, 0x3E, 0x01, 0xF0, 0x7E, 0x1F, 0x81, 0xFF, 0xFE, 0x03, 0xFF,
    0xF0, 0x03, 0xFF, 0x00, 0x03, 0xF0, 0x00, 0x00, 0x60, 0x1C, 0x03, 0x80,
    0xF0, 0x3E, 0x3F, 0xFF, 0xFF, 0xFF, 0xFF, 0xE0, 0x3C, 0x07, 0x80, 0xF0,
    0x1E, 0x03, 0xC0, 0x78, 0x0F, 0x01, 0xE0, 0x3C, 0x07, 0x80, 0xF0, 0x1E,
    0x03, 0xC0, 0x78, 0x0F, 0x01, 0xE0, 0x3C, 0x07, 0x80, 0xF0, 0x1E, 0x03,
    0xC0, 0x78, 0x0F, 0x01, 0xE0, 0x01, 0xFE, 0x00, 0x1F, 0xFE, 0x01, 0xFF,
    0xFE, 0x0F, 0xFF, 0xFC, 0x3F, 0x03, 0xF9, 0xF0, 0x03, 0xE7, 0x80, 0x07,
    0xFE, 0x00, 0x1F, 0xF0, 0x00, 0x3F, 0xC0, 0x00, 0xFF, 0x00, 0x03, 0xC0,
    0x00, 0x0F, 0x00, 0x00, 0x7C, 0x00, 0x01, 0xF0, 0x00, 0x0F, 0x80, 0x00,
    0x7C, 0x00, 0x07, 0xF0, 0x00, 0x7F, 0x80, 0x07, 0xF8, 0x00, 0x3F, 0xC0,
    0x03, 0xFC, 0x00, 0x1F, 0xC0, 0x00, 0xFC, 0x00, 0x07, 0xC0, 0x00, 0x3C,
    0x00, 0x00, 0xE0, 0x00, 0x07, 0x80, 0x00, 0x1C, 0x00, 0x00, 0x70, 0x00,
    0x03, 0xFF, 0xFF, 0xFF, 0xFF, 0xFF, 0xFF, 0xFF, 0xFF, 0xFF, 0xFF, 0xFC,
    0x00, 0xFF, 0x00, 0x0F, 0xFF, 0x80, 0x3F, 0xFF, 0x80, 0xFF, 0xFF, 0x83,
    0xF0, 0x1F, 0x87, 0xC0, 0x1F, 0x1F, 0x00, 0x1F, 0x3C, 0x00, 0x1E, 0x78,
    0x00, 0x3C, 0xF0, 0x00, 0x78, 0x00, 0x00, 0xF0, 0x00, 0x01, 0xE0, 0x00,
    0x07, 0x80, 0x00, 0x7F, 0x00, 0x1F, 0xFC, 0x00, 0x3F, 0xE0, 0x00, 0x7F,
    0xE0, 0x00, 0xFF, 0xF0, 0x00, 0x07, 0xF0, 0x00, 0x03, 0xE0, 0x00, 0x03,
    0xE0, 0x00, 0x03, 0xC0, 0x00, 0x07, 0x80, 0x00, 0x0F, 0xF0, 0x00, 0x1F,
    0xE0, 0x00, 0x3F, 0xE0, 0x00, 0xFB, 0xC0, 0x01, 0xE7, 0xC0, 0x07, 0xC7,
    0xE0, 0x3F, 0x0F, 0xFF, 0xFE, 0x0F, 0xFF, 0xF8, 0x07, 0xFF, 0xC0, 0x03,
    0xFC, 0x00, 0x00, 0x01, 0xC0, 0x00, 0x07, 0x80, 0x00, 0x1F, 0x00, 0x00,
    0x7E, 0x00, 0x00, 0xFC, 0x00, 0x03, 0xF8, 0x00, 0x0F, 0xF0, 0x00, 0x3F,
    0xE0, 0x00, 0x7B, 0xC0, 0x01, 0xE7, 0x80, 0x07, 0x8F, 0x00, 0x0F, 0x1E,
    0x00, 0x3C, 0x3C, 0x00, 0xF0, 0x78, 0x03, 0xC0, 0xF0, 0x07, 0x81, 0xE0,
    0x1E, 0x03, 0xC0, 0x78, 0x07, 0x81, 0xE0, 0x0F, 0x03, 0xC0, 0x1E, 0x0F,
    0x00, 0x3C, 0x1F, 0xFF, 0xFF, 0xFF, 0xFF, 0xFF, 0xFF, 0xFF, 0xFF, 0xFF,
    0xFF, 0xFE, 0x00, 0x07, 0x80, 0x00, 0x0F, 0x00, 0x00, 0x1E, 0x00, 0x00,
    0x3C, 0x00, 0x00, 0x78, 0x00, 0x00, 0xF0, 0x00, 0x01, 0xE0, 0x00, 0x03,
    0xC0, 0x1F, 0xFF, 0xF0, 0x7F, 0xFF, 0xC1, 0xFF, 0xFF, 0x07, 0xFF, 0xFC,
    0x3C, 0x00, 0x00, 0xF0, 0x00, 0x03, 0xC0, 0x00, 0x0F, 0x00, 0x00, 0x3C,
    0x00, 0x00, 0xF0, 0x00, 0x03, 0xC0, 0x00, 0x1F, 0x3F, 0x80, 0x7B, 0xFF,
    0x81, 0xFF, 0xFF, 0x07, 0xFF, 0xFE, 0x1F, 0x80, 0xFC, 0x78, 0x01, 0xF8,
    0x00, 0x03, 0xE0, 0x00, 0x07, 0xC0, 0x00, 0x0F, 0x00, 0x00, 0x3C, 0x00,
    0x00, 0xF0, 0x00, 0x03, 0xC0, 0x00, 0x0F, 0x00, 0x00, 0x3F, 0xC0, 0x00,
    0xFF, 0x80, 0x07, 0x9E, 0x00, 0x1E, 0x7C, 0x00, 0xF1, 0xFC, 0x0F, 0xC3,
    0xFF, 0xFE, 0x07, 0xFF, 0xF0, 0x0F, 0xFF, 0x80, 0x07, 0xF0, 0x00, 0x00,
    0xFE, 0x00, 0x0F, 0xFE, 0x00, 0x7F, 0xFC, 0x03, 0xFF, 0xF8, 0x1F, 0x83,
    0xF0, 0xF8, 0x07, 0xC3, 0xC0, 0x0F, 0x8F, 0x00, 0x1E, 0x78, 0x00, 0x79,
    0xE0, 0x00, 0x07, 0x00, 0x00, 0x3C, 0x00, 0x00, 0xF0, 0xFE, 0x03, 0xCF,
    0xFE, 0x0F, 0x7F, 0xFE, 0x3F, 0xFF, 0xFC, 0xFF, 0x03, 0xF3, 0xF0, 0x03,
    0xEF, 0x80, 0x07, 0xBE, 0x00, 0x1F, 0xF0, 0x00, 0x3F, 0xC0, 0x00, 0xFF,
    0x00, 0x03, 0xFC, 0x00, 0x0F, 0x70, 0x00, 0x3D, 0xC0, 0x00, 0xF7, 0x80,
    0x07, 0x9F, 0x00, 0x3E, 0x3E, 0x00, 0xF8, 0xFC, 0x0F, 0xC1, 0xFF, 0xFE,
    0x03, 0xFF, 0xF0, 0x07, 0xFF, 0x80, 0x07, 0xF8, 0x00, 0xFF, 0xFF, 0xFF,
    0xFF, 0xFF, 0xFF, 0xFF, 0xFF, 0xFF, 0xFF, 0xF0, 0x00, 0x07, 0x00, 0x00,
    0x78, 0x00, 0x07, 0x80, 0x00, 0x38, 0x00, 0x03, 0xC0, 0x00, 0x3C, 0x00,
    0x01, 0xC0, 0x00, 0x1E, 0x00, 0x00, 0xE0, 0x00, 0x0F, 0x00, 0x00, 0x70,
    0x00, 0x07, 0x80, 0x00, 0x38, 0x00, 0x03, 0xC0, 0x00, 0x1C, 0x00, 0x01,
    0xE0, 0x00, 0x0E, 0x00, 0x00, 0xF0, 0x00, 0x07, 0x80, 0x00, 0x38, 0x00,
    0x03, 0xC0, 0x00, 0x1E, 0x00, 0x00, 0xE0, 0x00, 0x0F, 0x00, 0x00, 0x78,
    0x00, 0x03, 0xC0, 0x00, 0x1C, 0x00, 0x01, 0xE0, 0x00, 0x0F, 0x00, 0x00,
    0x01, 0xFE, 0x00, 0x1F, 0xFE, 0x00, 0xFF, 0xFC, 0x07, 0xFF, 0xF8, 0x3F,
    0x03, 0xF1, 0xF0, 0x03, 0xC7, 0xC0, 0x0F, 0x9E, 0x00, 0x1E, 0x78, 0x00,
    0x79, 0xE0, 0x01, 0xE7, 0xC0, 0x0F, 0x8F, 0x00, 0x3C, 0x3F, 0x03, 0xF0,
    0x7F, 0xFF, 0x80, 0x7F, 0xF8, 0x03, 0xFF, 0xF0, 0x1F, 0xFF, 0xE0, 0xFC,
    0x0F, 0xC7, 0xC0, 0x0F, 0x9E, 0x00, 0x1E, 0xF8, 0x00, 0x7F, 0xC0, 0x00,
    0xFF, 0x00, 0x03, 0xFC, 0x00, 0x0F, 0xF0, 0x00, 0x3F, 0xC0, 0x00, 0xFF,
    0x80, 0x07, 0xDE, 0x00, 0x1E, 0x7C, 0x00, 0xF8, 0xFC, 0x0F, 0xC3, 0xFF,
    0xFF, 0x07, 0xFF, 0xF8, 0x07, 0xFF, 0x80, 0x07, 0xF8, 0x00, 0x01, 0xFC,
    0x00, 0x3F, 0xF8, 0x03, 0xFF, 0xE0, 0x3F, 0xFF, 0x83, 0xF0, 0x7E, 0x3E,
    0x00, 0xF1, 0xE0, 0x07, 0xDF, 0x00, 0x1E, 0xF0, 0x00, 0x77, 0x80, 0x03,
    0xBC, 0x00, 0x1F, 0xE0, 0x00, 0xFF, 0x00, 0x07, 0xF8, 0x00, 0x3F, 0xE0,
    0x03, 0xEF, 0x00, 0x1F, 0x7C, 0x01, 0xF9, 0xF8, 0x3F, 0xCF, 0xFF, 0xFE,
    0x3F, 0xFE, 0xF0, 0xFF, 0xE7, 0x80, 0xFC, 0x3C, 0x00, 0x01, 0xE0, 0x00,
    0x0E, 0x00, 0x00, 0xF0, 0x00, 0x07, 0x9E, 0x00, 0x3C, 0xF0, 0x03, 0xC7,
    0xC0, 0x3E, 0x1F, 0x03, 0xE0, 0xFF, 0xFE, 0x03, 0xFF, 0xE0, 0x0F, 0xFE,
    0x00, 0x1F, 0xC0, 0x00, 0xFF, 0xFF, 0xF0, 0x00, 0x00, 0x00, 0x00, 0x00,
    0x00, 0x00, 0xFF, 0xFF, 0xF0, 0xFF, 0xFF, 0xF0, 0x00, 0x00, 0x00, 0x00,
    0x00, 0x00, 0x00, 0xFF, 0xFF, 0xF3, 0x33, 0x66, 0xEC, 0x00, 0x00, 0x00,
    0x00, 0x00, 0x1C, 0x00, 0x00, 0xF8, 0x00, 0x07, 0xF0, 0x00, 0x7F, 0xC0,
    0x03, 0xFC, 0x00, 0x3F, 0xE0, 0x01, 0xFF, 0x00, 0x0F, 0xF0, 0x00, 0xFF,
    0x80, 0x03, 0xF8, 0x00, 0x07, 0xC0, 0x00, 0x0F, 0xE0, 0x00, 0x0F, 0xF0,
    0x00, 0x07, 0xFC, 0x00, 0x03, 0xFE, 0x00, 0x00, 0xFF, 0x00, 0x00, 0x7F,
    0xC0, 0x00, 0x3F, 0xE0, 0x00, 0x0F, 0xF0, 0x00, 0x07, 0xE0, 0x00, 0x01,
    0xC0, 0x00, 0x00, 0x80, 0xFF, 0xFF, 0xFF, 0xFF, 0xFF, 0xFF, 0xFF, 0xFF,
    0xFF, 0xFF, 0xFF, 0xF0, 0x00, 0x00, 0x00, 0x00, 0x00, 0x00, 0x00, 0x00,
    0x00, 0x00, 0x00, 0xFF, 0xFF, 0xFF, 0xFF, 0xFF, 0xFF, 0xFF, 0xFF, 0xFF,
    0xFF, 0xFF, 0xF0, 0x80, 0x00, 0x01, 0xC0, 0x00, 0x03, 0xF0, 0x00, 0x07,
    0xF8, 0x00, 0x07, 0xFC, 0x00, 0x01, 0xFF, 0x00, 0x00, 0xFF, 0x80, 0x00,
    0x3F, 0xC0, 0x00, 0x1F, 0xF0, 0x00, 0x07, 0xF8, 0x00, 0x03, 0xF8, 0x00,
    0x01, 0xF0, 0x00, 0x07, 0xE0, 0x00, 0x3F, 0xC0, 0x03, 0xFC, 0x00, 0x1F,
    0xE0, 0x01, 0xFF, 0x00, 0x0F, 0xF0, 0x00, 0xFF, 0x80, 0x07, 0xFC, 0x00,
    0x0F, 0xC0, 0x00, 0x1E, 0x00, 0x00, 0x30, 0x00, 0x00, 0x00, 0x03, 0xF8,
    0x00, 0xFF, 0xF0, 0x1F, 0xFF, 0x83, 0xFF, 0xFC, 0x7E, 0x0F, 0xE7, 0x80,
    0x3E, 0x78, 0x01, 0xFF, 0x00, 0x0F, 0xF0, 0x00, 0xFF, 0x00, 0x0F, 0xF0,
    0x00, 0xF0, 0x00, 0x1F, 0x00, 0x01, 0xE0, 0x00, 0x3E, 0x00, 0x07, 0xC0,
    0x00, 0xF8, 0x00, 0x3F, 0x00, 0x07, 0xE0, 0x00, 0x7C, 0x00, 0x0F, 0x80,
    0x01, 0xF0, 0x00, 0x1E, 0x00, 0x01, 0xE0, 0x00, 0x1E, 0x00, 0x01, 0xE0,
    0x00, 0x1E, 0x00, 0x00, 0x00, 0x00, 0x00, 0x00, 0x00, 0x00, 0x00, 0x00,
    0x00, 0x01, 0xE0, 0x00, 0x1E, 0x00, 0x01, 0xE0, 0x00, 0x1E, 0x00, 0x01,
    0xE0, 0x00, 0x00, 0x00, 0x3F, 0xE0, 0x00, 0x00, 0x00, 0x7F, 0xFF, 0xC0,
    0x00, 0x00, 0x3F, 0xFF, 0xFE, 0x00, 0x00, 0x0F, 0xFF, 0xFF, 0xF0, 0x00,
    0x07, 0xFC, 0x03, 0xFF, 0x00, 0x01, 0xFC, 0x00, 0x0F, 0xF0, 0x00, 0x7E,
    0x00, 0x00, 0x7F, 0x00, 0x1F, 0x00, 0x00, 0x03, 0xF0, 0x07, 0xC0, 0x00,
    0x00, 0x3F, 0x01, 0xF0, 0x00, 0x00, 0x03, 0xF0, 0x3C, 0x00, 0x7E, 0x00,
    0x3E, 0x0F, 0x00, 0x3F, 0xE3, 0xC3, 0xE3, 0xE0, 0x1F, 0xFE, 0x78, 0x3C,
    0x78, 0x07, 0xE1, 0xFF, 0x07, 0xCF, 0x01, 0xF0, 0x1F, 0xC0, 0xFB, 0xC0,
    0x7C, 0x01, 0xF8, 0x0F, 0x78, 0x0F, 0x00, 0x3F, 0x01, 0xEF, 0x03, 0xC0,
    0x07, 0xC0, 0x3F, 0xC0, 0x78, 0x00, 0xF8, 0x07, 0xF8, 0x1F, 0x00, 0x1F,
    0x00, 0xFF, 0x03, 0xC0, 0x03, 0xC0, 0x1F, 0xE0, 0x78, 0x00, 0x78, 0x07,
    0xBC, 0x0F, 0x00, 0x1F, 0x00, 0xF7, 0x81, 0xE0, 0x03, 0xC0, 0x1E, 0xF0,
    0x3C, 0x00, 0x78, 0x07, 0x9E, 0x07, 0x80, 0x1F, 0x01, 0xF3, 0xE0, 0xF8,
    0x07, 0xC0, 0x3C, 0x3C, 0x0F, 0x81, 0xF8, 0x0F, 0x87, 0x81, 0xF8, 0x7F,
    0x87, 0xE0, 0xF8, 0x1F, 0xFE, 0xFF, 0xF8, 0x0F, 0x01, 0xFF, 0x1F, 0xFC,
    0x01, 0xF0, 0x0F, 0x80, 0xFE, 0x00, 0x1F, 0x00, 0x00, 0x00, 0x00, 0x03,
    0xF0, 0x00, 0x00, 0x00, 0x00, 0x3F, 0x00, 0x00, 0x00, 0x00, 0x03, 0xF8,
    0x00, 0x00, 0x00, 0x00, 0x3F, 0x80, 0x00, 0x00, 0x00, 0x03, 0xFF, 0x00,
    0x7C, 0x00, 0x00, 0x1F, 0xFF, 0xFF, 0x80, 0x00, 0x01, 0xFF, 0xFF, 0xF8,
    0x00, 0x00, 0x0F, 0xFF, 0xFC, 0x00, 0x00, 0x00, 0x1F, 0xF8, 0x00, 0x00,
    0x00, 0x0F, 0xC0, 0x00, 0x00, 0x7F, 0x00, 0x00, 0x01, 0xFC, 0x00, 0x00,
    0x07, 0xF8, 0x00, 0x00, 0x3F, 0xE0, 0x00, 0x00, 0xF7, 0xC0, 0x00, 0x03,
    0xDF, 0x00, 0x00, 0x1F, 0x3C, 0x00, 0x00, 0x78, 0xF8, 0x00, 0x01, 0xE3,
    0xE0, 0x00, 0x0F, 0x87, 0x80, 0x00, 0x3C, 0x1F, 0x00, 0x01, 0xF0, 0x7C,
    0x00, 0x07, 0x80, 0xF0, 0x00, 0x1E, 0x03, 0xE0, 0x00, 0xF8, 0x0F, 0x80,
    0x03, 0xC0, 0x1E, 0x00, 0x0F, 0x00, 0x7C, 0x00, 0x7C, 0x01, 0xF0, 0x01,
    0xE0, 0x03, 0xC0, 0x07, 0xFF, 0xFF, 0x80, 0x3F, 0xFF, 0xFE, 0x00, 0xFF,
    0xFF, 0xFC, 0x07, 0xFF, 0xFF, 0xF0, 0x1F, 0x00, 0x07, 0xC0, 0x78, 0x00,
    0x0F, 0x83, 0xE0, 0x00, 0x3E, 0x0F, 0x80, 0x00, 0xF8, 0x3C, 0x00, 0x01,
    0xF1, 0xF0, 0x00, 0x07, 0xC7, 0xC0, 0x00, 0x1F, 0x1E, 0x00, 0x00, 0x3E,
    0xF8, 0x00, 0x00, 0xFB, 0xE0, 0x00, 0x01, 0xE0, 0xFF, 0xFF, 0x80, 0x7F,
    0xFF, 0xF0, 0x3F, 0xFF, 0xFE, 0x1F, 0xFF, 0xFF, 0x0F, 0x00, 0x0F, 0xC7,
    0x80, 0x01, 0xE3, 0xC0, 0x00, 0xF9, 0xE0, 0x00, 0x3C, 0xF0, 0x00, 0x1E,
    0x78, 0x00, 0x0F, 0x3C, 0x00, 0x07, 0x9E, 0x00, 0x07, 0x8F, 0x00, 0x03,
    0xC7, 0x80, 0x07, 0xC3, 0xFF, 0xFF, 0xC1, 0xFF, 0xFF, 0xC0, 0xFF, 0xFF,
    0xF8, 0x7F, 0xFF, 0xFE, 0x3C, 0x00, 0x0F, 0x9E, 0x00, 0x03, 0xEF, 0x00,
    0x00, 0xF7, 0x80, 0x00, 0x3F, 0xC0, 0x00, 0x1F, 0xE0, 0x00, 0x0F, 0xF0,
    0x00, 0x07, 0xF8, 0x00, 0x03, 0xFC, 0x00, 0x01, 0xFE, 0x00, 0x01, 0xFF,
    0x00, 0x01, 0xF7, 0x80, 0x01, 0xFB, 0xFF, 0xFF, 0xF9, 0xFF, 0xFF, 0xF8,
    0xFF, 0xFF, 0xF8, 0x7F, 0xFF, 0xF0, 0x00, 0x00, 0x1F, 0xE0, 0x00, 0x07,
    0xFF, 0xE0, 0x00, 0x7F, 0xFF, 0xC0, 0x0F, 0xFF, 0xFF, 0x00, 0xFE, 0x01,
    0xF8, 0x07, 0xC0, 0x03, 0xE0, 0x7C, 0x00, 0x0F, 0x87, 0xC0, 0x00, 0x3C,
    0x3C, 0x00, 0x01, 0xE3, 0xE0, 0x00, 0x07, 0x9E, 0x00, 0x00, 0x3C, 0xF0,
    0x00, 0x00, 0x07, 0x80, 0x00, 0x00, 0x78, 0x00, 0x00, 0x03, 0xC0, 0x00,
    0x00, 0x1E, 0x00, 0x00, 0x00, 0xF0, 0x00, 0x00, 0x07, 0x80, 0x00, 0x00,
    0x3C, 0x00, 0x00, 0x01, 0xE0, 0x00, 0x00, 0x0F, 0x00, 0x00, 0x00, 0x78,
    0x00, 0x00, 0x03, 0xC0, 0x00, 0x00, 0x0F, 0x00, 0x00, 0x0F, 0x78, 0x00,
    0x00, 0x7B, 0xC0, 0x00, 0x07, 0xDF, 0x00, 0x00, 0x3C, 0x78, 0x00, 0x01,
    0xE3, 0xE0, 0x00, 0x1F, 0x0F, 0x80, 0x01, 0xF0, 0x3E, 0x00, 0x1F, 0x81,
    0xFE, 0x03, 0xF8, 0x07, 0xFF, 0xFF, 0x80, 0x0F, 0xFF, 0xF8, 0x00, 0x3F,
    0xFF, 0x00, 0x00, 0x3F, 0xE0, 0x00, 0xFF, 0xFF, 0x80, 0x1F, 0xFF, 0xFE,
    0x03, 0xFF, 0xFF, 0xE0, 0x7F, 0xFF, 0xFE, 0x0F, 0x00, 0x0F, 0xE1, 0xE0,
    0x00, 0x7E, 0x3C, 0x00, 0x07, 0xE7, 0x80, 0x00, 0x7C, 0xF0, 0x00, 0x07,
    0xDE, 0x00, 0x00, 0x7B, 0xC0, 0x00, 0x0F, 0x78, 0x00, 0x01, 0xEF, 0x00,
    0x00, 0x1F, 0xE0, 0x00, 0x03, 0xFC, 0x00, 0x00, 0x7F, 0x80, 0x00, 0x0F,
    0xF0, 0x00, 0x01, 0xFE, 0x00, 0x00, 0x3F, 0xC0, 0x00, 0x07, 0xF8, 0x00,
    0x00, 0xFF, 0x00, 0x00, 0x1F, 0xE0, 0x00, 0x03, 0xFC, 0x00, 0x00, 0xF7,
    0x80, 0x00, 0x1E, 0xF0, 0x00, 0x03, 0xDE, 0x00, 0x00, 0xFB, 0xC0, 0x00,
    0x3E, 0x78, 0x00, 0x0F, 0xCF, 0x00, 0x03, 0xF1, 0xE0, 0x01, 0xFC, 0x3F,
    0xFF, 0xFF, 0x07, 0xFF, 0xFF, 0xC0, 0xFF, 0xFF, 0xF0, 0x1F, 0xFF, 0xF0,
    0x00, 0xFF, 0xFF, 0xFE, 0xFF, 0xFF, 0xFE, 0xFF, 0xFF, 0xFE, 0xFF, 0xFF,
    0xFE, 0xF0, 0x00, 0x00, 0xF0, 0x00, 0x00, 0xF0, 0x00, 0x00, 0xF0, 0x00,
    0x00, 0xF0, 0x00, 0x00, 0xF0, 0x00, 0x00, 0xF0, 0x00, 0x00, 0xF0, 0x00,
    0x00, 0xF0, 0x00, 0x00, 0xF0, 0x00, 0x00, 0xF0, 0x00, 0x00, 0xFF, 0xFF,
    0xFE, 0xFF, 0xFF, 0xFE, 0xFF, 0xFF, 0xFE, 0xFF, 0xFF, 0xFE, 0xF0, 0x00,
    0x00, 0xF0, 0x00, 0x00, 0xF0, 0x00, 0x00, 0xF0, 0x00, 0x00, 0xF0, 0x00,
    0x00, 0xF0, 0x00, 0x00, 0xF0, 0x00, 0x00, 0xF0, 0x00, 0x00, 0xF0, 0x00,
    0x00, 0xF0, 0x00, 0x00, 0xF0, 0x00, 0x00, 0xFF, 0xFF, 0xFF, 0xFF, 0xFF,
    0xFF, 0xFF, 0xFF, 0xFF, 0xFF, 0xFF, 0xFF, 0xFF, 0xFF, 0xFF, 0xFF, 0xFF,
    0xFF, 0xFF, 0xFF, 0xFF, 0xFF, 0xFF, 0xF0, 0x00, 0x03, 0xC0, 0x00, 0x0F,
    0x00, 0x00, 0x3C, 0x00, 0x00, 0xF0, 0x00, 0x03, 0xC0, 0x00, 0x0F, 0x00,
    0x00, 0x3C, 0x00, 0x00, 0xF0, 0x00, 0x03, 0xC0, 0x00, 0x0F, 0x00, 0x00,
    0x3F, 0xFF, 0xFC, 0xFF, 0xFF, 0xF3, 0xFF, 0xFF, 0xCF, 0xFF, 0xFF, 0x3C,
    0x00, 0x00, 0xF0, 0x00, 0x03, 0xC0, 0x00, 0x0F, 0x00, 0x00, 0x3C, 0x00,
    0x00, 0xF0, 0x00, 0x03, 0xC0, 0x00, 0x0F, 0x00, 0x00, 0x3C, 0x00, 0x00,
    0xF0, 0x00, 0x03, 0xC0, 0x00, 0x0F, 0x00, 0x00, 0x3C, 0x00, 0x00, 0xF0,
    0x00, 0x03, 0xC0, 0x00, 0x00, 0x00, 0x0F, 0xF8, 0x00, 0x00, 0xFF, 0xFE,
    0x00, 0x07, 0xFF, 0xFF, 0x00, 0x1F, 0xFF, 0xFF, 0x00, 0x7F, 0x80, 0x7F,
    0x01, 0xF8, 0x00, 0x3F, 0x07, 0xE0, 0x00, 0x1F, 0x0F, 0x80, 0x00, 0x1E,
    0x3E, 0x00, 0x00, 0x3E, 0x78, 0x00, 0x00, 0x3D, 0xF0, 0x00, 0x00, 0x03,
    0xC0, 0x00, 0x00, 0x07, 0x80, 0x00, 0x00, 0x1F, 0x00, 0x00, 0x00, 0x3C,
    0x00, 0x00, 0x00, 0x78, 0x00, 0x00, 0x00, 0xF0, 0x00, 0x00, 0x01, 0xE0,
    0x00, 0xFF, 0xFF, 0xC0, 0x01, 0xFF, 0xFF, 0x80, 0x03, 0xFF, 0xFF, 0x00,
    0x07, 0xFF, 0xFE, 0x00, 0x00, 0x03, 0xFE, 0x00, 0x00, 0x07, 0xBC, 0x00,
    0x00, 0x0F, 0x78, 0x00, 0x00, 0x1E, 0xF8, 0x00, 0x00, 0x7D, 0xF0, 0x00,
    0x00, 0xF9, 0xF0, 0x00, 0x03, 0xF3, 0xF0, 0x00, 0x07, 0xE3, 0xF0, 0x00,
    0x1F, 0xC3, 0xF0, 0x00, 0xFF, 0x83, 0xFC, 0x07, 0xEF, 0x03, 0xFF, 0xFF,
    0x9E, 0x03, 0xFF, 0xFE, 0x1C, 0x01, 0xFF, 0xF0, 0x38, 0x00, 0x7F, 0x00,
    0x00, 0xF0, 0x00, 0x03, 0xFC, 0x00, 0x00, 0xFF, 0x00, 0x00, 0x3F, 0xC0,
    0x00, 0x0F, 0xF0, 0x00, 0x03, 0xFC, 0x00, 0x00, 0xFF, 0x00, 0x00, 0x3F,
    0xC0, 0x00, 0x0F, 0xF0, 0x00, 0x03, 0xFC, 0x00, 0x00, 0xFF, 0x00, 0x00,
    0x3F, 0xC0, 0x00, 0x0F, 0xF0, 0x00, 0x03, 0xFC, 0x00, 0x00, 0xFF, 0x00,
    0x00, 0x3F, 0xFF, 0xFF, 0xFF, 0xFF, 0xFF, 0xFF, 0xFF, 0xFF, 0xFF, 0xFF,
    0xFF, 0xFF, 0xFF, 0xC0, 0x00, 0x0F, 0xF0, 0x00, 0x03, 0xFC, 0x00, 0x00,
    0xFF, 0x00, 0x00, 0x3F, 0xC0, 0x00, 0x0F, 0xF0, 0x00, 0x03, 0xFC, 0x00,
    0x00, 0xFF, 0x00, 0x00, 0x3F, 0xC0, 0x00, 0x0F, 0xF0, 0x00, 0x03, 0xFC,
    0x00, 0x00, 0xFF, 0x00, 0x00, 0x3F, 0xC0, 0x00, 0x0F, 0xF0, 0x00, 0x03,
    0xFC, 0x00, 0x00, 0xF0, 0xFF, 0xFF, 0xFF, 0xFF, 0xFF, 0xFF, 0xFF, 0xFF,
    0xFF, 0xFF, 0xFF, 0xFF, 0xFF, 0xFF, 0xFF, 0xFF, 0xFF, 0x00, 0x01, 0xE0,
    0x00, 0x3C, 0x00, 0x07, 0x80, 0x00, 0xF0, 0x00, 0x1E, 0x00, 0x03, 0xC0,
    0x00, 0x78, 0x00, 0x0F, 0x00, 0x01, 0xE0, 0x00, 0x3C, 0x00, 0x07, 0x80,
    0x00, 0xF0, 0x00, 0x1E, 0x00, 0x03, 0xC0, 0x00, 0x78, 0x00, 0x0F, 0x00,
    0x01, 0xE0, 0x00, 0x3C, 0x00, 0x07, 0x80, 0x00, 0xF0, 0x00, 0x1E, 0x00,
    0x03, 0xC0, 0x00, 0x7F, 0x80, 0x0F, 0xF0, 0x01, 0xFE, 0x00, 0x3F, 0xC0,
    0x07, 0xF8, 0x01, 0xFF, 0x80, 0x3E, 0xF0, 0x0F, 0x9F, 0x83, 0xF1, 0xFF,
    0xFC, 0x3F, 0xFF, 0x01, 0xFF, 0xC0, 0x0F, 0xE0, 0x00, 0xF0, 0x00, 0x07,
    0xDE, 0x00, 0x01, 0xF3, 0xC0, 0x00, 0x7C, 0x78, 0x00, 0x1F, 0x0F, 0x00,
    0x07, 0xC1, 0xE0, 0x01, 0xF0, 0x3C, 0x00, 0x7C, 0x07, 0x80, 0x1F, 0x00,
    0xF0, 0x07, 0xC0, 0x1E, 0x01, 0xF0, 0x03, 0xC0, 0x7C, 0x00, 0x78, 0x1F,
    0x00, 0x0F, 0x07, 0xC0, 0x01, 0xE1, 0xF0, 0x00, 0x3C, 0x7E, 0x00, 0x07,
    0x9F, 0xE0, 0x00, 0xF7, 0xFE, 0x00, 0x1F, 0xF7, 0xC0, 0x03, 0xFC, 0x7C,
    0x00, 0x7F, 0x07, 0xC0, 0x0F, 0xC0, 0xF8, 0x01, 0xF0, 0x0F, 0x80, 0x3C,
    0x00, 0xF8, 0x07, 0x80, 0x1F, 0x80, 0xF0, 0x01, 0xF0, 0x1E, 0x00, 0x1F,
    0x03, 0xC0, 0x03, 0xF0, 0x78, 0x00, 0x3E, 0x0F, 0x00, 0x03, 0xE1, 0xE0,
    0x00, 0x3E, 0x3C, 0x00, 0x07, 0xC7, 0x80, 0x00, 0x7C, 0xF0, 0x00, 0x07,
    0xDE, 0x00, 0x00, 0xFC, 0xF0, 0x00, 0x07, 0x80, 0x00, 0x3C, 0x00, 0x01,
    0xE0, 0x00, 0x0F, 0x00, 0x00, 0x78, 0x00, 0x03, 0xC0, 0x00, 0x1E, 0x00,
    0x00, 0xF0, 0x00, 0x07, 0x80, 0x00, 0x3C, 0x00, 0x01, 0xE0, 0x00, 0x0F,
    0x00, 0x00, 0x78, 0x00, 0x03, 0xC0, 0x00, 0x1E, 0x00, 0x00, 0xF0, 0x00,
    0x07, 0x80, 0x00, 0x3C, 0x00, 0x01, 0xE0, 0x00, 0x0F, 0x00, 0x00, 0x78,
    0x00, 0x03, 0xC0, 0x00, 0x1E, 0x00, 0x00, 0xF0, 0x00, 0x07, 0x80, 0x00,
    0x3C, 0x00, 0x01, 0xE0, 0x00, 0x0F, 0x00, 0x00, 0x78, 0x00, 0x03, 0xFF,
    0xFF, 0xFF, 0xFF, 0xFF, 0xFF, 0xFF, 0xFF, 0xFF, 0xFF, 0xC0, 0xFC, 0x00,
    0x00, 0x3F, 0xFC, 0x00, 0x00, 0x3F, 0xFE, 0x00, 0x00, 0x7F, 0xFE, 0x00,
    0x00, 0x7F, 0xFE, 0x00, 0x00, 0x7F, 0xFF, 0x00, 0x00, 0xFF, 0xFF, 0x00,
    0x00, 0xFF, 0xF7, 0x80, 0x00, 0xEF, 0xF7, 0x80, 0x01, 0xEF, 0xF7, 0x80,
    0x01, 0xEF, 0xF3, 0xC0, 0x01, 0xCF, 0xF3, 0xC0, 0x03, 0xCF, 0xF3, 0xC0,
    0x03, 0xCF, 0xF1, 0xE0, 0x03, 0x8F, 0xF1, 0xE0, 0x07, 0x8F, 0xF1, 0xE0,
    0x07, 0x8F, 0xF0, 0xF0, 0x0F, 0x0F, 0xF0, 0xF0, 0x0F, 0x0F, 0xF0, 0xF0,
    0x0F, 0x0F, 0xF0, 0x78, 0x1E, 0x0F, 0xF0, 0x78, 0x1E, 0x0F, 0xF0, 0x78,
    0x1E, 0x0F, 0xF0, 0x3C, 0x3C, 0x0F, 0xF0, 0x3C, 0x3C, 0x0F, 0xF0, 0x3C,
    0x3C, 0x0F, 0xF0, 0x1E, 0x78, 0x0F, 0xF0, 0x1E, 0x78, 0x0F, 0xF0, 0x0E,
    0x78, 0x0F, 0xF0, 0x0F, 0xF0, 0x0F, 0xF0, 0x0F, 0xF0, 0x0F, 0xF0, 0x07,
    0xF0, 0x0F, 0xF0, 0x07, 0xE0, 0x0F, 0xF0, 0x07, 0xE0, 0x0F, 0xF0, 0x03,
    0xE0, 0x0F, 0xF8, 0x00, 0x03, 0xFF, 0x00, 0x00, 0xFF, 0xC0, 0x00, 0x3F,
    0xF8, 0x00, 0x0F, 0xFE, 0x00, 0x03, 0xFF, 0xC0, 0x00, 0xFF, 0xF8, 0x00,
    0x3F, 0xDE, 0x00, 0x0F, 0xF7, 0xC0, 0x03, 0xFC, 0xF8, 0x00, 0xFF, 0x1E,
    0x00, 0x3F, 0xC7, 0xC0, 0x0F, 0xF0, 0xF0, 0x03, 0xFC, 0x3E, 0x00, 0xFF,
    0x07, 0xC0, 0x3F, 0xC0, 0xF0, 0x0F, 0xF0, 0x3E, 0x03, 0xFC, 0x07, 0xC0,
    0xFF, 0x00, 0xF0, 0x3F, 0xC0, 0x3E, 0x0F, 0xF0, 0x07, 0x83, 0xFC, 0x01,
    0xF0, 0xFF, 0x00, 0x3E, 0x3F, 0xC0, 0x07, 0x8F, 0xF0, 0x01, 0xF3, 0xFC,
    0x00, 0x3E, 0xFF, 0x00, 0x07, 0xBF, 0xC0, 0x01, 0xFF, 0xF0, 0x00, 0x3F,
    0xFC, 0x00, 0x0F, 0xFF, 0x00, 0x01, 0xFF, 0xC0, 0x00, 0x3F, 0xF0, 0x00,
    0x0F, 0xFC, 0x00, 0x01, 0xF0, 0x00, 0x0F, 0xF8, 0x00, 0x00, 0x3F, 0xFF,
    0x80, 0x00, 0x7F, 0xFF, 0xF0, 0x00, 0x7F, 0xFF, 0xFC, 0x00, 0x7F, 0x80,
    0xFF, 0x00, 0x7E, 0x00, 0x0F, 0xC0, 0x7E, 0x00, 0x03, 0xF0, 0x3E, 0x00,
    0x00, 0xF8, 0x3E, 0x00, 0x00, 0x3E, 0x1E, 0x00, 0x00, 0x0F, 0x1F, 0x00,
    0x00, 0x07, 0xCF, 0x00, 0x00, 0x01, 0xE7, 0x80, 0x00, 0x00, 0xF7, 0xC0,
    0x00, 0x00, 0x7F, 0xC0, 0x00, 0x00, 0x1F, 0xE0, 0x00, 0x00, 0x0F, 0xF0,
    0x00, 0x00, 0x07, 0xF8, 0x00, 0x00, 0x03, 0xFC, 0x00, 0x00, 0x01, 0xFE,
    0x00, 0x00, 0x00, 0xFF, 0x00, 0x00, 0x00, 0x7F, 0x80, 0x00, 0x00, 0x3F,
    0xE0, 0x00, 0x00, 0x3E, 0xF0, 0x00, 0x00, 0x1E, 0x78, 0x00, 0x00, 0x0F,
    0x3E, 0x00, 0x00, 0x0F, 0x8F, 0x00, 0x00, 0x07, 0x87, 0xC0, 0x00, 0x07,
    0xC1, 0xF0, 0x00, 0x07, 0xC0, 0xFC, 0x00, 0x07, 0xE0, 0x3F, 0x00, 0x07,
    0xE0, 0x0F, 0xF0, 0x1F, 0xE0, 0x03, 0xFF, 0xFF, 0xE0, 0x00, 0xFF, 0xFF,
    0xE0, 0x00, 0x1F, 0xFF, 0xC0, 0x00, 0x01, 0xFF, 0x00, 0x00, 0xFF, 0xFF,
    0xC0, 0xFF, 0xFF, 0xF0, 0xFF, 0xFF, 0xF8, 0xFF, 0xFF, 0xFC, 0xF0, 0x00,
    0xFE, 0xF0, 0x00, 0x3E, 0xF0, 0x00, 0x1F, 0xF0, 0x00, 0x0F, 0xF0, 0x00,
    0x0F, 0xF0, 0x00, 0x0F, 0xF0, 0x00, 0x0F, 0xF0, 0x00, 0x0F, 0xF0, 0x00,
    0x0F, 0xF0, 0x00, 0x1F, 0xF0, 0x00, 0x3E, 0xF0, 0x00, 0xFE, 0xFF, 0xFF,
    0xFC, 0xFF, 0xFF, 0xF8, 0xFF, 0xFF, 0xF0, 0xFF, 0xFF, 0xC0, 0xF0, 0x00,
    0x00, 0xF0, 0x00, 0x00, 0xF0, 0x00, 0x00, 0xF0, 0x00, 0x00, 0xF0, 0x00,
    0x00, 0xF0, 0x00, 0x00, 0xF0, 0x00, 0x00, 0xF0, 0x00, 0x00, 0xF0, 0x00,
    0x00, 0xF0, 0x00, 0x00, 0xF0, 0x00, 0x00, 0xF0, 0x00, 0x00, 0xF0, 0x00,
    0x00, 0xF0, 0x00, 0x00, 0x00, 0x0F, 0xF8, 0x00, 0x00, 0x3F, 0xFF, 0x80,
    0x00, 0x7F, 0xFF, 0xF0, 0x00, 0x7F, 0xFF, 0xFC, 0x00, 0x7F, 0x80, 0xFF,
    0x00, 0x7E, 0x00, 0x0F, 0xC0, 0x7E, 0x00, 0x03, 0xF0, 0x3E, 0x00, 0x00,
    0xF8, 0x3E, 0x00, 0x00, 0x3E, 0x1E, 0x00, 0x00, 0x0F, 0x1F, 0x00, 0x00,
    0x07, 0xCF, 0x00, 0x00, 0x01, 0xE7, 0x80, 0x00, 0x00, 0xF7, 0xC0, 0x00,
    0x00, 0x7F, 0xC0, 0x00, 0x00, 0x1F, 0xE0, 0x00, 0x00, 0x0F, 0xF0, 0x00,
    0x00, 0x07, 0xF8, 0x00, 0x00, 0x03, 0xFC, 0x00, 0x00, 0x01, 0xFE, 0x00,
    0x00, 0x00, 0xFF, 0x00, 0x00, 0x00, 0x7F, 0x80, 0x00, 0x00, 0x3F, 0xE0,
    0x00, 0x00, 0x3E, 0xF0, 0x00, 0x00, 0x1E, 0x78, 0x00, 0x00, 0x0F, 0x3E,
    0x00, 0x00, 0x0F, 0x8F, 0x00, 0x03, 0x87, 0x87, 0xC0, 0x03, 0xE7, 0xC1,
    0xF0, 0x00, 0xFF, 0xC0, 0xFC, 0x00, 0x3F, 0xE0, 0x3F, 0x00, 0x0F, 0xE0,
    0x0F, 0xF0, 0x1F, 0xF0, 0x03, 0xFF, 0xFF, 0xFC, 0x00, 0xFF, 0xFF, 0xFF,
    0x00, 0x1F, 0xFF, 0xC7, 0xC0, 0x01, 0xFF, 0x01, 0xE0, 0x00, 0x00, 0x00,
    0x70, 0x00, 0x00, 0x00, 0x10, 0xFF, 0xFF, 0xE0, 0x3F, 0xFF, 0xFE, 0x0F,
    0xFF, 0xFF, 0xC3, 0xFF, 0xFF, 0xF8, 0xF0, 0x00, 0x3F, 0x3C, 0x00, 0x07,
    0xCF, 0x00, 0x00, 0xFB, 0xC0, 0x00, 0x1E, 0xF0, 0x00, 0x07, 0xBC, 0x00,
    0x01, 0xEF, 0x00, 0x00, 0x7B, 0xC0, 0x00, 0x1E, 0xF0, 0x00, 0x07, 0xBC,
    0x00, 0x03, 0xCF, 0x00, 0x01, 0xF3, 0xC0, 0x00, 0xF8, 0xFF, 0xFF, 0xFC,
    0x3F, 0xFF, 0xFE, 0x0F, 0xFF, 0xFF, 0xC3, 0xFF, 0xFF, 0xF8, 0xF0, 0x00,
    0x3F, 0x3C, 0x00, 0x03, 0xCF, 0x00, 0x00, 0xFB, 0xC0, 0x00, 0x1E, 0xF0,
    0x00, 0x07, 0xBC, 0x00, 0x01, 0xEF, 0x00, 0x00, 0x7B, 0xC0, 0x00, 0x1E,
    0xF0, 0x00, 0x07, 0xBC, 0x00, 0x01, 0xEF, 0x00, 0x00, 0x7B, 0xC0, 0x00,
    0x1E, 0xF0, 0x00, 0x07, 0xFC, 0x00, 0x01, 0xF0, 0x00, 0x7F, 0xC0, 0x00,
    0x7F, 0xFF, 0x00, 0x1F, 0xFF, 0xF0, 0x0F, 0xFF, 0xFF, 0x81, 0xF8, 0x07,
    0xF0, 0x7C, 0x00, 0x3F, 0x0F, 0x00, 0x01, 0xE3, 0xE0, 0x00, 0x3E, 0x78,
    0x00, 0x03, 0xCF, 0x00, 0x00, 0x79, 0xE0, 0x00, 0x00, 0x3C, 0x00, 0x00,
    0x07, 0xC0, 0x00, 0x00, 0x7E, 0x00, 0x00, 0x0F, 0xF0, 0x00, 0x00, 0xFF,
    0xE0, 0x00, 0x0F, 0xFF, 0xC0, 0x00, 0x7F, 0xFF, 0x00, 0x01, 0xFF, 0xF8,
    0x00, 0x03, 0xFF, 0x80, 0x00, 0x07, 0xF8, 0x00, 0x00, 0x3F, 0x80, 0x00,
    0x01, 0xF0, 0x00, 0x00, 0x1F, 0x00, 0x00, 0x01, 0xFE, 0x00, 0x00, 0x3F,
    0xC0, 0x00, 0x07, 0xF8, 0x00, 0x00, 0xFF, 0x80, 0x00, 0x3E, 0xF8, 0x00,
    0x07, 0x9F, 0x80, 0x01, 0xF1, 0xFE, 0x01, 0xFC, 0x1F, 0xFF, 0xFF, 0x01,
    0xFF, 0xFF, 0xC0, 0x0F, 0xFF, 0xE0, 0x00, 0x3F, 0xE0, 0x00, 0xFF, 0xFF,
    0xFF, 0xFF, 0xFF, 0xFF, 0xFF, 0xFF, 0xFF, 0xFF, 0xFF, 0xFF, 0xFF, 0x00,
    0x1E, 0x00, 0x00, 0x07, 0x80, 0x00, 0x01, 0xE0, 0x00, 0x00, 0x78, 0x00,
    0x00, 0x1E, 0x00, 0x00, 0x07, 0x80, 0x00, 0x01, 0xE0, 0x00, 0x00, 0x78,
    0x00, 0x00, 0x1E, 0x00, 0x00, 0x07, 0x80, 0x00, 0x01, 0xE0, 0x00, 0x00,
    0x78, 0x00, 0x00, 0x1E, 0x00, 0x00, 0x07, 0x80, 0x00, 0x01, 0xE0, 0x00,
    0x00, 0x78, 0x00, 0x00, 0x1E, 0x00, 0x00, 0x07, 0x80, 0x00, 0x01, 0xE0,
    0x00, 0x00, 0x78, 0x00, 0x00, 0x1E, 0x00, 0x00, 0x07, 0x80, 0x00, 0x01,
    0xE0, 0x00, 0x00, 0x78, 0x00, 0x00, 0x1E, 0x00, 0x00, 0x07, 0x80, 0x00,
    0x01, 0xE0, 0x00, 0x00, 0x78, 0x00, 0x00, 0x1E, 0x00, 0x00, 0x07, 0x80,
    0x00, 0xF0, 0x00, 0x03, 0xFC, 0x00, 0x00, 0xFF, 0x00, 0x00, 0x3F, 0xC0,
    0x00, 0x0F, 0xF0, 0x00, 0x03, 0xFC, 0x00, 0x00, 0xFF, 0x00, 0x00, 0x3F,
    0xC0, 0x00, 0x0F, 0xF0, 0x00, 0x03, 0xFC, 0x00, 0x00, 0xFF, 0x00, 0x00,
    0x3F, 0xC0, 0x00, 0x0F, 0xF0, 0x00, 0x03, 0xFC, 0x00, 0x00, 0xFF, 0x00,
    0x00, 0x3F, 0xC0, 0x00, 0x0F, 0xF0, 0x00, 0x03, 0xFC, 0x00, 0x00, 0xFF,
    0x00, 0x00, 0x3F, 0xC0, 0x00, 0x0F, 0xF0, 0x00, 0x03, 0xFC, 0x00, 0x00,
    0xFF, 0x00, 0x00, 0x3F, 0xC0, 0x00, 0x0F, 0xF0, 0x00, 0x03, 0xFC, 0x00,
    0x00, 0xFF, 0x00, 0x00, 0x7F, 0xE0, 0x00, 0x1E, 0x7C, 0x00, 0x0F, 0x9F,
    0x80, 0x07, 0xE3, 0xF8, 0x07, 0xF0, 0x7F, 0xFF, 0xF8, 0x0F, 0xFF, 0xFC,
    0x00, 0xFF, 0xFC, 0x00, 0x0F, 0xF8, 0x00, 0xF8, 0x00, 0x00, 0xF7, 0xC0,
    0x00, 0x0F, 0x9E, 0x00, 0x00, 0x7C, 0xF8, 0x00, 0x03, 0xC7, 0xC0, 0x00,
    0x3E, 0x1E, 0x00, 0x01, 0xF0, 0xF8, 0x00, 0x0F, 0x07, 0xC0, 0x00, 0xF8,
    0x1E, 0x00, 0x07, 0xC0, 0xF8, 0x00, 0x3C, 0x07, 0xC0, 0x03, 0xE0, 0x1E,
    0x00, 0x1F, 0x00, 0xF8, 0x00, 0xF0, 0x03, 0xC0, 0x0F, 0x80, 0x1E, 0x00,
    0x7C, 0x00, 0xF8, 0x03, 0xC0, 0x03, 0xC0, 0x1E, 0x00, 0x1F, 0x01, 0xF0,
    0x00, 0xF8, 0x0F, 0x00, 0x03, 0xC0, 0x78, 0x00, 0x1F, 0x07, 0x80, 0x00,
    0xF8, 0x3C, 0x00, 0x03, 0xC1, 0xE0, 0x00, 0x1F, 0x1E, 0x00, 0x00, 0x78,
    0xF0, 0x00, 0x03, 0xC7, 0x80, 0x00, 0x1F, 0x78, 0x00, 0x00, 0x7B, 0xC0,
    0x00, 0x03, 0xDE, 0x00, 0x00, 0x1F, 0xE0, 0x00, 0x00, 0x7F, 0x00, 0x00,
    0x03, 0xF8, 0x00, 0x00, 0x1F, 0x80, 0x00, 0x00, 0x7C, 0x00, 0x00, 0xF8,
    0x00, 0x3F, 0x00, 0x07, 0xFE, 0x00, 0x0F, 0xC0, 0x01, 0xFF, 0x80, 0x03,
    0xF0, 0x00, 0x7D, 0xE0, 0x00, 0xFC, 0x00, 0x1E, 0x7C, 0x00, 0x7F, 0x80,
    0x0F, 0x9F, 0x00, 0x1F, 0xE0, 0x03, 0xE7, 0xC0, 0x07, 0xF8, 0x00, 0xF8,
    0xF0, 0x01, 0xFF, 0x00, 0x3C, 0x3E, 0x00, 0xF3, 0xC0, 0x1F, 0x0F, 0x80,
    0x3C, 0xF0, 0x07, 0xC3, 0xE0, 0x0F, 0x3C, 0x01, 0xF0, 0x78, 0x07, 0xC7,
    0x80, 0x78, 0x1F, 0x01, 0xE1, 0xE0, 0x1E, 0x07, 0xC0, 0x78, 0x78, 0x0F,
    0x80, 0xF0, 0x1E, 0x1E, 0x03, 0xE0, 0x3C, 0x0F, 0x83, 0xC0, 0xF0, 0x0F,
    0x83, 0xC0, 0xF0, 0x3C, 0x03, 0xE0, 0xF0, 0x3C, 0x1F, 0x00, 0x78, 0x3C,
    0x0F, 0x87, 0xC0, 0x1E, 0x1E, 0x01, 0xE1, 0xE0, 0x07, 0x87, 0x80, 0x78,
    0x78, 0x01, 0xF1, 0xE0, 0x1E, 0x1E, 0x00, 0x3C, 0xF8, 0x03, 0xCF, 0x80,
    0x0F, 0x3C, 0x00, 0xF3, 0xC0, 0x03, 0xCF, 0x00, 0x3C, 0xF0, 0x00, 0xFB,
    0xC0, 0x0F, 0xBC, 0x00, 0x1F, 0xF0, 0x01, 0xFF, 0x00, 0x07, 0xF8, 0x00,
    0x7F, 0x80, 0x01, 0xFE, 0x00, 0x1F, 0xE0, 0x00, 0x7F, 0x80, 0x03, 0xF8,
    0x00, 0x0F, 0xC0, 0x00, 0xFE, 0x00, 0x03, 0xF0, 0x00, 0x3F, 0x00, 0x00,
    0xFC, 0x00, 0x0F, 0xC0, 0x00, 0x3F, 0x00, 0x01, 0xF0, 0x00, 0x7C, 0x00,
    0x01, 0xF3, 0xF0, 0x00, 0x1F, 0x8F, 0x80, 0x00, 0xF8, 0x3E, 0x00, 0x0F,
    0x80, 0xF8, 0x00, 0xF8, 0x07, 0xC0, 0x07, 0xC0, 0x1F, 0x00, 0x7C, 0x00,
    0x7C, 0x07, 0xC0, 0x03, 0xE0, 0x3E, 0x00, 0x0F, 0x83, 0xE0, 0x00, 0x3E,
    0x3E, 0x00, 0x01, 0xF1, 0xF0, 0x00, 0x07, 0xDF, 0x00, 0x00, 0x1F, 0xF0,
    0x00, 0x00, 0xFF, 0x80, 0x00, 0x03, 0xF8, 0x00, 0x00, 0x0F, 0x80, 0x00,
    0x00, 0xFE, 0x00, 0x00, 0x0F, 0xF0, 0x00, 0x00, 0x7F, 0xC0, 0x00, 0x07,
    0xDF, 0x00, 0x00, 0x7C, 0x78, 0x00, 0x03, 0xE3, 0xE0, 0x00, 0x3E, 0x0F,
    0x80, 0x03, 0xE0, 0x7E, 0x00, 0x1F, 0x01, 0xF0, 0x01, 0xF0, 0x07, 0xC0,
    0x1F, 0x00, 0x3F, 0x00, 0xF8, 0x00, 0xF8, 0x0F, 0x80, 0x03, 0xE0, 0xF8,
    0x00, 0x1F, 0x8F, 0xC0, 0x00, 0x7C, 0x7C, 0x00, 0x01, 0xF7, 0xC0, 0x00,
    0x0F, 0xC0, 0xFC, 0x00, 0x00, 0xFD, 0xF0, 0x00, 0x03, 0xE7, 0xE0, 0x00,
    0x1F, 0x0F, 0x80, 0x00, 0x7C, 0x1F, 0x00, 0x03, 0xE0, 0x7C, 0x00, 0x1F,
    0x00, 0xF8, 0x00, 0x7C, 0x01, 0xF0, 0x03, 0xE0, 0x07, 0xC0, 0x0F, 0x80,
    0x0F, 0x80, 0x7C, 0x00, 0x3E, 0x01, 0xE0, 0x00, 0x7C, 0x0F, 0x80, 0x00,
    0xF8, 0x7C, 0x00, 0x03, 0xE1, 0xE0, 0x00, 0x07, 0xCF, 0x80, 0x00, 0x0F,
    0x3C, 0x00, 0x00, 0x3F, 0xF0, 0x00, 0x00, 0x7F, 0x80, 0x00, 0x00, 0xFC,
    0x00, 0x00, 0x03, 0xF0, 0x00, 0x00, 0x07, 0x80, 0x00, 0x00, 0x1E, 0x00,
    0x00, 0x00, 0x78, 0x00, 0x00, 0x01, 0xE0, 0x00, 0x00, 0x07, 0x80, 0x00,
    0x00, 0x1E, 0x00, 0x00, 0x00, 0x78, 0x00, 0x00, 0x01, 0xE0, 0x00, 0x00,
    0x07, 0x80, 0x00, 0x00, 0x1E, 0x00, 0x00, 0x00, 0x78, 0x00, 0x00, 0x01,
    0xE0, 0x00, 0x00, 0x07, 0x80, 0x00, 0x00, 0x1E, 0x00, 0x00, 0x3F, 0xFF,
    0xFF, 0xC7, 0xFF, 0xFF, 0xF8, 0xFF, 0xFF, 0xFF, 0x1F, 0xFF, 0xFF, 0xE0,
    0x00, 0x00, 0x7C, 0x00, 0x00, 0x1F, 0x00, 0x00, 0x07, 0xE0, 0x00, 0x01,
    0xF8, 0x00, 0x00, 0x7E, 0x00, 0x00, 0x0F, 0x80, 0x00, 0x03, 0xE0, 0x00,
    0x00, 0xFC, 0x00, 0x00, 0x3F, 0x00, 0x00, 0x0F, 0xC0, 0x00, 0x01, 0xF0,
    0x00, 0x00, 0x7C, 0x00, 0x00, 0x1F, 0x80, 0x00, 0x07, 0xE0, 0x00, 0x01,
    0xF8, 0x00, 0x00, 0x3E, 0x00, 0x00, 0x0F, 0x80, 0x00, 0x03, 0xF0, 0x00,
    0x00, 0xFC, 0x00, 0x00, 0x1F, 0x00, 0x00, 0x07, 0xC0, 0x00, 0x01, 0xF0,
    0x00, 0x00, 0x7E, 0x00, 0x00, 0x1F, 0x80, 0x00, 0x03, 0xE0, 0x00, 0x00,
    0xF8, 0x00, 0x00, 0x3F, 0xFF, 0xFF, 0xFF, 0xFF, 0xFF, 0xFF, 0xFF, 0xFF,
    0xFF, 0xFF, 0xFF, 0xFF, 0xFC, 0xFF, 0xFF, 0xFF, 0xFF, 0xF0, 0xF0, 0xF0,
    0xF0, 0xF0, 0xF0, 0xF0, 0xF0, 0xF0, 0xF0, 0xF0, 0xF0, 0xF0, 0xF0, 0xF0,
    0xF0, 0xF0, 0xF0, 0xF0, 0xF0, 0xF0, 0xF0, 0xF0, 0xF0, 0xF0, 0xF0, 0xF0,
    0xF0, 0xF0, 0xF0, 0xF0, 0xF0, 0xF0, 0xF0, 0xF0, 0xF0, 0xFF, 0xFF, 0xFF,
    0xFF, 0xE0, 0x07, 0x00, 0x18, 0x00, 0xE0, 0x07, 0x00, 0x18, 0x00, 0xE0,
    0x07, 0x00, 0x18, 0x00, 0xC0, 0x07, 0x00, 0x38, 0x00, 0xC0, 0x07, 0x00,
    0x38, 0x00, 0xC0, 0x06, 0x00, 0x38, 0x00, 0xC0, 0x06, 0x00, 0x38, 0x01,
    0xC0, 0x06, 0x00, 0x38, 0x01, 0xC0, 0x06, 0x00, 0x30, 0x01, 0xC0, 0x0E,
    0x00, 0x30, 0x01, 0xC0, 0x0E, 0x00, 0x30, 0x01, 0xC0, 0x0E, 0xFF, 0xFF,
    0xFF, 0xFF, 0x0F, 0x0F, 0x0F, 0x0F, 0x0F, 0x0F, 0x0F, 0x0F, 0x0F, 0x0F,
    0x0F, 0x0F, 0x0F, 0x0F, 0x0F, 0x0F, 0x0F, 0x0F, 0x0F, 0x0F, 0x0F, 0x0F,
    0x0F, 0x0F, 0x0F, 0x0F, 0x0F, 0x0F, 0x0F, 0x0F, 0x0F, 0x0F, 0x0F, 0x0F,
    0x0F, 0x0F, 0xFF, 0xFF, 0xFF, 0xFF, 0x01, 0xE0, 0x00, 0x78, 0x00, 0x3F,
    0x00, 0x0F, 0xC0, 0x07, 0xF8, 0x01, 0xCE, 0x00, 0x73, 0x80, 0x3C, 0x70,
    0x0E, 0x1C, 0x07, 0x87, 0x81, 0xC0, 0xE0, 0x70, 0x38, 0x38, 0x07, 0x0E,
    0x01, 0xC7, 0x80, 0x79, 0xC0, 0x0E, 0x70, 0x03, 0xB8, 0x00, 0x70, 0xFF,
    0xFF, 0xFF, 0xFF, 0xFF, 0xFF, 0xFF, 0xFC, 0x0F, 0x01, 0xE0, 0x3C, 0x07,
    0x00, 0xE0, 0x1C, 0x01, 0xFF, 0x00, 0x0F, 0xFF, 0xC0, 0x1F, 0xFF, 0xE0,
    0x3F, 0xFF, 0xF0, 0x7E, 0x03, 0xF8, 0x7C, 0x00, 0xF8, 0x78, 0x00, 0x78,
    0x00, 0x00, 0x78, 0x00, 0x00, 0x78, 0x00, 0x00, 0x78, 0x00, 0x00, 0xF8,
    0x00, 0x03, 0xF8, 0x01, 0xFF, 0xF8, 0x0F, 0xFF, 0xF8, 0x3F, 0xFE, 0x78,
    0x7F, 0x80, 0x78, 0xFC, 0x00, 0x78, 0xF8, 0x00, 0x78, 0xF0, 0x00, 0x78,
    0xF0, 0x00, 0xF8, 0xF0, 0x00, 0xF8, 0xF8, 0x03, 0xF8, 0x7E, 0x0F, 0xFC,
    0x7F, 0xFF, 0x7F, 0x3F, 0xFE, 0x3F, 0x1F, 0xFC, 0x3F, 0x07, 0xE0, 0x1F,
    0xF0, 0x00, 0x03, 0xC0, 0x00, 0x0F, 0x00, 0x00, 0x3C, 0x00, 0x00, 0xF0,
    0x00, 0x03, 0xC0, 0x00, 0x0F, 0x00, 0x00, 0x3C, 0x00, 0x00, 0xF0, 0x7E,
    0x03, 0xC7, 0xFE, 0x0F, 0x7F, 0xFC, 0x3D, 0xFF, 0xF8, 0xFF, 0x07, 0xF3,
    0xF8, 0x07, 0xCF, 0xC0, 0x0F, 0xBE, 0x00, 0x1E, 0xF8, 0x00, 0x7B, 0xE0,
    0x01, 0xFF, 0x00, 0x03, 0xFC, 0x00, 0x0F, 0xF0, 0x00, 0x3F, 0xC0, 0x00,
    0xFF, 0x00, 0x03, 0xFC, 0x00, 0x0F, 0xF0, 0x00, 0x3F, 0xE0, 0x01, 0xFF,
    0x80, 0x07, 0xBE, 0x00, 0x1E, 0xFC, 0x00, 0xFB, 0xF8, 0x07, 0xCF, 0xF0,
    0x7F, 0x3B, 0xFF, 0xF8, 0xE7, 0xFF, 0xC3, 0x8F, 0xFE, 0x00, 0x0F, 0xE0,
    0x00, 0x00, 0xFE, 0x00, 0x3F, 0xFC, 0x03, 0xFF, 0xF0, 0x3F, 0xFF, 0xC3,
    0xF0, 0x3F, 0x1F, 0x00, 0xF9, 0xF0, 0x03, 0xCF, 0x00, 0x0F, 0x78, 0x00,
    0x07, 0xC0, 0x00, 0x3C, 0x00, 0x01, 0xE0, 0x00, 0x0F, 0x00, 0x00, 0x78,
    0x00, 0x03, 0xC0, 0x00, 0x1E, 0x00, 0x00, 0xF0, 0x00, 0x07, 0x80, 0x00,
    0x3E, 0x00, 0x1E, 0xF0, 0x00, 0xF7, 0xC0, 0x0F, 0x9F, 0x00, 0xF8, 0xFC,
    0x0F, 0xC3, 0xFF, 0xFC, 0x0F, 0xFF, 0xC0, 0x3F, 0xFC, 0x00, 0x7F, 0x00,
    0x00, 0x00, 0x1E, 0x00, 0x00, 0x3C, 0x00, 0x00, 0x78, 0x00, 0x00, 0xF0,
    0x00, 0x01, 0xE0, 0x00, 0x03, 0xC0, 0x00, 0x07, 0x80, 0x00, 0x0F, 0x00,
    0xFC, 0x1E, 0x0F, 0xFE, 0x3C, 0x3F, 0xFF, 0x78, 0xFF, 0xFF, 0xF3, 0xF8,
    0x3F, 0xE7, 0xC0, 0x1F, 0xDF, 0x00, 0x1F, 0xBC, 0x00, 0x1F, 0x78, 0x00,
    0x3F, 0xF0, 0x00, 0x7F, 0xC0, 0x00, 0x7F, 0x80, 0x00, 0xFF, 0x00, 0x01,
    0xFE, 0x00, 0x03, 0xFC, 0x00, 0x07, 0xF8, 0x00, 0x0F, 0xF0, 0x00, 0x1F,
    0xF0, 0x00, 0x7D, 0xE0, 0x00, 0xFB, 0xC0, 0x01, 0xF7, 0xC0, 0x07, 0xE7,
    0xC0, 0x1F, 0xCF, 0xE0, 0xFF, 0x8F, 0xFF, 0xF7, 0x0F, 0xFF, 0xCE, 0x0F,
    0xFF, 0x1C, 0x07, 0xF8, 0x00, 0x00, 0xFE, 0x00, 0x0F, 0xFE, 0x00, 0xFF,
    0xFC, 0x07, 0xFF, 0xF8, 0x1F, 0x83, 0xF0, 0xF8, 0x07, 0xC7, 0xC0, 0x0F,
    0x9E, 0x00, 0x1E, 0x78, 0x00, 0x7B, 0xE0, 0x00, 0xFF, 0x00, 0x03, 0xFC,
    0x00, 0x0F, 0xFF, 0xFF, 0xFF, 0xFF, 0xFF, 0xFF, 0xFF, 0xFF, 0xFC, 0x00,
    0x00, 0xF0, 0x00, 0x03, 0xC0, 0x00, 0x07, 0x80, 0x00, 0x1E, 0x00, 0x1E,
    0x7C, 0x00, 0x78, 0xF8, 0x03, 0xE3, 0xF0, 0x3F, 0x07, 0xFF, 0xFC, 0x0F,
    0xFF, 0xC0, 0x1F, 0xFE, 0x00, 0x1F, 0xE0, 0x00, 0x03, 0xC3, 0xF0, 0xFC,
    0x7F, 0x1F, 0x07, 0x81, 0xE0, 0x78, 0x1E, 0x3F, 0xFF, 0xFF, 0xFF, 0x1E,
    0x07, 0x81, 0xE0, 0x78, 0x1E, 0x07, 0x81, 0xE0, 0x78, 0x1E, 0x07, 0x81,
    0xE0, 0x78, 0x1E, 0x07, 0x81, 0xE0, 0x78, 0x1E, 0x07, 0x81, 0xE0, 0x78,
    0x1E, 0x07, 0x80, 0x00, 0xFC, 0x00, 0x1F, 0xFC, 0xF0, 0xFF, 0xFB, 0xC7,
    0xFF, 0xFF, 0x3F, 0x83, 0xFC, 0xF8, 0x07, 0xF7, 0xC0, 0x0F, 0xDE, 0x00,
    0x1F, 0x78, 0x00, 0x7F, 0xE0, 0x00, 0xFF, 0x00, 0x03, 0xFC, 0x00, 0x0F,
    0xF0, 0x00, 0x3F, 0xC0, 0x00, 0xFF, 0x00, 0x03, 0xFC, 0x00, 0x0F, 0xF0,
    0x00, 0x3F, 0xC0, 0x00, 0xF7, 0x80, 0x07, 0xDE, 0x00, 0x1F, 0x7C, 0x00,
    0xFC, 0xF8, 0x07, 0xF3, 0xF8, 0x3F, 0xC7, 0xFF, 0xEF, 0x0F, 0xFF, 0x3C,
    0x1F, 0xF8, 0xF0, 0x1F, 0x83, 0xC0, 0x00, 0x0F, 0x00, 0x00, 0x79, 0xE0,
    0x01, 0xE7, 0xC0, 0x0F, 0x8F, 0x80, 0xFC, 0x3F, 0xFF, 0xF0, 0x7F, 0xFF,
    0x80, 0xFF, 0xFC, 0x00, 0x7F, 0x80, 0xF0, 0x00, 0x1E, 0x00, 0x03, 0xC0,
    0x00, 0x78, 0x00, 0x0F, 0x00, 0x01, 0xE0, 0x00, 0x3C, 0x00, 0x07, 0x80,
    0x00, 0xF0, 0xFE, 0x1E, 0x3F, 0xF3, 0xCF, 0xFF, 0x7B, 0xFF, 0xEF, 0xF0,
    0xFF, 0xF8, 0x07, 0xFF, 0x00, 0x7F, 0xC0, 0x0F, 0xF8, 0x01, 0xFE, 0x00,
    0x3F, 0xC0, 0x07, 0xF8, 0x00, 0xFF, 0x00, 0x1F, 0xE0, 0x03, 0xFC, 0x00,
    0x7F, 0x80, 0x0F, 0xF0, 0x01, 0xFE, 0x00, 0x3F, 0xC0, 0x07, 0xF8, 0x00,
    0xFF, 0x00, 0x1F, 0xE0, 0x03, 0xFC, 0x00, 0x7F, 0x80, 0x0F, 0xF0, 0x01,
    0xFE, 0x00, 0x3C, 0xFF, 0xFF, 0xF0, 0x00, 0x0F, 0xFF, 0xFF, 0xFF, 0xFF,
    0xFF, 0xFF, 0xFF, 0xFF, 0xFF, 0xFF, 0xFF, 0xFF, 0x0F, 0x0F, 0x0F, 0x0F,
    0x0F, 0x00, 0x00, 0x00, 0x00, 0x0F, 0x0F, 0x0F, 0x0F, 0x0F, 0x0F, 0x0F,
    0x0F, 0x0F, 0x0F, 0x0F, 0x0F, 0x0F, 0x0F, 0x0F, 0x0F, 0x0F, 0x0F, 0x0F,
    0x0F, 0x0F, 0x0F, 0x0F, 0x0F, 0x0F, 0x0F, 0x0F, 0x0F, 0x0F, 0x0F, 0x1F,
    0xFF, 0xFE, 0xFE, 0xF8, 0xF0, 0x00, 0x07, 0x80, 0x00, 0x3C, 0x00, 0x01,
    0xE0, 0x00, 0x0F, 0x00, 0x00, 0x78, 0x00, 0x03, 0xC0, 0x00, 0x1E, 0x00,
    0x00, 0xF0, 0x00, 0x07, 0x80, 0x1F, 0x3C, 0x01, 0xF1, 0xE0, 0x1F, 0x0F,
    0x01, 0xF0, 0x78, 0x1F, 0x03, 0xC1, 0xF0, 0x1E, 0x1F, 0x00, 0xF1, 0xF0,
    0x07, 0x9F, 0x00, 0x3D, 0xF8, 0x01, 0xFF, 0xE0, 0x0F, 0xFF, 0x80, 0x7F,
    0x7C, 0x03, 0xF1, 0xF0, 0x1F, 0x07, 0xC0, 0xF0, 0x3E, 0x07, 0x80, 0xF8,
    0x3C, 0x03, 0xC1, 0xE0, 0x1F, 0x0F, 0x00, 0x7C, 0x78, 0x03, 0xE3, 0xC0,
    0x0F, 0x9E, 0x00, 0x3C, 0xF0, 0x01, 0xF7, 0x80, 0x07, 0xC0, 0xFF, 0xFF,
    0xFF, 0xFF, 0xFF, 0xFF, 0xFF, 0xFF, 0xFF, 0xFF, 0xFF, 0xFF, 0xFF, 0xFF,
    0xFF, 0xFF, 0xFF, 0x00, 0xFC, 0x03, 0xF0, 0xE3, 0xFE, 0x0F, 0xFC, 0xE7,
    0xFF, 0x1F, 0xFE, 0xEF, 0xFF, 0xBF, 0xFE, 0xFE, 0x0F, 0xF8, 0x3F, 0xFC,
    0x07, 0xF0, 0x1F, 0xF8, 0x03, 0xE0, 0x0F, 0xF8, 0x03, 0xE0, 0x0F, 0xF0,
    0x03, 0xC0, 0x0F, 0xF0, 0x03, 0xC0, 0x0F, 0xF0, 0x03, 0xC0, 0x0F, 0xF0,
    0x03, 0xC0, 0x0F, 0xF0, 0x03, 0xC0, 0x0F, 0xF0, 0x03, 0xC0, 0x0F, 0xF0,
    0x03, 0xC0, 0x0F, 0xF0, 0x03, 0xC0, 0x0F, 0xF0, 0x03, 0xC0, 0x0F, 0xF0,
    0x03, 0xC0, 0x0F, 0xF0, 0x03, 0xC0, 0x0F, 0xF0, 0x03, 0xC0, 0x0F, 0xF0,
    0x03, 0xC0, 0x0F, 0xF0, 0x03, 0xC0, 0x0F, 0xF0, 0x03, 0xC0, 0x0F, 0xF0,
    0x03, 0xC0, 0x0F, 0xF0, 0x03, 0xC0, 0x0F, 0xF0, 0x03, 0xC0, 0x0F, 0x00,
    0x7E, 0x0E, 0x1F, 0xF8, 0xE7, 0xFF, 0xCE, 0xFF, 0xFE, 0xEF, 0x07, 0xFF,
    0xE0, 0x1F, 0xFC, 0x01, 0xFF, 0x80, 0x0F, 0xF8, 0x00, 0xFF, 0x00, 0x0F,
    0xF0, 0x00, 0xFF, 0x00, 0x0F, 0xF0, 0x00, 0xFF, 0x00, 0x0F, 0xF0, 0x00,
    0xFF, 0x00, 0x0F, 0xF0, 0x00, 0xFF, 0x00, 0x0F, 0xF0, 0x00, 0xFF, 0x00,
    0x0F, 0xF0, 0x00, 0xFF, 0x00, 0x0F, 0xF0, 0x00, 0xFF, 0x00, 0x0F, 0xF0,
    0x00, 0xFF, 0x00, 0x0F, 0x00, 0xFE, 0x00, 0x07, 0xFF, 0x80, 0x3F, 0xFF,
    0x80, 0xFF, 0xFF, 0x83, 0xF8, 0x3F, 0x87, 0xC0, 0x1F, 0x1F, 0x00, 0x1F,
    0x3C, 0x00, 0x1E, 0x78, 0x00, 0x3D, 0xF0, 0x00, 0x7F, 0xC0, 0x00, 0x7F,
    0x80, 0x00, 0xFF, 0x00, 0x01, 0xFE, 0x00, 0x03, 0xFC, 0x00, 0x07, 0xF8,
    0x00, 0x0F, 0xF0, 0x00, 0x1F, 0xF0, 0x00, 0x7D, 0xE0, 0x00, 0xF3, 0xC0,
    0x01, 0xE7, 0xC0, 0x07, 0xC7, 0xC0, 0x1F, 0x0F, 0xE0, 0xFE, 0x0F, 0xFF,
    0xF8, 0x0F, 0xFF, 0xE0, 0x0F, 0xFF, 0x00, 0x03, 0xF8, 0x00, 0x00, 0xFE,
    0x03, 0x8F, 0xFE, 0x0E, 0x7F, 0xFC, 0x3B, 0xFF, 0xF8, 0xFF, 0x07, 0xF3,
    0xF8, 0x07, 0xCF, 0xC0, 0x0F, 0xBE, 0x00, 0x1E, 0xF8, 0x00, 0x7B, 0xE0,
    0x01, 0xFF, 0x00, 0x03, 0xFC, 0x00, 0x0F, 0xF0, 0x00, 0x3F, 0xC0, 0x00,
    0xFF, 0x00, 0x03, 0xFC, 0x00, 0x0F, 0xF0, 0x00, 0x3F, 0xE0, 0x01, 0xFF,
    0x80, 0x07, 0xBE, 0x00, 0x1E, 0xFC, 0x00, 0xFB, 0xF8, 0x07, 0xCF, 0xF0,
    0x7F, 0x3F, 0xFF, 0xF8, 0xF7, 0xFF, 0xC3, 0xC7, 0xFE, 0x0F, 0x07, 0xE0,
    0x3C, 0x00, 0x00, 0xF0, 0x00, 0x03, 0xC0, 0x00, 0x0F, 0x00, 0x00, 0x3C,
    0x00, 0x00, 0xF0, 0x00, 0x03, 0xC0, 0x00, 0x0F, 0x00, 0x00, 0x00, 0x00,
    0xFE, 0x00, 0x07, 0xFF, 0x1C, 0x3F, 0xFF, 0x38, 0xFF, 0xFF, 0x73, 0xF8,
    0x3F, 0xE7, 0xC0, 0x1F, 0xDF, 0x00, 0x1F, 0xBC, 0x00, 0x1F, 0x78, 0x00,
    0x3F, 0xF0, 0x00, 0x7F, 0xC0, 0x00, 0x7F, 0x80, 0x00, 0xFF, 0x00, 0x01,
    0xFE, 0x00, 0x03, 0xFC, 0x00, 0x07, 0xF8, 0x00, 0x0F, 0xF0, 0x00, 0x1F,
    0xF0, 0x00, 0x7F, 0xE0, 0x00, 0xFB, 0xC0, 0x01, 0xF7, 0xC0, 0x07, 0xE7,
    0xC0, 0x1F, 0xCF, 0xE0, 0xFF, 0x8F, 0xFF, 0xEF, 0x0F, 0xFF, 0xDE, 0x0F,
    0xFE, 0x3C, 0x07, 0xF0, 0x78, 0x00, 0x00, 0xF0, 0x00, 0x01, 0xE0, 0x00,
    0x03, 0xC0, 0x00, 0x07, 0x80, 0x00, 0x0F, 0x00, 0x00, 0x1E, 0x00, 0x00,
    0x3C, 0x00, 0x00, 0x78, 0x00, 0xFE, 0x1F, 0xE7, 0xFE, 0xFF, 0xFF, 0x8F,
    0xC0, 0xF8, 0x0F, 0x80, 0xF0, 0x0F, 0x00, 0xF0, 0x0F, 0x00, 0xF0, 0x0F,
    0x00, 0xF0, 0x0F, 0x00, 0xF0, 0x0F, 0x00, 0xF0, 0x0F, 0x00, 0xF0, 0x0F,
    0x00, 0xF0, 0x0F, 0x00, 0xF0, 0x0F, 0x00, 0x01, 0xFC, 0x00, 0xFF, 0xF0,
    0x1F, 0xFF, 0x83, 0xFF, 0xFC, 0x3E, 0x07, 0xE7, 0xC0, 0x3E, 0x78, 0x01,
    0xE7, 0x80, 0x00, 0x78, 0x00, 0x07, 0xC0, 0x00, 0x7E, 0x00, 0x03, 0xFC,
    0x00, 0x1F, 0xFC, 0x00, 0xFF, 0xF8, 0x03, 0xFF, 0xC0, 0x03, 0xFE, 0x00,
    0x03, 0xF0, 0x00, 0x1F, 0x00, 0x00, 0xFF, 0x00, 0x0F, 0xF0, 0x00, 0xFF,
    0x80, 0x1F, 0x7E, 0x07, 0xE7, 0xFF, 0xFE, 0x3F, 0xFF, 0xC1, 0xFF, 0xF0,
    0x03, 0xFC, 0x00, 0x1E, 0x07, 0x81, 0xE0, 0x78, 0x1E, 0x07, 0x8F, 0xFF,
    0xFF, 0xFF, 0xC7, 0x81, 0xE0, 0x78, 0x1E, 0x07, 0x81, 0xE0, 0x78, 0x1E,
    0x07, 0x81, 0xE0, 0x78, 0x1E, 0x07, 0x81, 0xE0, 0x78, 0x1E, 0x07, 0x81,
    0xE0, 0x78, 0x1F, 0xC7, 0xF0, 0xFC, 0x1F, 0xF0, 0x00, 0xFF, 0x00, 0x0F,
    0xF0, 0x00, 0xFF, 0x00, 0x0F, 0xF0, 0x00, 0xFF, 0x00, 0x0F, 0xF0, 0x00,
    0xFF, 0x00, 0x0F, 0xF0, 0x00, 0xFF, 0x00, 0x0F, 0xF0, 0x00, 0xFF, 0x00,
    0x0F, 0xF0, 0x00, 0xFF, 0x00, 0x0F, 0xF0, 0x00, 0xFF, 0x00, 0x0F, 0xF0,
    0x00, 0xFF, 0x00, 0x1F, 0xF0, 0x01, 0xFF, 0x00, 0x3F, 0xF8, 0x07, 0xFF,
    0xE0, 0xFF, 0x7F, 0xFF, 0x77, 0xFF, 0xE7, 0x1F, 0xFC, 0x70, 0x7E, 0x00,
    0x78, 0x00, 0x3E, 0xF0, 0x00, 0x79, 0xF0, 0x00, 0xF1, 0xE0, 0x03, 0xE3,
    0xC0, 0x07, 0x87, 0xC0, 0x0F, 0x07, 0x80, 0x3C, 0x0F, 0x00, 0x78, 0x1F,
    0x01, 0xF0, 0x1E, 0x03, 0xC0, 0x3C, 0x07, 0x80, 0x7C, 0x1F, 0x00, 0x78,
    0x3C, 0x00, 0xF0, 0x78, 0x01, 0xF1, 0xE0, 0x01, 0xE3, 0xC0, 0x03, 0xC7,
    0x80, 0x03, 0xDE, 0x00, 0x07, 0xBC, 0x00, 0x0F, 0x70, 0x00, 0x0F, 0xE0,
    0x00, 0x1F, 0xC0, 0x00, 0x3F, 0x00, 0x00, 0x3E, 0x00, 0x00, 0x7C, 0x00,
    0xF8, 0x03, 0xE0, 0x07, 0x9E, 0x00, 0xFC, 0x01, 0xE7, 0x80, 0x3F, 0x00,
    0x79, 0xF0, 0x0F, 0xC0, 0x3E, 0x3C, 0x07, 0xF0, 0x0F, 0x0F, 0x01, 0xFE,
    0x03, 0xC3, 0xC0, 0x7F, 0x80, 0xF0, 0xF8, 0x1D, 0xE0, 0x78, 0x1E, 0x0F,
    0x38, 0x1E, 0x07, 0x83, 0xCF, 0x07, 0x81, 0xE0, 0xF3, 0xC1, 0xE0, 0x3C,
    0x38, 0xF0, 0xF0, 0x0F, 0x1E, 0x1C, 0x3C, 0x03, 0xC7, 0x87, 0x8F, 0x00,
    0xF1, 0xE1, 0xE3, 0x80, 0x1E, 0x70, 0x79, 0xE0, 0x07, 0xBC, 0x0E, 0x78,
    0x01, 0xEF, 0x03, 0xDE, 0x00, 0x3B, 0xC0, 0xF7, 0x00, 0x0F, 0xE0, 0x3F,
    0xC0, 0x03, 0xF8, 0x07, 0xF0, 0x00, 0xFE, 0x01, 0xF8, 0x00, 0x1F, 0x80,
    0x7E, 0x00, 0x07, 0xC0, 0x1F, 0x80, 0x01, 0xF0, 0x03, 0xC0, 0x00, 0x7C,
    0x00, 0x78, 0xF0, 0x03, 0xE1, 0xE0, 0x0F, 0x07, 0xC0, 0x78, 0x0F, 0x03,
    0xE0, 0x1E, 0x0F, 0x00, 0x7C, 0x78, 0x00, 0xF3, 0xE0, 0x01, 0xEF, 0x00,
    0x07, 0xF8, 0x00, 0x0F, 0xC0, 0x00, 0x1F, 0x00, 0x00, 0x7C, 0x00, 0x03,
    0xF0, 0x00, 0x0F, 0xE0, 0x00, 0x7F, 0xC0, 0x03, 0xCF, 0x00, 0x0F, 0x1E,
    0x00, 0x78, 0x7C, 0x03, 0xE0, 0xF0, 0x0F, 0x03, 0xE0, 0x78, 0x07, 0xC3,
    0xE0, 0x0F, 0x1F, 0x00, 0x3E, 0x78, 0x00, 0x7C, 0x78, 0x00, 0x3D, 0xE0,
    0x01, 0xF7, 0x80, 0x07, 0x8F, 0x00, 0x1E, 0x3C, 0x00, 0xF0, 0xF0, 0x03,
    0xC1, 0xE0, 0x0F, 0x07, 0x80, 0x78, 0x1E, 0x01, 0xE0, 0x3C, 0x07, 0x80,
    0xF0, 0x3C, 0x03, 0xC0, 0xF0, 0x07, 0x87, 0xC0, 0x1E, 0x1E, 0x00, 0x78,
    0x78, 0x00, 0xF3, 0xC0, 0x03, 0xCF, 0x00, 0x0F, 0x3C, 0x00, 0x1F, 0xE0,
    0x00, 0x7F, 0x80, 0x01, 0xFE, 0x00, 0x03, 0xF0, 0x00, 0x0F, 0xC0, 0x00,
    0x3E, 0x00, 0x00, 0x78, 0x00, 0x01, 0xE0, 0x00, 0x0F, 0x00, 0x00, 0x3C,
    0x00, 0x01, 0xF0, 0x00, 0x07, 0x80, 0x00, 0x3E, 0x00, 0x0F, 0xF0, 0x00,
    0x3F, 0xC0, 0x00, 0xFE, 0x00, 0x01, 0xE0, 0x00, 0x00, 0x7F, 0xFF, 0xF7,
    0xFF, 0xFF, 0x7F, 0xFF, 0xF7, 0xFF, 0xFF, 0x00, 0x01, 0xE0, 0x00, 0x3E,
    0x00, 0x07, 0xC0, 0x00, 0xF8, 0x00, 0x1F, 0x00, 0x03, 0xE0, 0x00, 0x7C,
    0x00, 0x07, 0x80, 0x00, 0xF8, 0x00, 0x1F, 0x00, 0x03, 0xE0, 0x00, 0x7C,
    0x00, 0x0F, 0x80, 0x01, 0xF0, 0x00, 0x3E, 0x00, 0x03, 0xC0, 0x00, 0x7C,
    0x00, 0x0F, 0xFF, 0xFF, 0xFF, 0xFF, 0xFF, 0xFF, 0xFF, 0xFF, 0xFF, 0xF0,
    0x01, 0xE0, 0xFC, 0x1F, 0x87, 0x80, 0xE0, 0x1C, 0x03, 0x80, 0x70, 0x0E,
    0x01, 0xC0, 0x38, 0x07, 0x00, 0xE0, 0x1C, 0x03, 0x80, 0x70, 0x0E, 0x01,
    0xC0, 0x78, 0x1E, 0x0F, 0x81, 0xE0, 0x3C, 0x07, 0xC0, 0x3C, 0x03, 0x80,
    0x38, 0x07, 0x00, 0xE0, 0x1C, 0x03, 0x80, 0x70, 0x0E, 0x01, 0xC0, 0x38,
    0x07, 0x00, 0xE0, 0x1C, 0x03, 0x80, 0x70, 0x0F, 0x00, 0xFC, 0x1F, 0x80,
    0xF0, 0xFF, 0xFF, 0xFF, 0xFF, 0xFF, 0xFF, 0xFF, 0xFF, 0xFF, 0xFF, 0xFF,
    0xFF, 0xFF, 0xFF, 0xFF, 0xFF, 0xF0, 0xF0, 0x1F, 0x83, 0xF0, 0x0F, 0x00,
    0xE0, 0x1C, 0x03, 0x80, 0x70, 0x0E, 0x01, 0xC0, 0x38, 0x07, 0x00, 0xE0,
    0x1C, 0x03, 0x80, 0x70, 0x0E, 0x01, 0xC0, 0x1C, 0x03, 0xC0, 0x3E, 0x03,
    0xC0, 0x78, 0x1F, 0x07, 0x80, 0xE0, 0x38, 0x07, 0x00, 0xE0, 0x1C, 0x03,
    0x80, 0x70, 0x0E, 0x01, 0xC0, 0x38, 0x07, 0x00, 0xE0, 0x1C, 0x03, 0x80,
    0x70, 0x1E, 0x1F, 0x83, 0xF0, 0x78, 0x00, 0x3E, 0x00, 0x0F, 0xF0, 0x0D,
    0xFF, 0x01, 0xF0, 0xF8, 0x7C, 0x0F, 0xFD, 0x80, 0x7F, 0x80, 0x03, 0xE0,
};

const GFXglyph kLatinGlyphs[] PROGMEM = {
    {      0,   0,   0,  12,    0,    1 },  // U+0020
    {      0,   4,  34,  16,    6,  -33 },  // U+0021 '!'
    {     17,  11,  12,  16,    2,  -32 },  // U+0022 '"'
    {     34,  24,  33,  26,    1,  -31 },  // U+0023 '#'
    {    133,  23,  41,  26,    1,  -34 },  // U+0024 '$'
    {    251,  39,  34,  42,    1,  -32 },  // U+0025 '%'
    {    417,  28,  34,  31,    2,  -32 },  // U+0026 '&'
    {    536,   4,  12,   9,    2,  -32 },  // U+0027 '''
    {    542,  10,  44,  16,    3,  -33 },  // U+0028 '('
    {    597,  10,  44,  16,    2,  -33 },  // U+0029 ')'
    {    652,  14,  14,  18,    2,  -33 },  // U+002A '*'
    {    677,  23,  22,  27,    2,  -21 },  // U+002B '+'
    {    741,   4,  12,  13,    4,   -4 },  // U+002C ','
    {    747,  11,   4,  16,    2,  -14 },  // U+002D '-'
    {    753,   4,   5,  12,    4,   -4 },  // U+002E '.'
    {    756,  13,  35,  13,    0,  -33 },  // U+002F '/'
    {    813,  22,  34,  26,    2,  -32 },  // U+0030 '0'
    {    907,  11,  33,  26,    5,  -32 },  // U+0031 '1'
    {    953,  22,  33,  26,    2,  -32 },  // U+0032 '2'
    {   1044,  23,  34,  26,    1,  -32 },  // U+0033 '3'
    {   1142,  23,  33,  26,    1,  -32 },  // U+0034 '4'
    {   1237,  22,  34,  26,    2,  -32 },  // U+0035 '5'
    {   1331,  22,  34,  26,    2,  -32 },  // U+0036 '6'
    {   1425,  21,  33,  26,    2,  -32 },  // U+0037 '7'
    {   1512,  22,  34,  26,    2,  -32 },  // U+0038 '8'
    {   1606,  21,  34,  26,    2,  -32 },  // U+0039 '9'
    {   1696,   4,  25,  12,    4,  -24 },  // U+003A ':'
    {   1709,   4,  32,  12,    4,  -24 },  // U+003B ';'
    {   1725,  23,  23,  27,    2,  -22 },  // U+003C '<'
    {   1792,  23,  12,  27,    2,  -16 },  // U+003D '='
    {   1827,  23,  23,  27,    2,  -22 },  // U+003E '>'
    {   1894,  20,  35,  26,    4,  -34 },  // U+003F '?'
    {   1982,  43,  42,  48,    2,  -34 },  // U+0040 '@'
    {   2208,  30,  34,  31,    1,  -33 },  // U+0041 'A'
    {   2336,  25,  34,  31,    4,  -33 },  // U+0042 'B'
    {   2443,  29,  36,  33,    2,  -34 },  // U+0043 'C'
    {   2574,  27,  34,  33,    4,  -33 },  // U+0044 'D'
    {   2689,  24,  34,  30,    4,  -33 },  // U+0045 'E'
    {   2791,  22,  34,  28,    4,  -33 },  // U+0046 'F'
    {   2885,  31,  36,  36,    2,  -34 },  // U+0047 'G'
    {   3025,  26,  34,  34,    4,  -33 },  // U+0048 'H'
    {   3136,   4,  34,  13,    5,  -33 },  // U+0049 'I'
    {   3153,  19,  35,  25,    2,  -33 },  // U+004A 'J'
    {   3237,  27,  34,  32,    4,  -33 },  // U+004B 'K'
    {   3352,  21,  34,  26,    4,  -33 },  // U+004C 'L'
    {   3442,  32,  34,  40,    4,  -33 },  // U+004D 'M'
    {   3578,  26,  34,  34,    4,  -33 },  // U+004E 'N'
    {   3689,  33,  36,  37,    2,  -34 },  // U+004F 'O'
    {   3838,  24,  34,  31,    4,  -33 },  // U+0050 'P'
    {   3940,  33,  38,  37,    2,  -34 },  // U+0051 'Q'
    {   4097,  26,  34,  33,    4,  -33 },  // U+0052 'R'
    {   4208,  27,  36,  31,    2,  -34 },  // U+0053 'S'
    {   4330,  26,  34,  30,    2,  -33 },  // U+0054 'T'
    {   4441,  26,  35,  34,    4,  -33 },  // U+0055 'U'
    {   4555,  29,  34,  30,    1,  -33 },  // U+0056 'V'
    {   4679,  42,  34,  44,    1,  -33 },  // U+0057 'W'
    {   4858,  29,  34,  31,    1,  -33 },  // U+0058 'X'
    {   4982,  30,  34,  32,    1,  -33 },  // U+0059 'Y'
    {   5110,  27,  34,  29,    1,  -33 },  // U+005A 'Z'
    {   5225,   8,  44,  13,    3,  -33 },  // U+005B '['
    {   5269,  13,  35,  13,    0,  -33 },  // U+005C '\'
    {   5326,   8,  44,  13,    1,  -33 },  // U+005D ']'
    {   5370,  18,  18,  22,    2,  -32 },  // U+005E '^'
    {   5411,  28,   2,  26,   -1,    7 },  // U+005F '_'
    {   5418,  10,   7,  12,    1,  -34 },  // U+0060 '`'
    {   5427,  24,  27,  26,    1,  -25 },  // U+0061 'a'
    {   5508,  22,  35,  26,    3,  -33 },  // U+0062 'b'
    {   5605,  21,  27,  24,    1,  -25 },  // U+0063 'c'
    {   5676,  23,  35,  26,    1,  -33 },  // U+0064 'd'
    {   5777,  22,  27,  25,    1,  -25 },  // U+0065 'e'
    {   5852,  10,  34,  13,    1,  -33 },  // U+0066 'f'
    {   5895,  22,  36,  26,    1,  -25 },  // U+0067 'g'
    {   5994,  19,  34,  25,    3,  -33 },  // U+0068 'h'
    {   6075,   4,  34,  10,    3,  -33 },  // U+0069 'i'
    {   6092,   8,  44,  11,    0,  -33 },  // U+006A 'j'
    {   6136,  21,  34,  24,    3,  -33 },  // U+006B 'k'
    {   6226,   4,  34,  10,    3,  -33 },  // U+006C 'l'
    {   6243,  32,  26,  38,    3,  -25 },  // U+006D 'm'
    {   6347,  20,  26,  25,    3,  -25 },  // U+006E 'n'
    {   6412,  23,  27,  25,    1,  -25 },  // U+006F 'o'
    {   6490,  22,  35,  26,    3,  -25 },  // U+0070 'p'
    {   6587,  23,  35,  26,    1,  -25 },  // U+0071 'q'
    {   6688,  12,  26,  16,    3,  -25 },  // U+0072 'r'
    {   6727,  20,  27,  23,    1,  -25 },  // U+0073 's'
    {   6795,  10,  32,  13,    1,  -30 },  // U+0074 't'
    {   6835,  20,  26,  25,    3,  -24 },  // U+0075 'u'
    {   6900,  23,  25,  23,    0,  -24 },  // U+0076 'v'
    {   6972,  34,  25,  34,    0,  -24 },  // U+0077 'w'
    {   7079,  22,  25,  22,    0,  -24 },  // U+0078 'x'
    {   7148,  22,  35,  22,    0,  -24 },  // U+0079 'y'
    {   7245,  20,  25,  23,    1,  -24 },  // U+007A 'z'
    {   7308,  11,  44,  16,    2,  -33 },  // U+007B '{'
    {   7369,   3,  44,  12,    4,  -33 },  // U+007C '|'
    {   7386,  11,  44,  16,    2,  -33 },  // U+007D '}'
    {   7447,  19,   7,  24,    2,  -19 },  // U+007E '~'
};

const GFXfont kLatin PROGMEM = {
    (uint8_t*)kLatinBitmaps, (GFXglyph*)kLatinGlyphs,
    0x0020, 0x007E, 56
};

// U+00A0..U+00BB
const uint8_t kPunctuationBitmaps[] PROGMEM = {
    0x02, 0x00, 0x81, 0x00, 0xC3, 0x80, 0xE3, 0xC0, 0xF3, 0xE0, 0xF3, 0xE1,
    0xF3, 0xC0, 0xF1, 0xC0, 0x70, 0xE0, 0x38, 0x78, 0x1E, 0x1F, 0x0F, 0x87,
    0xC1, 0xE1, 0xE0, 0x78, 0x70, 0x1C, 0x08, 0x06, 0x04, 0x01, 0x07, 0xC0,
    0x7F, 0x83, 0xFF, 0x1E, 0x1E, 0x60, 0x1B, 0x80, 0x7C, 0x00, 0xF0, 0x03,
    0xC0, 0x0F, 0x80, 0x76, 0x01, 0x9E, 0x1E, 0x3F, 0xF0, 0x7F, 0x80, 0xFC,
    0x00, 0x80, 0x20, 0x60, 0x18, 0x38, 0x0E, 0x1F, 0x07, 0x87, 0xC1, 0xF1,
    0xF0, 0x7C, 0x7C, 0x1E, 0x0E, 0x07, 0x07, 0x03, 0x8F, 0x83, 0xCF, 0x83,
    0xEF, 0x83, 0xEF, 0x83, 0xC7, 0x01, 0xC3, 0x00, 0xC1, 0x00, 0x40,
};

const GFXglyph kPunctuationGlyphs[] PROGMEM = {
    {      0,   0,   0,  13,    0,    1 },  // U+00A0
    {      0,   0,   0,   0,    0,    0 },  // U+00A1 (absent)
    {      0,   0,   0,   0,    0,    0 },  // U+00A2 (absent)
    {      0,   0,   0,   0,    0,    0 },  // U+00A3 (absent)
    {      0,   0,   0,   0,    0,    0 },  // U+00A4 (absent)
    {      0,   0,   0,   0,    0,    0 },  // U+00A5 (absent)
    {      0,   0,   0,   0,    0,    0 },  // U+00A6 (absent)
    {      0,   0,   0,   0,    0,    0 },  // U+00A7 (absent)
    {      0,   0,   0,   0,    0,    0 },  // U+00A8 (absent)
    {      0,   0,   0,   0,    0,    0 },  // U+00A9 (absent)
    {      0,   0,   0,   0,    0,    0 },  // U+00AA (absent)
    {      0,  17,  16,  23,    3,  -20 },  // U+00AB
    {     34,   0,   0,   0,    0,    0 },  // U+00AC (absent)
    {     34,   0,   0,   0,    0,    0 },  // U+00AD (absent)
    {     34,   0,   0,   0,    0,    0 },  // U+00AE (absent)
    {     34,   0,   0,   0,    0,    0 },  // U+00AF (absent)
    {     34,  14,  15,  28,    7,  -32 },  // U+00B0
    {     61,   0,   0,   0,    0,    0 },  // U+00B1 (absent)
    {     61,   0,   0,   0,    0,    0 },  // U+00B2 (absent)
    {     61,   0,   0,   0,    0,    0 },  // U+00B3 (absent)
    {     61,   0,   0,   0,    0,    0 },  // U+00B4 (absent)
    {     61,   0,   0,   0,    0,    0 },  // U+00B5 (absent)
    {     61,   0,   0,   0,    0,    0 },  // U+00B6 (absent)
    {     61,   0,   0,   0,    0,    0 },  // U+00B7 (absent)
    {     61,   0,   0,   0,    0,    0 },  // U+00B8 (absent)
    {     61,   0,   0,   0,    0,    0 },  // U+00B9 (absent)
    {     61,   0,   0,   0,    0,    0 },  // U+00BA (absent)
    {     61,  17,  16,  24,    3,  -20 },  // U+00BB
};

const GFXfont kPunctuation PROGMEM = {
    (uint8_t*)kPunctuationBitmaps, (GFXglyph*)kPunctuationGlyphs,
    0x00A0, 0x00BB, 56
};

// U+0386..U+03CE
const uint8_t kGreekBitmaps[] PROGMEM = {
    0x0F, 0x80, 0x00, 0x00, 0x3E, 0x0F, 0xC0, 0x00, 0x78, 0x3F, 0x80, 0x01,
    0xE0, 0x7F, 0x00, 0x03, 0x80, 0xFF, 0x00, 0x0E, 0x03, 0xFE, 0x00, 0x38,
    0x07, 0xBE, 0x00, 0x00, 0x0F, 0x7C, 0x00, 0x00, 0x3E, 0x78, 0x00, 0x00,
    0x78, 0xF8, 0x00, 0x00, 0xF1, 0xF0, 0x00, 0x03, 0xE1, 0xE0, 0x00, 0x07,
    0x83, 0xE0, 0x00, 0x1F, 0x07, 0xC0, 0x00, 0x3C, 0x07, 0x80, 0x00, 0x78,
    0x0F, 0x80, 0x01, 0xF0, 0x1F, 0x00, 0x03, 0xC0, 0x1E, 0x00, 0x07, 0x80,
    0x3E, 0x00, 0x1F, 0x00, 0x7C, 0x00, 0x3C, 0x00, 0x78, 0x00, 0x7F, 0xFF,
    0xF8, 0x01, 0xFF, 0xFF, 0xF0, 0x03, 0xFF, 0xFF, 0xF0, 0x0F, 0xFF, 0xFF,
    0xE0, 0x1F, 0x00, 0x07, 0xC0, 0x3C, 0x00, 0x07, 0xC0, 0xF8, 0x00, 0x0F,
    0x81, 0xF0, 0x00, 0x1F, 0x03, 0xC0, 0x00, 0x1F, 0x0F, 0x80, 0x00, 0x3E,
    0x1F, 0x00, 0x00, 0x7C, 0x3C, 0x00, 0x00, 0x7C, 0xF8, 0x00, 0x00, 0xF9,
    0xF0, 0x00, 0x00, 0xF0, 0xFF, 0xFF, 0xF0, 0x0F, 0x80, 0x00, 0x00, 0x03,
    0xE3, 0xFF, 0xFF, 0xF8, 0x78, 0x7F, 0xFF, 0xFF, 0x1E, 0x0F, 0xFF, 0xFF,
    0xE7, 0x81, 0xFF, 0xFF, 0xFC, 0xE0, 0x3C, 0x00, 0x00, 0x38, 0x07, 0x80,
    0x00, 0x00, 0x00, 0xF0, 0x00, 0x00, 0x00, 0x1E, 0x00, 0x00, 0x00, 0x03,
    0xC0, 0x00, 0x00, 0x00, 0x78, 0x00, 0x00, 0x00, 0x0F, 0x00, 0x00, 0x00,
    0x01, 0xE0, 0x00, 0x00, 0x00, 0x3C, 0x00, 0x00, 0x00, 0x07, 0x80, 0x00,
    0x00, 0x00, 0xF0, 0x00, 0x00, 0x00, 0x1F, 0xFF, 0xFF, 0xC0, 0x03, 0xFF,
    0xFF, 0xF8, 0x00, 0x7F, 0xFF, 0xFF, 0x00, 0x0F, 0xFF, 0xFF, 0xE0, 0x01,
    0xE0, 0x00, 0x00, 0x00, 0x3C, 0x00, 0x00, 0x00, 0x07, 0x80, 0x00, 0x00,
    0x00, 0xF0, 0x00, 0x00, 0x00, 0x1E, 0x00, 0x00, 0x00, 0x03, 0xC0, 0x00,
    0x00, 0x00, 0x78, 0x00, 0x00, 0x00, 0x0F, 0x00, 0x00, 0x00, 0x01, 0xE0,
    0x00, 0x00, 0x00, 0x3C, 0x00, 0x00, 0x00, 0x07, 0x80, 0x00, 0x00, 0x00,
    0xFF, 0xFF, 0xFF, 0x00, 0x1F, 0xFF, 0xFF, 0xE0, 0x03, 0xFF, 0xFF, 0xFC,
    0x00, 0x7F, 0xFF, 0xFF, 0x80, 0x0F, 0x80, 0x00, 0x00, 0x00, 0xF8, 0xF0,
    0x00, 0x03, 0xC7, 0x87, 0x80, 0x00, 0x1E, 0x78, 0x3C, 0x00, 0x00, 0xF7,
    0x81, 0xE0, 0x00, 0x07, 0xB8, 0x0F, 0x00, 0x00, 0x3F, 0x80, 0x78, 0x00,
    0x01, 0xE0, 0x03, 0xC0, 0x00, 0x0F, 0x00, 0x1E, 0x00, 0x00, 0x78, 0x00,
    0xF0, 0x00, 0x03, 0xC0, 0x07, 0x80, 0x00, 0x1E, 0x00, 0x3C, 0x00, 0x00,
    0xF0, 0x01, 0xE0, 0x00, 0x07, 0x80, 0x0F, 0x00, 0x00, 0x3C, 0x00, 0x78,
    0x00, 0x01, 0xE0, 0x03, 0xC0, 0x00, 0x0F, 0x00, 0x1F, 0xFF, 0xFF, 0xF8,
    0x00, 0xFF, 0xFF, 0xFF, 0xC0, 0x07, 0xFF, 0xFF, 0xFE, 0x00, 0x3F, 0xFF,
    0xFF, 0xF0, 0x01, 0xE0, 0x00, 0x07, 0x80, 0x0F, 0x00, 0x00, 0x3C, 0x00,
    0x78, 0x00, 0x01, 0xE0, 0x03, 0xC0, 0x00, 0x0F, 0x00, 0x1E, 0x00, 0x00,
    0x78, 0x00, 0xF0, 0x00, 0x03, 0xC0, 0x07, 0x80, 0x00, 0x1E, 0x00, 0x3C,
    0x00, 0x00, 0xF0, 0x01, 0xE0, 0x00, 0x07, 0x80, 0x0F, 0x00, 0x00, 0x3C,
    0x00, 0x78, 0x00, 0x01, 0xE0, 0x03, 0xC0, 0x00, 0x0F, 0x00, 0x1E, 0x00,
    0x00, 0x78, 0x00, 0xF0, 0x00, 0x03, 0xC0, 0x07, 0x80, 0x00, 0x1E, 0x0F,
    0x80, 0x3E, 0x3C, 0x78, 0x79, 0xE0, 0xF7, 0x81, 0xEE, 0x03, 0xF8, 0x07,
    0x80, 0x0F, 0x00, 0x1E, 0x00, 0x3C, 0x00, 0x78, 0x00, 0xF0, 0x01, 0xE0,
    0x03, 0xC0, 0x07, 0x80, 0x0F, 0x00, 0x1E, 0x00, 0x3C, 0x00, 0x78, 0x00,
    0xF0, 0x01, 0xE0, 0x03, 0xC0, 0x07, 0x80, 0x0F, 0x00, 0x1E, 0x00, 0x3C,
    0x00, 0x78, 0x00, 0xF0, 0x01, 0xE0, 0x03, 0xC0, 0x07, 0x80, 0x0F, 0x00,
    0x1E, 0x00, 0x3C, 0x00, 0x78, 0x0F, 0xC0, 0x3F, 0xE0, 0x00, 0x1F, 0x03,
    0xFF, 0xF8, 0x00, 0x7C, 0x1F, 0xFF, 0xF8, 0x01, 0xF0, 0x7F, 0xFF, 0xFC,
    0x03, 0x81, 0xFE, 0x03, 0xFC, 0x0E, 0x07, 0xE0, 0x01, 0xFC, 0x38, 0x1F,
    0x80, 0x00, 0xFC, 0x00, 0x7E, 0x00, 0x00, 0xF8, 0x00, 0xF8, 0x00, 0x00,
    0xF8, 0x03, 0xE0, 0x00, 0x00, 0xF0, 0x07, 0x80, 0x00, 0x01, 0xF0, 0x0F,
    0x00, 0x00, 0x01, 0xE0, 0x3E, 0x00, 0x00, 0x03, 0xC0, 0x78, 0x00, 0x00,
    0x07, 0x80, 0xF0, 0x00, 0x00, 0x07, 0x81, 0xE0, 0x00, 0x00, 0x0F, 0x03,
    0xC0, 0x00, 0x00, 0x1E, 0x07, 0x80, 0x00, 0x00, 0x3C, 0x0F, 0x00, 0x00,
    0x00, 0x78, 0x1E, 0x00, 0x00, 0x00, 0xF0, 0x3C, 0x00, 0x00, 0x01, 0xE0,
    0x78, 0x00, 0x00, 0x03, 0xC0, 0xF0, 0x00, 0x00, 0x0F, 0x01, 0xF0, 0x00,
    0x00, 0x1E, 0x01, 0xE0, 0x00, 0x00, 0x3C, 0x03, 0xC0, 0x00, 0x00, 0xF8,
    0x07, 0xC0, 0x00, 0x01, 0xE0, 0x07, 0xC0, 0x00, 0x07, 0xC0, 0x0F, 0xC0,
    0x00, 0x1F, 0x00, 0x0F, 0xC0, 0x00, 0x7E, 0x00, 0x0F, 0xC0, 0x03, 0xF8,
    0x00, 0x0F, 0xF0, 0x1F, 0xE0, 0x00, 0x0F, 0xFF, 0xFF, 0x80, 0x00, 0x0F,
    0xFF, 0xFC, 0x00, 0x00, 0x07, 0xFF, 0xF0, 0x00, 0x00, 0x01, 0xFF, 0x00,
    0x00, 0x0F, 0x80, 0x00, 0x00, 0x00, 0x0F, 0x8F, 0xC0, 0x00, 0x0F, 0x87,
    0x83, 0xE0, 0x00, 0x07, 0xC7, 0x80, 0xF8, 0x00, 0x07, 0xC7, 0x80, 0x7E,
    0x00, 0x03, 0xE3, 0x80, 0x1F, 0x00, 0x03, 0xE3, 0x80, 0x07, 0xC0, 0x03,
    0xE0, 0x00, 0x03, 0xE0, 0x01, 0xF0, 0x00, 0x00, 0xF8, 0x01, 0xF0, 0x00,
    0x00, 0x3E, 0x00, 0xF8, 0x00, 0x00, 0x1F, 0x00, 0xF8, 0x00, 0x00, 0x07,
    0xC0, 0xF8, 0x00, 0x00, 0x03, 0xE0, 0x7C, 0x00, 0x00, 0x00, 0xF8, 0x7C,
    0x00, 0x00, 0x00, 0x3E, 0x3C, 0x00, 0x00, 0x00, 0x1F, 0x3E, 0x00, 0x00,
    0x00, 0x07, 0xDE, 0x00, 0x00, 0x00, 0x01, 0xFF, 0x00, 0x00, 0x00, 0x00,
    0xFF, 0x00, 0x00, 0x00, 0x00, 0x3F, 0x00, 0x00, 0x00, 0x00, 0x0F, 0x80,
    0x00, 0x00, 0x00, 0x07, 0x80, 0x00, 0x00, 0x00, 0x03, 0xC0, 0x00, 0x00,
    0x00, 0x01, 0xE0, 0x00, 0x00, 0x00, 0x00, 0xF0, 0x00, 0x00, 0x00, 0x00,
    0x78, 0x00, 0x00, 0x00, 0x00, 0x3C, 0x00, 0x00, 0x00, 0x00, 0x1E, 0x00,
    0x00, 0x00, 0x00, 0x0F, 0x00, 0x00, 0x00, 0x00, 0x07, 0x80, 0x00, 0x00,
    0x00, 0x03, 0xC0, 0x00, 0x00, 0x00, 0x01, 0xE0, 0x00, 0x00, 0x00, 0x00,
    0xF0, 0x00, 0x00, 0x00, 0x00, 0x78, 0x00, 0x00, 0x00, 0x00, 0x3C, 0x00,
    0x00, 0x0F, 0x80, 0x00, 0x00, 0x03, 0xE0, 0x3F, 0xC0, 0x00, 0x78, 0x3F,
    0xFF, 0x00, 0x1E, 0x0F, 0xFF, 0xF8, 0x07, 0x87, 0xFF, 0xFF, 0x80, 0xE1,
    0xFE, 0x03, 0xF8, 0x38, 0x3E, 0x00, 0x1F, 0x80, 0x0F, 0x80, 0x00, 0xF8,
    0x03, 0xE0, 0x00, 0x0F, 0x80, 0x78, 0x00, 0x01, 0xF0, 0x1F, 0x00, 0x00,
    0x1F, 0x03, 0xC0, 0x00, 0x01, 0xE0, 0xF8, 0x00, 0x00, 0x3C, 0x1E, 0x00,
    0x00, 0x07, 0xC3, 0xC0, 0x00, 0x00, 0x78, 0x78, 0x00, 0x00, 0x0F, 0x0F,
    0x00, 0x00, 0x01, 0xE1, 0xE0, 0x00, 0x00, 0x3C, 0x3C, 0x00, 0x00, 0x07,
    0x87, 0x80, 0x00, 0x00, 0xF0, 0xF0, 0x00, 0x00, 0x3C, 0x1F, 0x00, 0x00,
    0x07, 0x81, 0xE0, 0x00, 0x00, 0xF0, 0x3C, 0x00, 0x00, 0x3C, 0x03, 0xC0,
    0x00, 0x07, 0x80, 0x78, 0x00, 0x01, 0xE0, 0x07, 0x80, 0x00, 0x7C, 0x00,
    0xF8, 0x00, 0x1F, 0x00, 0x0F, 0x80, 0x07, 0xC0, 0x00, 0xF8, 0x01, 0xF0,
    0x00, 0x07, 0xC0, 0x78, 0x00, 0x7F, 0xF8, 0x1F, 0xFE, 0x0F, 0xFF, 0x03,
    0xFF, 0xC1, 0xFF, 0xE0, 0x7F, 0xF8, 0x3F, 0xFC, 0x0F, 0xFF, 0x00, 0x00,
    0xF0, 0x00, 0xF0, 0x01, 0xE0, 0x01, 0xC0, 0xF3, 0xCF, 0xF3, 0x8F, 0xF7,
    0x8F, 0xF7, 0x0F, 0x00, 0x00, 0x00, 0x00, 0x00, 0x00, 0x0F, 0x00, 0x0F,
    0x00, 0x0F, 0x00, 0x0F, 0x00, 0x0F, 0x00, 0x0F, 0x00, 0x0F, 0x00, 0x0F,
    0x00, 0x0F, 0x00, 0x0F, 0x00, 0x0F, 0x00, 0x0F, 0x00, 0x0F, 0x00, 0x0F,
    0x00, 0x0F, 0x00, 0x0F, 0x00, 0x0F, 0x00, 0x0F, 0x00, 0x0F, 0x00, 0x0F,
    0x00, 0x0F, 0x88, 0x0F, 0xF8, 0x07, 0xF8, 0x03, 0xFC, 0x01, 0xF8, 0x00,
    0x0F, 0xC0, 0x00, 0x00, 0x7F, 0x00, 0x00, 0x01, 0xFC, 0x00, 0x00, 0x07,
    0xF8, 0x00, 0x00, 0x3F, 0xE0, 0x00, 0x00, 0xF7, 0xC0, 0x00, 0x03, 0xDF,
    0x00, 0x00, 0x1F, 0x3C, 0x00, 0x00, 0x78, 0xF8, 0x00, 0x01, 0xE3, 0xE0,
    0x00, 0x0F, 0x87, 0x80, 0x00, 0x3C, 0x1F, 0x00, 0x01, 0xF0, 0x7C, 0x00,
    0x07, 0x80, 0xF0, 0x00, 0x1E, 0x03, 0xE0, 0x00, 0xF8, 0x0F, 0x80, 0x03,
    0xC0, 0x1E, 0x00, 0x0F, 0x00, 0x7C, 0x00, 0x7C, 0x01, 0xF0, 0x01, 0xE0,
    0x03, 0xC0, 0x07, 0xFF, 0xFF, 0x80, 0x3F, 0xFF, 0xFE, 0x00, 0xFF, 0xFF,
    0xFC, 0x07, 0xFF, 0xFF, 0xF0, 0x1F, 0x00, 0x07, 0xC0, 0x78, 0x00, 0x0F,
    0x83, 0xE0, 0x00, 0x3E, 0x0F, 0x80, 0x00, 0xF8, 0x3C, 0x00, 0x01, 0xF1,
    0xF0, 0x00, 0x07, 0xC7, 0xC0, 0x00, 0x1F, 0x1E, 0x00, 0x00, 0x3E, 0xF8,
    0x00, 0x00, 0xFB, 0xE0, 0x00, 0x01, 0xE0, 0xFF, 0xFF, 0x80, 0x7F, 0xFF,
    0xF0, 0x3F, 0xFF, 0xFE, 0x1F, 0xFF, 0xFF, 0x0F, 0x00, 0x0F, 0xC7, 0x80,
    0x01, 0xE3, 0xC0, 0x00, 0xF9, 0xE0, 0x00, 0x3C, 0xF0, 0x00, 0x1E, 0x78,
    0x00, 0x0F, 0x3C, 0x00, 0x07, 0x9E, 0x00, 0x07, 0x8F, 0x00, 0x03, 0xC7,
    0x80, 0x07, 0xC3, 0xFF, 0xFF, 0xC1, 0xFF, 0xFF, 0xC0, 0xFF, 0xFF, 0xF8,
    0x7F, 0xFF, 0xFE, 0x3C, 0x00, 0x0F, 0x9E, 0x00, 0x03, 0xEF, 0x00, 0x00,
    0xF7, 0x80, 0x00, 0x3F, 0xC0, 0x00, 0x1F, 0xE0, 0x00, 0x0F, 0xF0, 0x00,
    0x07, 0xF8, 0x00, 0x03, 0xFC, 0x00, 0x01, 0xFE, 0x00, 0x01, 0xFF, 0x00,
    0x01, 0xF7, 0x80, 0x01, 0xFB, 0xFF, 0xFF, 0xF9, 0xFF, 0xFF, 0xF8, 0xFF,
    0xFF, 0xF8, 0x7F, 0xFF, 0xF0, 0x00, 0xFF, 0xFF, 0xFF, 0xFF, 0xFF, 0xFF,
    0xFF, 0xFF, 0xFF, 0xFF, 0xFF, 0xF0, 0x00, 0x03, 0xC0, 0x00, 0x0F, 0x00,
    0x00, 0x3C, 0x00, 0x00, 0xF0, 0x00, 0x03, 0xC0, 0x00, 0x0F, 0x00, 0x00,
    0x3C, 0x00, 0x00, 0xF0, 0x00, 0x03, 0xC0, 0x00, 0x0F, 0x00, 0x00, 0x3C,
    0x00, 0x00, 0xF0, 0x00, 0x03, 0xC0, 0x00, 0x0F, 0x00, 0x00, 0x3C, 0x00,
    0x00, 0xF0, 0x00, 0x03, 0xC0, 0x00, 0x0F, 0x00, 0x00, 0x3C, 0x00, 0x00,
    0xF0, 0x00, 0x03, 0xC0, 0x00, 0x0F, 0x00, 0x00, 0x3C, 0x00, 0x00, 0xF0,
    0x00, 0x03, 0xC0, 0x00, 0x0F, 0x00, 0x00, 0x3C, 0x00, 0x00, 0xF0, 0x00,
    0x03, 0xC0, 0x00, 0x00, 0x00, 0x0F, 0xC0, 0x00, 0x00, 0x1F, 0x80, 0x00,
    0x00, 0x7F, 0x80, 0x00, 0x00, 0xFF, 0x00, 0x00, 0x03, 0xFE, 0x00, 0x00,
    0x07, 0x9E, 0x00, 0x00, 0x0F, 0x3C, 0x00, 0x00, 0x3E, 0x7C, 0x00, 0x00,
    0x78, 0x78, 0x00, 0x00, 0xF0, 0xF0, 0x00, 0x03, 0xE1, 0xF0, 0x00, 0x07,
    0x81, 0xE0, 0x00, 0x1F, 0x03, 0xE0, 0x00, 0x3E, 0x03, 0xC0, 0x00, 0x78,
    0x07, 0x80, 0x01, 0xF0, 0x0F, 0x80, 0x03, 0xE0, 0x0F, 0x00, 0x07, 0x80,
    0x1F, 0x00, 0x1F, 0x00, 0x3E, 0x00, 0x3E, 0x00, 0x3C, 0x00, 0x78, 0x00,
    0x7C, 0x01, 0xF0, 0x00, 0x78, 0x03, 0xC0, 0x00, 0xF8, 0x0F, 0x80, 0x01,
    0xF0, 0x1F, 0x00, 0x01, 0xE0, 0x3C, 0x00, 0x03, 0xE0, 0xF8, 0x00, 0x07,
    0xC1, 0xF0, 0x00, 0x07, 0xC3, 0xC0, 0x00, 0x0F, 0x8F, 0x80, 0x00, 0x1F,
    0x1F, 0xFF, 0xFF, 0xFF, 0x3F, 0xFF, 0xFF, 0xFE, 0xFF, 0xFF, 0xFF, 0xFF,
    0xFF, 0xFF, 0xFF, 0xFC, 0xFF, 0xFF, 0xFE, 0xFF, 0xFF, 0xFE, 0xFF, 0xFF,
    0xFE, 0xFF, 0xFF, 0xFE, 0xF0, 0x00, 0x00, 0xF0, 0x00, 0x00, 0xF0, 0x00,
    0x00, 0xF0, 0x00, 0x00, 0xF0, 0x00, 0x00, 0xF0, 0x00, 0x00, 0xF0, 0x00,
    0x00, 0xF0, 0x00, 0x00, 0xF0, 0x00, 0x00, 0xF0, 0x00, 0x00, 0xF0, 0x00,
    0x00, 0xFF, 0xFF, 0xFE, 0xFF, 0xFF, 0xFE, 0xFF, 0xFF, 0xFE, 0xFF, 0xFF,
    0xFE, 0xF0, 0x00, 0x00, 0xF0, 0x00, 0x00, 0xF0, 0x00, 0x00, 0xF0, 0x00,
    0x00, 0xF0, 0x00, 0x00, 0xF0, 0x00, 0x00, 0xF0, 0x00, 0x00, 0xF0, 0x00,
    0x00, 0xF0, 0x00, 0x00, 0xF0, 0x00, 0x00, 0xF0, 0x00, 0x00, 0xFF, 0xFF,
    0xFF, 0xFF, 0xFF, 0xFF, 0xFF, 0xFF, 0xFF, 0xFF, 0xFF, 0xFF, 0x3F, 0xFF,
    0xFF, 0xC7, 0xFF, 0xFF, 0xF8, 0xFF, 0xFF, 0xFF, 0x1F, 0xFF, 0xFF, 0xE0,
    0x00, 0x00, 0x7C, 0x00, 0x00, 0x1F, 0x00, 0x00, 0x07, 0xE0, 0x00, 0x01,
    0xF8, 0x00, 0x00, 0x7E, 0x00, 0x00, 0x0F, 0x80, 0x00, 0x03, 0xE0, 0x00,
    0x00, 0xFC, 0x00, 0x00, 0x3F, 0x00, 0x00, 0x0F, 0xC0, 0x00, 0x01, 0xF0,
    0x00, 0x00, 0x7C, 0x00, 0x00, 0x1F, 0x80, 0x00, 0x07, 0xE0, 0x00, 0x01,
    0xF8, 0x00, 0x00, 0x3E, 0x00, 0x00, 0x0F, 0x80, 0x00, 0x03, 0xF0, 0x00,
    0x00, 0xFC, 0x00, 0x00, 0x1F, 0x00, 0x00, 0x07, 0xC0, 0x00, 0x01, 0xF0,
    0x00, 0x00, 0x7E, 0x00, 0x00, 0x1F, 0x80, 0x00, 0x03, 0xE0, 0x00, 0x00,
    0xF8, 0x00, 0x00, 0x3F, 0xFF, 0xFF, 0xFF, 0xFF, 0xFF, 0xFF, 0xFF, 0xFF,
    0xFF, 0xFF, 0xFF, 0xFF, 0xFC, 0xF0, 0x00, 0x03, 0xFC, 0x00, 0x00, 0xFF,
    0x00, 0x00, 0x3F, 0xC0, 0x00, 0x0F, 0xF0, 0x00, 0x03, 0xFC, 0x00, 0x00,
    0xFF, 0x00, 0x00, 0x3F, 0xC0, 0x00, 0x0F, 0xF0, 0x00, 0x03, 0xFC, 0x00,
    0x00, 0xFF, 0x00, 0x00, 0x3F, 0xC0, 0x00, 0x0F, 0xF0, 0x00, 0x03, 0xFC,
    0x00, 0x00, 0xFF, 0x00, 0x00, 0x3F, 0xFF, 0xFF, 0xFF, 0xFF, 0xFF, 0xFF,
    0xFF, 0xFF, 0xFF, 0xFF, 0xFF, 0xFF, 0xFF, 0xC0, 0x00, 0x0F, 0xF0, 0x00,
    0x03, 0xFC, 0x00, 0x00, 0xFF, 0x00, 0x00, 0x3F, 0xC0, 0x00, 0x0F, 0xF0,
    0x00, 0x03, 0xFC, 0x00, 0x00, 0xFF, 0x00, 0x00, 0x3F, 0xC0, 0x00, 0x0F,
    0xF0, 0x00, 0x03, 0xFC, 0x00, 0x00, 0xFF, 0x00, 0x00, 0x3F, 0xC0, 0x00,
    0x0F, 0xF0, 0x00, 0x03, 0xFC, 0x00, 0x00, 0xF0, 0x00, 0x0F, 0xF8, 0x00,
    0x00, 0x3F, 0xFF, 0x80, 0x00, 0x7F, 0xFF, 0xF0, 0x00, 0x7F, 0xFF, 0xFC,
    0x00, 0x7F, 0x80, 0xFF, 0x00, 0x7E, 0x00, 0x0F, 0xC0, 0x7E, 0x00, 0x03,
    0xF0, 0x3E, 0x00, 0x00, 0xF8, 0x3E, 0x00, 0x00, 0x3E, 0x1E, 0x00, 0x00,
    0x0F, 0x1F, 0x00, 0x00, 0x07, 0xCF, 0x00, 0x00, 0x01, 0xE7, 0x80, 0x00,
    0x00, 0xF7, 0xC0, 0x00, 0x00, 0x7F, 0xC0, 0x00, 0x00, 0x1F, 0xE0, 0x00,
    0x00, 0x0F, 0xF0, 0xFF, 0xFF, 0x07, 0xF8, 0x7F, 0xFF, 0x83, 0xFC, 0x3F,
    0xFF, 0xC1, 0xFE, 0x1F, 0xFF, 0xE0, 0xFF, 0x00, 0x00, 0x00, 0x7F, 0x80,
    0x00, 0x00, 0x3F, 0xC0, 0x00, 0x00, 0x3E, 0xF0, 0x00, 0x00, 0x1E, 0x78,
    0x00, 0x00, 0x0F, 0x3E, 0x00, 0x00, 0x0F, 0x8F, 0x00, 0x00, 0x07, 0x87,
    0xC0, 0x00, 0x07, 0xC1, 0xF0, 0x00, 0x07, 0xC0, 0xFC, 0x00, 0x07, 0xE0,
    0x3F, 0x00, 0x07, 0xE0, 0x0F, 0xF0, 0x1F, 0xE0, 0x03, 0xFF, 0xFF, 0xE0,
    0x00, 0xFF, 0xFF, 0xE0, 0x00, 0x1F, 0xFF, 0xC0, 0x00, 0x01, 0xFF, 0x00,
    0x00, 0xFF, 0xFF, 0xFF, 0xFF, 0xFF, 0xFF, 0xFF, 0xFF, 0xFF, 0xFF, 0xFF,
    0xFF, 0xFF, 0xFF, 0xFF, 0xFF, 0xFF, 0xF0, 0x00, 0x07, 0xDE, 0x00, 0x01,
    0xF3, 0xC0, 0x00, 0x7C, 0x78, 0x00, 0x1F, 0x0F, 0x00, 0x07, 0xC1, 0xE0,
    0x01, 0xF0, 0x3C, 0x00, 0x7C, 0x07, 0x80, 0x1F, 0x00, 0xF0, 0x07, 0xC0,
    0x1E, 0x01, 0xF0, 0x03, 0xC0, 0x7C, 0x00, 0x78, 0x1F, 0x00, 0x0F, 0x07,
    0xC0, 0x01, 0xE1, 0xF0, 0x00, 0x3C, 0x7E, 0x00, 0x07, 0x9F, 0xE0, 0x00,
    0xF7, 0xFE, 0x00, 0x1F, 0xF7, 0xC0, 0x03, 0xFC, 0x7C, 0x00, 0x7F, 0x07,
    0xC0, 0x0F, 0xC0, 0xF8, 0x01, 0xF0, 0x0F, 0x80, 0x3C, 0x00, 0xF8, 0x07,
    0x80, 0x1F, 0x80, 0xF0, 0x01, 0xF0, 0x1E, 0x00, 0x1F, 0x03, 0xC0, 0x03,
    0xF0, 0x78, 0x00, 0x3E, 0x0F, 0x00, 0x03, 0xE1, 0xE0, 0x00, 0x3E, 0x3C,
    0x00, 0x07, 0xC7, 0x80, 0x00, 0x7C, 0xF0, 0x00, 0x07, 0xDE, 0x00, 0x00,
    0xFC, 0x00, 0x0F, 0xC0, 0x00, 0x00, 0x7F, 0x00, 0x00, 0x01, 0xFC, 0x00,
    0x00, 0x07, 0xF8, 0x00, 0x00, 0x3F, 0xE0, 0x00, 0x00, 0xF7, 0xC0, 0x00,
    0x03, 0xDF, 0x00, 0x00, 0x1F, 0x3C, 0x00, 0x00, 0x78, 0xF8, 0x00, 0x01,
    0xE3, 0xE0, 0x00, 0x0F, 0x87, 0x80, 0x00, 0x3C, 0x1F, 0x00, 0x01, 0xF0,
    0x7C, 0x00, 0x07, 0xC0, 0xF0, 0x00, 0x1E, 0x03, 0xE0, 0x00, 0xF8, 0x0F,
    0x80, 0x03, 0xE0, 0x1E, 0x00, 0x0F, 0x00, 0x7C, 0x00, 0x7C, 0x01, 0xF0,
    0x01, 0xE0, 0x03, 0xC0, 0x07, 0x80, 0x0F, 0x80, 0x3E, 0x00, 0x3E, 0x00,
    0xF0, 0x00, 0x7C, 0x07, 0xC0, 0x01, 0xF0, 0x1F, 0x00, 0x07, 0xC0, 0x78,
    0x00, 0x0F, 0x83, 0xE0, 0x00, 0x3E, 0x0F, 0x80, 0x00, 0xF8, 0x3C, 0x00,
    0x01, 0xF1, 0xF0, 0x00, 0x07, 0xC7, 0xC0, 0x00, 0x0F, 0x1E, 0x00, 0x00,
    0x3E, 0xF8, 0x00, 0x00, 0xFB, 0xE0, 0x00, 0x01, 0xE0, 0xFC, 0x00, 0x00,
    0x3F, 0xFC, 0x00, 0x00, 0x3F, 0xFE, 0x00, 0x00, 0x7F, 0xFE, 0x00, 0x00,
    0x7F, 0xFE, 0x00, 0x00, 0x7F, 0xFF, 0x00, 0x00, 0xFF, 0xFF, 0x00, 0x00,
    0xFF, 0xF7, 0x80, 0x00, 0xEF, 0xF7, 0x80, 0x01, 0xEF, 0xF7, 0x80, 0x01,
    0xEF, 0xF3, 0xC0, 0x01, 0xCF, 0xF3, 0xC0, 0x03, 0xCF, 0xF3, 0xC0, 0x03,
    0xCF, 0xF1, 0xE0, 0x03, 0x8F, 0xF1, 0xE0, 0x07, 0x8F, 0xF1, 0xE0, 0x07,
    0x8F, 0xF0, 0xF0, 0x0F, 0x0F, 0xF0, 0xF0, 0x0F, 0x0F, 0xF0, 0xF0, 0x0F,
    0x0F, 0xF0, 0x78, 0x1E, 0x0F, 0xF0, 0x78, 0x1E, 0x0F, 0xF0, 0x78, 0x1E,
    0x0F, 0xF0, 0x3C, 0x3C, 0x0F, 0xF0, 0x3C, 0x3C, 0x0F, 0xF0, 0x3C, 0x3C,
    0x0F, 0xF0, 0x1E, 0x78, 0x0F, 0xF0, 0x1E, 0x78, 0x0F, 0xF0, 0x0E, 0x78,
    0x0F, 0xF0, 0x0F, 0xF0, 0x0F, 0xF0, 0x0F, 0xF0, 0x0F, 0xF0, 0x07, 0xF0,
    0x0F, 0xF0, 0x07, 0xE0, 0x0F, 0xF0, 0x07, 0xE0, 0x0F, 0xF0, 0x03, 0xE0,
    0x0F, 0xF8, 0x00, 0x03, 0xFF, 0x00, 0x00, 0xFF, 0xC0, 0x00, 0x3F, 0xF8,
    0x00, 0x0F, 0xFE, 0x00, 0x03, 0xFF, 0xC0, 0x00, 0xFF, 0xF8, 0x00, 0x3F,
    0xDE, 0x00, 0x0F, 0xF7, 0xC0, 0x03, 0xFC, 0xF8, 0x00, 0xFF, 0x1E, 0x00,
    0x3F, 0xC7, 0xC0, 0x0F, 0xF0, 0xF0, 0x03, 0xFC, 0x3E, 0x00, 0xFF, 0x07,
    0xC0, 0x3F, 0xC0, 0xF0, 0x0F, 0xF0, 0x3E, 0x03, 0xFC, 0x07, 0xC0, 0xFF,
    0x00, 0xF0, 0x3F, 0xC0, 0x3E, 0x0F, 0xF0, 0x07, 0x83, 0xFC, 0x01, 0xF0,
    0xFF, 0x00, 0x3E, 0x3F, 0xC0, 0x07, 0x8F, 0xF0, 0x01, 0xF3, 0xFC, 0x00,
    0x3E, 0xFF, 0x00, 0x07, 0xBF, 0xC0, 0x01, 0xFF, 0xF0, 0x00, 0x3F, 0xFC,
    0x00, 0x0F, 0xFF, 0x00, 0x01, 0xFF, 0xC0, 0x00, 0x3F, 0xF0, 0x00, 0x0F,
    0xFC, 0x00, 0x01, 0xF0, 0xFF, 0xFF, 0xFF, 0xBF, 0xFF, 0xFF, 0xEF, 0xFF,
    0xFF, 0xFB, 0xFF, 0xFF, 0xFE, 0x00, 0x00, 0x00, 0x00, 0x00, 0x00, 0x00,
    0x00, 0x00, 0x00, 0x00, 0x00, 0x00, 0x00, 0x00, 0x00, 0x00, 0x00, 0x00,
    0x00, 0x00, 0x00, 0x00, 0x00, 0x00, 0x00, 0x00, 0x00, 0x00, 0x00, 0x00,
    0x00, 0x00, 0x00, 0x00, 0x00, 0x7F, 0xFF, 0xF0, 0x1F, 0xFF, 0xFC, 0x07,
    0xFF, 0xFF, 0x01, 0xFF, 0xFF, 0xC0, 0x00, 0x00, 0x00, 0x00, 0x00, 0x00,
    0x00, 0x00, 0x00, 0x00, 0x00, 0x00, 0x00, 0x00, 0x00, 0x00, 0x00, 0x00,
    0x00, 0x00, 0x00, 0x00, 0x00, 0x00, 0x00, 0x00, 0x00, 0x00, 0x00, 0x00,
    0x00, 0x00, 0x00, 0x00, 0x00, 0x0F, 0xFF, 0xFF, 0xFF, 0xFF, 0xFF, 0xFF,
    0xFF, 0xFF, 0xFF, 0xFF, 0xFF, 0xFF, 0xF0, 0x00, 0x0F, 0xF8, 0x00, 0x00,
    0x3F, 0xFF, 0x80, 0x00, 0x7F, 0xFF, 0xF0, 0x00, 0x7F, 0xFF, 0xFC, 0x00,
    0x7F, 0x80, 0xFF, 0x00, 0x7E, 0x00, 0x0F, 0xC0, 0x7E, 0x00, 0x03, 0xF0,
    0x3E, 0x00, 0x00, 0xF8, 0x3E, 0x00, 0x00, 0x3E, 0x1E, 0x00, 0x00, 0x0F,
    0x1F, 0x00, 0x00, 0x07, 0xCF, 0x00, 0x00, 0x01, 0xE7, 0x80, 0x00, 0x00,
    0xF7, 0xC0, 0x00, 0x00, 0x7F, 0xC0, 0x00, 0x00, 0x1F, 0xE0, 0x00, 0x00,
    0x0F, 0xF0, 0x00, 0x00, 0x07, 0xF8, 0x00, 0x00, 0x03, 0xFC, 0x00, 0x00,
    0x01, 0xFE, 0x00, 0x00, 0x00, 0xFF, 0x00, 0x00, 0x00, 0x7F, 0x80, 0x00,
    0x00, 0x3F, 0xE0, 0x00, 0x00, 0x3E, 0xF0, 0x00, 0x00, 0x1E, 0x78, 0x00,
    0x00, 0x0F, 0x3E, 0x00, 0x00, 0x0F, 0x8F, 0x00, 0x00, 0x07, 0x87, 0xC0,
    0x00, 0x07, 0xC1, 0xF0, 0x00, 0x07, 0xC0, 0xFC, 0x00, 0x07, 0xE0, 0x3F,
    0x00, 0x07, 0xE0, 0x0F, 0xF0, 0x1F, 0xE0, 0x03, 0xFF, 0xFF, 0xE0, 0x00,
    0xFF, 0xFF, 0xE0, 0x00, 0x1F, 0xFF, 0xC0, 0x00, 0x01, 0xFF, 0x00, 0x00,
    0xFF, 0xFF, 0xFF, 0xFF, 0xFF, 0xFF, 0xFF, 0xFF, 0xFF, 0xFF, 0xFF, 0xFF,
    0xFF, 0xF0, 0x00, 0x03, 0xFC, 0x00, 0x00, 0xFF, 0x00, 0x00, 0x3F, 0xC0,
    0x00, 0x0F, 0xF0, 0x00, 0x03, 0xFC, 0x00, 0x00, 0xFF, 0x00, 0x00, 0x3F,
    0xC0, 0x00, 0x0F, 0xF0, 0x00, 0x03, 0xFC, 0x00, 0x00, 0xFF, 0x00, 0x00,
    0x3F, 0xC0, 0x00, 0x0F, 0xF0, 0x00, 0x03, 0xFC, 0x00, 0x00, 0xFF, 0x00,
    0x00, 0x3F, 0xC0, 0x00, 0x0F, 0xF0, 0x00, 0x03, 0xFC, 0x00, 0x00, 0xFF,
    0x00, 0x00, 0x3F, 0xC0, 0x00, 0x0F, 0xF0, 0x00, 0x03, 0xFC, 0x00, 0x00,
    0xFF, 0x00, 0x00, 0x3F, 0xC0, 0x00, 0x0F, 0xF0, 0x00, 0x03, 0xFC, 0x00,
    0x00, 0xFF, 0x00, 0x00, 0x3F, 0xC0, 0x00, 0x0F, 0xF0, 0x00, 0x03, 0xFC,
    0x00, 0x00, 0xF0, 0xFF, 0xFF, 0xC0, 0xFF, 0xFF, 0xF0, 0xFF, 0xFF, 0xF8,
    0xFF, 0xFF, 0xFC, 0xF0, 0x00, 0xFE, 0xF0, 0x00, 0x3E, 0xF0, 0x00, 0x1F,
    0xF0, 0x00, 0x0F, 0xF0, 0x00, 0x0F, 0xF0, 0x00, 0x0F, 0xF0, 0x00, 0x0F,
    0xF0, 0x00, 0x0F, 0xF0, 0x00, 0x0F, 0xF0, 0x00, 0x1F, 0xF0, 0x00, 0x3E,
    0xF0, 0x00, 0xFE, 0xFF, 0xFF, 0xFC, 0xFF, 0xFF, 0xF8, 0xFF, 0xFF, 0xF0,
    0xFF, 0xFF, 0xC0, 0xF0, 0x00, 0x00, 0xF0, 0x00, 0x00, 0xF0, 0x00, 0x00,
    0xF0, 0x00, 0x00, 0xF0, 0x00, 0x00, 0xF0, 0x00, 0x00, 0xF0, 0x00, 0x00,
    0xF0, 0x00, 0x00, 0xF0, 0x00, 0x00, 0xF0, 0x00, 0x00, 0xF0, 0x00, 0x00,
    0xF0, 0x00, 0x00, 0xF0, 0x00, 0x00, 0xF0, 0x00, 0x00, 0x7F, 0xFF, 0xFF,
    0xDF, 0xFF, 0xFF, 0xF7, 0xFF, 0xFF, 0xFD, 0xFF, 0xFF, 0xFF, 0x3E, 0x00,
    0x00, 0x07, 0xC0, 0x00, 0x01, 0xF8, 0x00, 0x00, 0x3F, 0x00, 0x00, 0x07,
    0xC0, 0x00, 0x00, 0xF8, 0x00, 0x00, 0x3F, 0x00, 0x00, 0x07, 0xE0, 0x00,
    0x00, 0xF8, 0x00, 0x00, 0x1F, 0x00, 0x00, 0x07, 0xE0, 0x00, 0x00, 0xFC,
    0x00, 0x00, 0x1F, 0x00, 0x00, 0x0F, 0xC0, 0x00, 0x07, 0xE0, 0x00, 0x03,
    0xF0, 0x00, 0x00, 0xF8, 0x00, 0x00, 0x7C, 0x00, 0x00, 0x3E, 0x00, 0x00,
    0x1F, 0x80, 0x00, 0x0F, 0xC0, 0x00, 0x07, 0xE0, 0x00, 0x01, 0xF0, 0x00,
    0x00, 0xF8, 0x00, 0x00, 0x7C, 0x00, 0x00, 0x3E, 0x00, 0x00, 0x0F, 0xFF,
    0xFF, 0xFF, 0xFF, 0xFF, 0xFF, 0xFF, 0xFF, 0xFF, 0xFF, 0xFF, 0xFF, 0xF0,
    0xFF, 0xFF, 0xFF, 0xFF, 0xFF, 0xFF, 0xFF, 0xFF, 0xFF, 0xFF, 0xFF, 0xFF,
    0xFF, 0x00, 0x1E, 0x00, 0x00, 0x07, 0x80, 0x00, 0x01, 0xE0, 0x00, 0x00,
    0x78, 0x00, 0x00, 0x1E, 0x00, 0x00, 0x07, 0x80, 0x00, 0x01, 0xE0, 0x00,
    0x00, 0x78, 0x00, 0x00, 0x1E, 0x00, 0x00, 0x07, 0x80, 0x00, 0x01, 0xE0,
    0x00, 0x00, 0x78, 0x00, 0x00, 0x1E, 0x00, 0x00, 0x07, 0x80, 0x00, 0x01,
    0xE0, 0x00, 0x00, 0x78, 0x00, 0x00, 0x1E, 0x00, 0x00, 0x07, 0x80, 0x00,
    0x01, 0xE0, 0x00, 0x00, 0x78, 0x00, 0x00, 0x1E, 0x00, 0x00, 0x07, 0x80,
    0x00, 0x01, 0xE0, 0x00, 0x00, 0x78, 0x00, 0x00, 0x1E, 0x00, 0x00, 0x07,
    0x80, 0x00, 0x01, 0xE0, 0x00, 0x00, 0x78, 0x00, 0x00, 0x1E, 0x00, 0x00,
    0x07, 0x80, 0x00, 0xFC, 0x00, 0x00, 0xF9, 0xF0, 0x00, 0x03, 0xE3, 0xE0,
    0x00, 0x1F, 0x0F, 0x80, 0x00, 0xFC, 0x1F, 0x00, 0x03, 0xE0, 0x7E, 0x00,
    0x1F, 0x00, 0xF8, 0x00, 0x7C, 0x01, 0xF0, 0x03, 0xE0, 0x07, 0xC0, 0x0F,
    0x00, 0x0F, 0x80, 0x7C, 0x00, 0x1F, 0x03, 0xE0, 0x00, 0x7C, 0x0F, 0x80,
    0x00, 0xF8, 0x7C, 0x00, 0x01, 0xE1, 0xE0, 0x00, 0x07, 0xCF, 0x80, 0x00,
    0x0F, 0xBC, 0x00, 0x00, 0x1F, 0xE0, 0x00, 0x00, 0x7F, 0x80, 0x00, 0x00,
    0xFC, 0x00, 0x00, 0x03, 0xF0, 0x00, 0x00, 0x07, 0x80, 0x00, 0x00, 0x1E,
    0x00, 0x00, 0x00, 0x78, 0x00, 0x00, 0x01, 0xE0, 0x00, 0x00, 0x07, 0x80,
    0x00, 0x00, 0x1E, 0x00, 0x00, 0x00, 0x78, 0x00, 0x00, 0x01, 0xE0, 0x00,
    0x00, 0x07, 0x80, 0x00, 0x00, 0x1E, 0x00, 0x00, 0x00, 0x78, 0x00, 0x00,
    0x01, 0xE0, 0x00, 0x00, 0x07, 0x80, 0x00, 0x00, 0x1E, 0x00, 0x00, 0x00,
    0x07, 0x80, 0x00, 0x00, 0x0F, 0x00, 0x00, 0x00, 0x1E, 0x00, 0x00, 0x03,
    0xFF, 0xC0, 0x00, 0x1F, 0xFF, 0xF0, 0x00, 0xFF, 0xFF, 0xF0, 0x03, 0xFF,
    0xFF, 0xF8, 0x0F, 0xF3, 0xC7, 0xF8, 0x3F, 0x07, 0x83, 0xF0, 0x7C, 0x0F,
    0x01, 0xF1, 0xF0, 0x1E, 0x01, 0xF3, 0xC0, 0x3C, 0x01, 0xEF, 0x80, 0x78,
    0x03, 0xDE, 0x00, 0xF0, 0x03, 0xFC, 0x01, 0xE0, 0x07, 0xF8, 0x03, 0xC0,
    0x0F, 0xF0, 0x07, 0x80, 0x1F, 0xE0, 0x0F, 0x00, 0x3F, 0xC0, 0x1E, 0x00,
    0x7F, 0x80, 0x3C, 0x01, 0xF7, 0x80, 0x78, 0x03, 0xCF, 0x00, 0xF0, 0x0F,
    0x9F, 0x01, 0xE0, 0x1F, 0x1F, 0x03, 0xC0, 0x7C, 0x1F, 0x07, 0x83, 0xF0,
    0x1F, 0xCF, 0x1F, 0xC0, 0x1F, 0xFF, 0xFF, 0x00, 0x1F, 0xFF, 0xF8, 0x00,
    0x07, 0xFF, 0x80, 0x00, 0x00, 0xF0, 0x00, 0x00, 0x01, 0xE0, 0x00, 0x00,
    0x03, 0xC0, 0x00, 0x00, 0x07, 0x80, 0x00, 0x00, 0x0F, 0x00, 0x00, 0x7C,
    0x00, 0x01, 0xF3, 0xF0, 0x00, 0x1F, 0x8F, 0x80, 0x00, 0xF8, 0x3E, 0x00,
    0x0F, 0x80, 0xF8, 0x00, 0xF8, 0x07, 0xC0, 0x07, 0xC0, 0x1F, 0x00, 0x7C,
    0x00, 0x7C, 0x07, 0xC0, 0x03, 0xE0, 0x3E, 0x00, 0x0F, 0x83, 0xE0, 0x00,
    0x3E, 0x3E, 0x00, 0x01, 0xF1, 0xF0, 0x00, 0x07, 0xDF, 0x00, 0x00, 0x1F,
    0xF0, 0x00, 0x00, 0xFF, 0x80, 0x00, 0x03, 0xF8, 0x00, 0x00, 0x0F, 0x80,
    0x00, 0x00, 0xFE, 0x00, 0x00, 0x0F, 0xF0, 0x00, 0x00, 0x7F, 0xC0, 0x00,
    0x07, 0xDF, 0x00, 0x00, 0x7C, 0x78, 0x00, 0x03, 0xE3, 0xE0, 0x00, 0x3E,
    0x0F, 0x80, 0x03, 0xE0, 0x7E, 0x00, 0x1F, 0x01, 0xF0, 0x01, 0xF0, 0x07,
    0xC0, 0x1F, 0x00, 0x3F, 0x00, 0xF8, 0x00, 0xF8, 0x0F, 0x80, 0x03, 0xE0,
    0xF8, 0x00, 0x1F, 0x8F, 0xC0, 0x00, 0x7C, 0x7C, 0x00, 0x01, 0xF7, 0xC0,
    0x00, 0x0F, 0xC0, 0xC0, 0x00, 0x00, 0x0F, 0xC0, 0x1E, 0x00, 0xFF, 0x00,
    0x78, 0x03, 0xFC, 0x01, 0xE0, 0x0F, 0xF0, 0x07, 0x80, 0x3F, 0xC0, 0x1E,
    0x00, 0xFF, 0x00, 0x78, 0x03, 0xFC, 0x01, 0xE0, 0x0F, 0xF0, 0x07, 0x80,
    0x3F, 0xC0, 0x1E, 0x00, 0xFF, 0x00, 0x78, 0x03, 0xFC, 0x01, 0xE0, 0x0F,
    0xF0, 0x07, 0x80, 0x3F, 0xC0, 0x1E, 0x00, 0xFF, 0x00, 0x78, 0x03, 0xFC,
    0x01, 0xE0, 0x0F, 0xF0, 0x07, 0x80, 0x3F, 0xC0, 0x1E, 0x00, 0xFF, 0x00,
    0x78, 0x03, 0xFE, 0x01, 0xE0, 0x1F, 0x7C, 0x07, 0x80, 0xF9, 0xFC, 0x1E,
    0x0F, 0xE3, 0xFF, 0xFF, 0xFF, 0x07, 0xFF, 0xFF, 0xF8, 0x0F, 0xFF, 0xFF,
    0xC0, 0x07, 0xFF, 0xF8, 0x00, 0x00, 0x78, 0x00, 0x00, 0x01, 0xE0, 0x00,
    0x00, 0x07, 0x80, 0x00, 0x00, 0x1E, 0x00, 0x00, 0x00, 0x78, 0x00, 0x00,
    0x01, 0xE0, 0x00, 0x00, 0x07, 0x80, 0x00, 0x00, 0x1E, 0x00, 0x00, 0x00,
    0x1F, 0xE0, 0x00, 0x01, 0xFF, 0xF8, 0x00, 0x07, 0xFF, 0xFC, 0x00, 0x1F,
    0xFF, 0xFC, 0x00, 0x7F, 0x01, 0xFE, 0x01, 0xF0, 0x00, 0xFC, 0x07, 0xC0,
    0x00, 0x7C, 0x1F, 0x00, 0x00, 0x7C, 0x3C, 0x00, 0x00, 0x78, 0xF8, 0x00,
    0x00, 0xF9, 0xE0, 0x00, 0x00, 0xF3, 0xC0, 0x00, 0x01, 0xEF, 0x00, 0x00,
    0x01, 0xFE, 0x00, 0x00, 0x03, 0xFC, 0x00, 0x00, 0x07, 0xF8, 0x00, 0x00,
    0x0F, 0xF0, 0x00, 0x00, 0x1F, 0xE0, 0x00, 0x00, 0x3F, 0xC0, 0x00, 0x00,
    0x7F, 0x80, 0x00, 0x00, 0xF7, 0x80, 0x00, 0x03, 0xCF, 0x00, 0x00, 0x07,
    0x9E, 0x00, 0x00, 0x1F, 0x1E, 0x00, 0x00, 0x3C, 0x3E, 0x00, 0x00, 0xF0,
    0x3C, 0x00, 0x03, 0xE0, 0x3C, 0x00, 0x0F, 0x80, 0x7C, 0x00, 0x3E, 0x00,
    0x3C, 0x00, 0xF8, 0x00, 0x3E, 0x03, 0xC0, 0x3F, 0xFC, 0x0F, 0xFF, 0x7F,
    0xF8, 0x1F, 0xFE, 0xFF, 0xF0, 0x3F, 0xFD, 0xFF, 0xE0, 0x7F, 0xF8, 0xF8,
    0x7F, 0xC3, 0xFE, 0x1F, 0xF0, 0xFF, 0x87, 0x80, 0x00, 0x00, 0x00, 0x00,
    0x00, 0x00, 0x1E, 0x00, 0xF0, 0x07, 0x80, 0x3C, 0x01, 0xE0, 0x0F, 0x00,
    0x78, 0x03, 0xC0, 0x1E, 0x00, 0xF0, 0x07, 0x80, 0x3C, 0x01, 0xE0, 0x0F,
    0x00, 0x78, 0x03, 0xC0, 0x1E, 0x00, 0xF0, 0x07, 0x80, 0x3C, 0x01, 0xE0,
    0x0F, 0x00, 0x78, 0x03, 0xC0, 0x1E, 0x00, 0xF0, 0x07, 0x80, 0x3C, 0x01,
    0xE0, 0x0F, 0x00, 0x78, 0x03, 0xC0, 0x1E, 0x00, 0xF0, 0x00, 0xF0, 0x78,
    0x00, 0x03, 0xC1, 0xE0, 0x00, 0x0F, 0x07, 0x80, 0x00, 0x3C, 0x1E, 0x00,
    0x00, 0xF0, 0x78, 0x00, 0x00, 0x00, 0x00, 0x00, 0x00, 0x00, 0x00, 0x00,
    0x00, 0x00, 0x00, 0x00, 0x00, 0x00, 0x03, 0xF0, 0x00, 0x03, 0xE7, 0xC0,
    0x00, 0x0F, 0x8F, 0x80, 0x00, 0x7C, 0x3E, 0x00, 0x03, 0xF0, 0x7C, 0x00,
    0x0F, 0x81, 0xF8, 0x00, 0x7C, 0x03, 0xE0, 0x01, 0xF0, 0x07, 0xC0, 0x0F,
    0x80, 0x1F, 0x00, 0x3C, 0x00, 0x3E, 0x01, 0xF0, 0x00, 0x7C, 0x0F, 0x80,
    0x01, 0xF0, 0x3E, 0x00, 0x03, 0xE1, 0xF0, 0x00, 0x07, 0x87, 0x80, 0x00,
    0x1F, 0x3E, 0x00, 0x00, 0x3E, 0xF0, 0x00, 0x00, 0x7F, 0x80, 0x00, 0x01,
    0xFE, 0x00, 0x00, 0x03, 0xF0, 0x00, 0x00, 0x0F, 0xC0, 0x00, 0x00, 0x1E,
    0x00, 0x00, 0x00, 0x78, 0x00, 0x00, 0x01, 0xE0, 0x00, 0x00, 0x07, 0x80,
    0x00, 0x00, 0x1E, 0x00, 0x00, 0x00, 0x78, 0x00, 0x00, 0x01, 0xE0, 0x00,
    0x00, 0x07, 0x80, 0x00, 0x00, 0x1E, 0x00, 0x00, 0x00, 0x78, 0x00, 0x00,
    0x01, 0xE0, 0x00, 0x00, 0x07, 0x80, 0x00, 0x00, 0x1E, 0x00, 0x00, 0x00,
    0x78, 0x00, 0x00, 0x00, 0x01, 0xF8, 0x00, 0x00, 0xF8, 0x00, 0x00, 0xF8,
    0x00, 0x00, 0xF8, 0x00, 0x00, 0x78, 0x00, 0x00, 0x78, 0x00, 0x00, 0x78,
    0x00, 0x00, 0x00, 0x00, 0x00, 0x00, 0x00, 0x00, 0x00, 0x00, 0x00, 0x7F,
    0x07, 0x00, 0xFF, 0xE3, 0x80, 0xFF, 0xFD, 0xC0, 0xFF, 0xFE, 0xE0, 0xFC,
    0x1F, 0xF0, 0x7C, 0x03, 0xF8, 0x7C, 0x00, 0xFC, 0x3C, 0x00, 0x3E, 0x1E,
    0x00, 0x1F, 0x1E, 0x00, 0x07, 0x8F, 0x00, 0x03, 0xC7, 0x80, 0x01, 0xE3,
    0xC0, 0x00, 0xF1, 0xE0, 0x00, 0x78, 0xF0, 0x00, 0x3C, 0x78, 0x00, 0x1E,
    0x3C, 0x00, 0x0F, 0x1F, 0x00, 0x0F, 0x87, 0x80, 0x07, 0xC3, 0xC0, 0x07,
    0xE1, 0xF0, 0x07, 0xF0, 0x7E, 0x07, 0xF8, 0x1F, 0xFF, 0xDF, 0x0F, 0xFF,
    0xEF, 0xC1, 0xFF, 0xE7, 0xE0, 0x3F, 0xC1, 0xE0, 0x00, 0x03, 0xE0, 0x00,
    0x7C, 0x00, 0x07, 0x80, 0x00, 0xF0, 0x00, 0x1E, 0x00, 0x01, 0xC0, 0x00,
    0x38, 0x00, 0x00, 0x00, 0x00, 0x00, 0x00, 0x00, 0x00, 0x03, 0xFC, 0x01,
    0xFF, 0xF8, 0x3F, 0xFF, 0xC7, 0xFF, 0xFE, 0xFC, 0x01, 0xFF, 0x80, 0x07,
    0xF0, 0x00, 0x0F, 0x00, 0x00, 0xF0, 0x00, 0x07, 0x80, 0x00, 0x7C, 0x00,
    0x03, 0xFF, 0x00, 0x07, 0xF0, 0x03, 0xFF, 0x00, 0x7C, 0x00, 0x07, 0x80,
    0x00, 0xF0, 0x00, 0x0F, 0x00, 0x00, 0xF0, 0x00, 0x0F, 0x80, 0x07, 0xFC,
    0x01, 0xF7, 0xFF, 0xFE, 0x3F, 0xFF, 0xE1, 0xFF, 0xF8, 0x07, 0xFE, 0x00,
    0x00, 0x03, 0xF0, 0x00, 0x0F, 0x80, 0x00, 0x7C, 0x00, 0x03, 0xC0, 0x00,
    0x0E, 0x00, 0x00, 0x70, 0x00, 0x03, 0x80, 0x00, 0x00, 0x00, 0x00, 0x00,
    0x00, 0x00, 0x00, 0x0F, 0x01, 0xF8, 0x3E, 0x1F, 0xF8, 0xF8, 0xFF, 0xF3,
    0xF7, 0xFF, 0xE3, 0xFC, 0x1F, 0x8F, 0xC0, 0x1F, 0x3E, 0x00, 0x7C, 0xF8,
    0x00, 0xF3, 0xC0, 0x03, 0xCF, 0x00, 0x0F, 0x3C, 0x00, 0x3C, 0xF0, 0x00,
    0xF3, 0xC0, 0x03, 0xCF, 0x00, 0x0F, 0x3C, 0x00, 0x3C, 0xF0, 0x00, 0xF3,
    0xC0, 0x03, 0xCF, 0x00, 0x0F, 0x3C, 0x00, 0x3C, 0xF0, 0x00, 0xF3, 0xC0,
    0x03, 0xCF, 0x00, 0x0F, 0x3C, 0x00, 0x3C, 0xF0, 0x00, 0xF3, 0xC0, 0x03,
    0xC0, 0x00, 0x0F, 0x00, 0x00, 0x3C, 0x00, 0x00, 0xF0, 0x00, 0x03, 0xC0,
    0x00, 0x0F, 0x00, 0x00, 0x3C, 0x00, 0x00, 0xF0, 0x00, 0x03, 0xC0, 0x00,
    0x01, 0x07, 0xC1, 0xF0, 0x3C, 0x0F, 0x03, 0xC0, 0x70, 0x1C, 0x00, 0x00,
    0x00, 0x00, 0x03, 0xC0, 0x78, 0x0F, 0x01, 0xE0, 0x3C, 0x07, 0x80, 0xF0,
    0x1E, 0x03, 0xC0, 0x78, 0x0F, 0x01, 0xE0, 0x3C, 0x07, 0x80, 0xF0, 0x1E,
    0x03, 0xC0, 0x78, 0x0F, 0x01, 0xE0, 0x3E, 0x27, 0xFC, 0x7F, 0x87, 0xF8,
    0x7E, 0x00, 0x00, 0x3C, 0x00, 0x07, 0xC0, 0x00, 0x78, 0x00, 0x07, 0x00,
    0x3C, 0xF3, 0xC3, 0xCE, 0x3C, 0x3D, 0xC3, 0xC3, 0xDC, 0x3C, 0x00, 0x00,
    0x00, 0x00, 0x00, 0x00, 0x00, 0x0F, 0x00, 0x0F, 0xF0, 0x00, 0xFF, 0x00,
    0x0F, 0xF0, 0x00, 0xFF, 0x00, 0x0F, 0xF0, 0x00, 0xFF, 0x00, 0x0F, 0xF0,
    0x00, 0xFF, 0x00, 0x0F, 0xF0, 0x00, 0xFF, 0x00, 0x0F, 0xF0, 0x00, 0xFF,
    0x00, 0x0F, 0xF0, 0x00, 0xFF, 0x00, 0x0F, 0xF0, 0x00, 0xFF, 0x00, 0x0F,
    0xF0, 0x00, 0xFF, 0x00, 0x0F, 0xF8, 0x01, 0xFF, 0x80, 0x1E, 0x7E, 0x07,
    0xE7, 0xFF, 0xFE, 0x3F, 0xFF, 0xC1, 0xFF, 0xF8, 0x07, 0xFC, 0x00, 0x01,
    0xFC, 0x1C, 0x03, 0xFF, 0x8E, 0x03, 0xFF, 0xF7, 0x03, 0xFF, 0xFB, 0x83,
    0xF0, 0x7F, 0xC1, 0xF0, 0x0F, 0xE1, 0xF0, 0x03, 0xF0, 0xF0, 0x00, 0xF8,
    0x78, 0x00, 0x7C, 0x78, 0x00, 0x1E, 0x3C, 0x00, 0x0F, 0x1E, 0x00, 0x07,
    0x8F, 0x00, 0x03, 0xC7, 0x80, 0x01, 0xE3, 0xC0, 0x00, 0xF1, 0xE0, 0x00,
    0x78, 0xF0, 0x00, 0x3C, 0x7C, 0x00, 0x3E, 0x1E, 0x00, 0x1F, 0x0F, 0x00,
    0x1F, 0x87, 0xC0, 0x1F, 0xC1, 0xF8, 0x1F, 0xE0, 0x7F, 0xFF, 0x7C, 0x3F,
    0xFF, 0xBF, 0x07, 0xFF, 0x9F, 0x80, 0xFF, 0x07, 0x80, 0x03, 0xF8, 0x00,
    0xFF, 0xF0, 0x0F, 0xFF, 0xC0, 0x7F, 0xFF, 0x07, 0xE0, 0xF8, 0x3E, 0x01,
    0xE3, 0xE0, 0x0F, 0x1E, 0x00, 0x38, 0xF0, 0x01, 0xC7, 0x80, 0x0E, 0x3C,
    0x00, 0x71, 0xE0, 0x07, 0x8F, 0x00, 0x78, 0x78, 0x07, 0x83, 0xC7, 0xF8,
    0x1E, 0x3F, 0x80, 0xF1, 0xFF, 0x87, 0x8F, 0xFE, 0x3C, 0x01, 0xF9, 0xE0,
    0x03, 0xEF, 0x00, 0x0F, 0x78, 0x00, 0x7F, 0xC0, 0x01, 0xFE, 0x00, 0x0F,
    0xF0, 0x00, 0x7F, 0x80, 0x03, 0xFC, 0x00, 0x1F, 0xE0, 0x01, 0xFF, 0x80,
    0x0F, 0x7E, 0x00, 0xFB, 0xF8, 0x1F, 0xDF, 0xFF, 0xFC, 0xF7, 0xFF, 0xC7,
    0x9F, 0xFC, 0x3C, 0x3F, 0x81, 0xE0, 0x00, 0x0F, 0x00, 0x00, 0x78, 0x00,
    0x03, 0xC0, 0x00, 0x1E, 0x00, 0x00, 0xF0, 0x00, 0x07, 0x80, 0x00, 0x3C,
    0x00, 0x00, 0x78, 0x00, 0x00, 0x7C, 0x00, 0x1F, 0x7C, 0x00, 0x1E, 0x7E,
    0x00, 0x1E, 0x1E, 0x00, 0x3C, 0x0F, 0x00, 0x3C, 0x0F, 0x00, 0x3C, 0x0F,
    0x80, 0x78, 0x07, 0x80, 0x78, 0x07, 0x80, 0xF8, 0x03, 0xC0, 0xF0, 0x03,
    0xC0, 0xF0, 0x03, 0xC1, 0xE0, 0x01, 0xE1, 0xE0, 0x01, 0xE1, 0xE0, 0x00,
    0xF3, 0xC0, 0x00, 0xF3, 0xC0, 0x00, 0xF7, 0x80, 0x00, 0x7F, 0x80, 0x00,
    0x7F, 0x80, 0x00, 0x3F, 0x00, 0x00, 0x3F, 0x00, 0x00, 0x3F, 0x00, 0x00,
    0x1E, 0x00, 0x00, 0x1E, 0x00, 0x00, 0x1E, 0x00, 0x00, 0x1E, 0x00, 0x00,
    0x1E, 0x00, 0x00, 0x1E, 0x00, 0x00, 0x1E, 0x00, 0x00, 0x1E, 0x00, 0x00,
    0x1E, 0x00, 0x00, 0x1E, 0x00, 0x00, 0x1E, 0x00, 0x00, 0x1E, 0x00, 0x3F,
    0xFF, 0xF0, 0x7F, 0xFF, 0xE0, 0xFF, 0xFF, 0xC1, 0xFF, 0xFF, 0x83, 0xF0,
    0x00, 0x01, 0xF8, 0x00, 0x01, 0xF8, 0x00, 0x01, 0xF8, 0x00, 0x00, 0xFC,
    0x00, 0x00, 0xFC, 0x00, 0x00, 0x7C, 0x00, 0x0F, 0xFC, 0x00, 0x7F, 0xFE,
    0x03, 0xFF, 0xFE, 0x07, 0xE0, 0xFC, 0x1F, 0x00, 0x7C, 0x7C, 0x00, 0x7C,
    0xF0, 0x00, 0x79, 0xE0, 0x00, 0xF7, 0x80, 0x00, 0xFF, 0x00, 0x01, 0xFE,
    0x00, 0x03, 0xFC, 0x00, 0x07, 0xF8, 0x00, 0x0F, 0xF0, 0x00, 0x1F, 0xE0,
    0x00, 0x3F, 0xE0, 0x00, 0xFB, 0xC0, 0x01, 0xE7, 0xC0, 0x07, 0xCF, 0xC0,
    0x1F, 0x0F, 0xC0, 0xFE, 0x0F, 0xFF, 0xF8, 0x0F, 0xFF, 0xE0, 0x0F, 0xFF,
    0x00, 0x07, 0xF8, 0x00, 0x03, 0xFC, 0x01, 0xFF, 0xF8, 0x3F, 0xFF, 0xC7,
    0xFF, 0xFE, 0xFC, 0x01, 0xFF, 0x80, 0x07, 0xF0, 0x00, 0x0F, 0x00, 0x00,
    0xF0, 0x00, 0x07, 0x80, 0x00, 0x7C, 0x00, 0x03, 0xFF, 0x00, 0x07, 0xF0,
    0x03, 0xFF, 0x00, 0x7C, 0x00, 0x07, 0x80, 0x00, 0xF0, 0x00, 0x0F, 0x00,
    0x00, 0xF0, 0x00, 0x0F, 0x80, 0x07, 0xFC, 0x01, 0xF7, 0xFF, 0xFE, 0x3F,
    0xFF, 0xE1, 0xFF, 0xF8, 0x07, 0xFE, 0x00, 0x7F, 0xFF, 0xE7, 0xFF, 0xFE,
    0x7F, 0xFF, 0xE7, 0xFF, 0xFC, 0x00, 0x1F, 0x00, 0x03, 0xE0, 0x00, 0xFC,
    0x00, 0x1F, 0x00, 0x03, 0xE0, 0x00, 0x7C, 0x00, 0x07, 0x80, 0x00, 0xF8,
    0x00, 0x1F, 0x00, 0x01, 0xE0, 0x00, 0x3C, 0x00, 0x03, 0xC0, 0x00, 0x78,
    0x00, 0x07, 0x80, 0x00, 0x78, 0x00, 0x0F, 0x00, 0x00, 0xF0, 0x00, 0x0F,
    0x00, 0x00, 0xF0, 0x00, 0x0F, 0x00, 0x00, 0xF0, 0x00, 0x0F, 0x00, 0x00,
    0xF8, 0x00, 0x07, 0x80, 0x00, 0x7C, 0x00, 0x03, 0xF0, 0x00, 0x3F, 0xE0,
    0x01, 0xFF, 0xF8, 0x07, 0xFF, 0xE0, 0x1F, 0xFE, 0x00, 0x0F, 0xF0, 0x00,
    0x0F, 0x00, 0x00, 0xF0, 0x00, 0x0F, 0x00, 0x00, 0xF0, 0x00, 0x1F, 0x00,
    0x01, 0xE0, 0x00, 0x1E, 0x00, 0x01, 0xC0, 0xF0, 0x1F, 0x83, 0xE1, 0xFF,
    0x8F, 0x8F, 0xFF, 0x3F, 0x7F, 0xFE, 0x3F, 0xC1, 0xF8, 0xFC, 0x01, 0xF3,
    0xE0, 0x07, 0xCF, 0x80, 0x0F, 0x3C, 0x00, 0x3C, 0xF0, 0x00, 0xF3, 0xC0,
    0x03, 0xCF, 0x00, 0x0F, 0x3C, 0x00, 0x3C, 0xF0, 0x00, 0xF3, 0xC0, 0x03,
    0xCF, 0x00, 0x0F, 0x3C, 0x00, 0x3C, 0xF0, 0x00, 0xF3, 0xC0, 0x03, 0xCF,
    0x00, 0x0F, 0x3C, 0x00, 0x3C, 0xF0, 0x00, 0xF3, 0xC0, 0x03, 0xCF, 0x00,
    0x0F, 0x3C, 0x00, 0x3C, 0x00, 0x00, 0xF0, 0x00, 0x03, 0xC0, 0x00, 0x0F,
    0x00, 0x00, 0x3C, 0x00, 0x00, 0xF0, 0x00, 0x03, 0xC0, 0x00, 0x0F, 0x00,
    0x00, 0x3C, 0x00, 0x00, 0x10, 0x01, 0xFC, 0x00, 0x3F, 0xF8, 0x03, 0xFF,
    0xE0, 0x3F, 0xFF, 0x81, 0xF0, 0x7C, 0x1F, 0x00, 0xF0, 0xF0, 0x07, 0x8F,
    0x00, 0x1E, 0x78, 0x00, 0xF3, 0xC0, 0x07, 0xBC, 0x00, 0x1D, 0xE0, 0x00,
    0xFF, 0x00, 0x07, 0xF8, 0x00, 0x3F, 0xC0, 0x01, 0xFF, 0xFF, 0xFF, 0xFF,
    0xFF, 0xFF, 0xFF, 0xFF, 0xFF, 0xFF, 0xFF, 0xE0, 0x00, 0xFF, 0x00, 0x07,
    0xF8, 0x00, 0x3F, 0xC0, 0x01, 0xFE, 0x00, 0x0F, 0xF0, 0x00, 0x7B, 0xC0,
    0x07, 0x9E, 0x00, 0x3C, 0xF0, 0x01, 0xE7, 0xC0, 0x1F, 0x1F, 0x01, 0xF0,
    0xFC, 0x1F, 0x83, 0xFF, 0xF8, 0x0F, 0xFF, 0x80, 0x3F, 0xF8, 0x00, 0x7F,
    0x00, 0xF0, 0x3C, 0x0F, 0x03, 0xC0, 0xF0, 0x3C, 0x0F, 0x03, 0xC0, 0xF0,
    0x3C, 0x0F, 0x03, 0xC0, 0xF0, 0x3C, 0x0F, 0x03, 0xC0, 0xF0, 0x3C, 0x0F,
    0x03, 0xC0, 0xF8, 0xBF, 0xE7, 0xF8, 0xFF, 0x1F, 0x80, 0xF0, 0x07, 0xEF,
    0x00, 0xFC, 0xF0, 0x1F, 0x8F, 0x03, 0xF0, 0xF0, 0x7E, 0x0F, 0x0F, 0xC0,
    0xF1, 0xF8, 0x0F, 0x3F, 0x00, 0xF7, 0xE0, 0x0F, 0xFC, 0x00, 0xFF, 0xE0,
    0x0F, 0xFE, 0x00, 0xFF, 0xF0, 0x0F, 0xCF, 0x80, 0xF8, 0xF8, 0x0F, 0x07,
    0xC0, 0xF0, 0x3C, 0x0F, 0x03, 0xE0, 0xF0, 0x1F, 0x0F, 0x00, 0xF0, 0xF0,
    0x0F, 0x8F, 0x00, 0x7C, 0xF0, 0x07, 0xCF, 0x00, 0x3E, 0xF0, 0x01, 0xF0,
    0x1F, 0x00, 0x00, 0x1F, 0xC0, 0x00, 0x0F, 0xF0, 0x00, 0x07, 0xFC, 0x00,
    0x00, 0x1F, 0x00, 0x00, 0x07, 0x80, 0x00, 0x03, 0xC0, 0x00, 0x00, 0xF0,
    0x00, 0x00, 0x78, 0x00, 0x00, 0x1E, 0x00, 0x00, 0x0F, 0x00, 0x00, 0x0F,
    0x80, 0x00, 0x07, 0xE0, 0x00, 0x07, 0xF0, 0x00, 0x03, 0xF8, 0x00, 0x01,
    0xFE, 0x00, 0x01, 0xE7, 0x00, 0x00, 0xF3, 0xC0, 0x00, 0xF1, 0xE0, 0x00,
    0x78, 0x70, 0x00, 0x3C, 0x3C, 0x00, 0x3C, 0x1E, 0x00, 0x1E, 0x07, 0x00,
    0x1F, 0x03, 0xC0, 0x0F, 0x01, 0xE0, 0x07, 0x80, 0x78, 0x07, 0xC0, 0x3C,
    0x03, 0xC0, 0x1E, 0x01, 0xE0, 0x07, 0x81, 0xF0, 0x03, 0xC0, 0xF0, 0x01,
    0xF0, 0xF8, 0x00, 0x7F, 0x7C, 0x00, 0x3F, 0xBC, 0x00, 0x1F, 0xC0, 0x00,
    0x03, 0x80, 0xF0, 0x00, 0xFF, 0x00, 0x0F, 0xF0, 0x00, 0xFF, 0x00, 0x0F,
    0xF0, 0x00, 0xFF, 0x00, 0x0F, 0xF0, 0x00, 0xFF, 0x00, 0x0F, 0xF0, 0x00,
    0xFF, 0x00, 0x0F, 0xF0, 0x00, 0xFF, 0x00, 0x0F, 0xF0, 0x00, 0xFF, 0x00,
    0x0F, 0xF0, 0x00, 0xFF, 0x00, 0x0F, 0xF0, 0x01, 0xFF, 0x80, 0x1F, 0xF8,
    0x01, 0xFF, 0xC0, 0x3F, 0xFE, 0x0F, 0xFF, 0xFF, 0xFF, 0xF7, 0xFE, 0xFF,
    0x3F, 0xCF, 0xF1, 0xF8, 0x0F, 0x00, 0x00, 0xF0, 0x00, 0x0F, 0x00, 0x00,
    0xF0, 0x00, 0x0F, 0x00, 0x00, 0xF0, 0x00, 0x0F, 0x00, 0x00, 0xF0, 0x00,
    0x00, 0x78, 0x00, 0x3E, 0xF0, 0x00, 0x79, 0xF0, 0x00, 0xF1, 0xE0, 0x03,
    0xE3, 0xC0, 0x07, 0x87, 0xC0, 0x0F, 0x07, 0x80, 0x3C, 0x0F, 0x00, 0x78,
    0x1F, 0x01, 0xF0, 0x1E, 0x03, 0xC0, 0x3C, 0x07, 0x80, 0x7C, 0x1F, 0x00,
    0x78, 0x3C, 0x00, 0xF0, 0x78, 0x01, 0xF1, 0xE0, 0x01, 0xE3, 0xC0, 0x03,
    0xC7, 0x80, 0x03, 0xDE, 0x00, 0x07, 0xBC, 0x00, 0x0F, 0x70, 0x00, 0x0F,
    0xE0, 0x00, 0x1F, 0xC0, 0x00, 0x3F, 0x00, 0x00, 0x3E, 0x00, 0x00, 0x7C,
    0x00, 0x3F, 0xFF, 0xE3, 0xFF, 0xFE, 0x3F, 0xFF, 0xE3, 0xFF, 0xFE, 0x07,
    0x80, 0x00, 0xF0, 0x00, 0x0E, 0x00, 0x01, 0xE0, 0x00, 0x1C, 0x00, 0x01,
    0xC0, 0x00, 0x1C, 0x00, 0x01, 0xC0, 0x00, 0x1E, 0x00, 0x00, 0xF0, 0x00,
    0x07, 0xC0, 0x00, 0x3F, 0xFC, 0x01, 0xFF, 0xC0, 0x7F, 0xFC, 0x1F, 0x80,
    0x03, 0xE0, 0x00, 0x7C, 0x00, 0x07, 0x80, 0x00, 0xF0, 0x00, 0x0F, 0x00,
    0x00, 0xF0, 0x00, 0x0F, 0x00, 0x00, 0xF8, 0x00, 0x0F, 0x80, 0x00, 0x7C,
    0x00, 0x07, 0xF8, 0x00, 0x3F, 0xFF, 0x81, 0xFF, 0xFE, 0x0F, 0xFF, 0xE0,
    0x1F, 0xFF, 0x00, 0x00, 0xF0, 0x00, 0x07, 0x00, 0x00, 0x70, 0x00, 0x07,
    0x00, 0x00, 0x70, 0x00, 0x0F, 0x00, 0x00, 0xE0, 0x00, 0x1E, 0x00, 0x00,
    0x60, 0x00, 0xFE, 0x00, 0x0F, 0xFF, 0x80, 0x3F, 0xFF, 0x80, 0xFF, 0xFF,
    0x83, 0xF8, 0x3F, 0x8F, 0xC0, 0x1F, 0x9F, 0x00, 0x1F, 0x3C, 0x00, 0x1E,
    0xF8, 0x00, 0x3F, 0xE0, 0x00, 0x3F, 0xC0, 0x00, 0x7F, 0x80, 0x00, 0xFF,
    0x00, 0x01, 0xFE, 0x00, 0x03, 0xFC, 0x00, 0x07, 0xF8, 0x00, 0x0F, 0xF8,
    0x00, 0x3E, 0xF0, 0x00, 0x79, 0xF0, 0x01, 0xF3, 0xF0, 0x07, 0xC3, 0xF8,
    0x3F, 0x83, 0xFF, 0xFE, 0x03, 0xFF, 0xF8, 0x03, 0xFF, 0xC0, 0x00, 0xFE,
    0x00, 0xFF, 0xFF, 0xFF, 0xDF, 0xFF, 0xFF, 0xFB, 0xFF, 0xFF, 0xFF, 0x7F,
    0xFF, 0xFF, 0xE1, 0xE0, 0x01, 0xE0, 0x3C, 0x00, 0x3C, 0x07, 0x80, 0x07,
    0x80, 0xF0, 0x00, 0xF0, 0x1E, 0x00, 0x1E, 0x03, 0xC0, 0x03, 0xC0, 0x78,
    0x00, 0x78, 0x0F, 0x00, 0x0F, 0x01, 0xE0, 0x01, 0xE0, 0x3C, 0x00, 0x3C,
    0x07, 0x80, 0x07, 0x80, 0xF0, 0x00, 0xF0, 0x1E, 0x00, 0x1E, 0x03, 0xC0,
    0x03, 0xC0, 0x78, 0x00, 0x78, 0x0F, 0x00, 0x0F, 0x01, 0xE0, 0x01, 0xE0,
    0x3C, 0x00, 0x3C, 0x07, 0x80, 0x07, 0xF0, 0xF0, 0x00, 0x7E, 0x1E, 0x00,
    0x07, 0xC0, 0x01, 0xFE, 0x00, 0x1F, 0xFE, 0x00, 0xFF, 0xFC, 0x07, 0xFF,
    0xF8, 0x3F, 0x03, 0xF1, 0xF8, 0x07, 0xE7, 0xC0, 0x0F, 0x9E, 0x00, 0x1E,
    0xF8, 0x00, 0x7F, 0xC0, 0x00, 0xFF, 0x00, 0x03, 0xFC, 0x00, 0x0F, 0xF0,
    0x00, 0x3F, 0xC0, 0x00, 0xFF, 0x00, 0x03, 0xFC, 0x00, 0x0F, 0xF8, 0x00,
    0x7F, 0xE0, 0x01, 0xEF, 0xC0, 0x0F, 0xBF, 0x80, 0x7C, 0xFF, 0x03, 0xF3,
    0xFF, 0xFF, 0x8F, 0x7F, 0xFC, 0x3C, 0xFF, 0xE0, 0xF0, 0xFC, 0x03, 0xC0,
    0x00, 0x0F, 0x00, 0x00, 0x3C, 0x00, 0x00, 0xF0, 0x00, 0x03, 0xC0, 0x00,
    0x0F, 0x00, 0x00, 0x3C, 0x00, 0x00, 0xF0, 0x00, 0x00, 0x00, 0xFE, 0x00,
    0x0F, 0xFF, 0x00, 0xFF, 0xFE, 0x07, 0xFF, 0xFC, 0x3F, 0x81, 0xF8, 0xF8,
    0x03, 0xE7, 0xC0, 0x07, 0xDE, 0x00, 0x0F, 0xF8, 0x00, 0x3F, 0xC0, 0x00,
    0x0F, 0x00, 0x00, 0x3C, 0x00, 0x00, 0xF0, 0x00, 0x03, 0xC0, 0x00, 0x0F,
    0x00, 0x00, 0x3C, 0x00, 0x00, 0x78, 0x00, 0x01, 0xE0, 0x00, 0x07, 0xC0,
    0x00, 0x0F, 0x80, 0x00, 0x1F, 0x80, 0x00, 0x7F, 0xF8, 0x00, 0xFF, 0xFE,
    0x00, 0xFF, 0xFE, 0x00, 0xFF, 0xF8, 0x00, 0x7F, 0xF0, 0x00, 0x07, 0xC0,
    0x00, 0x0F, 0x00, 0x00, 0x3C, 0x00, 0x01, 0xF0, 0x00, 0x07, 0x80, 0x00,
    0x3E, 0x00, 0x00, 0xF0, 0x00, 0x00, 0xC0, 0x00, 0xFF, 0xFF, 0xC1, 0xFF,
    0xFF, 0xF0, 0xFF, 0xFF, 0xFC, 0x7F, 0xFF, 0xFF, 0x3F, 0x83, 0xF8, 0x1F,
    0x80, 0x3E, 0x07, 0xC0, 0x07, 0xC1, 0xE0, 0x00, 0xF0, 0xF8, 0x00, 0x3C,
    0x3C, 0x00, 0x07, 0x8F, 0x00, 0x01, 0xE3, 0xC0, 0x00, 0x78, 0xF0, 0x00,
    0x1E, 0x3C, 0x00, 0x07, 0x8F, 0x00, 0x01, 0xE3, 0xC0, 0x00, 0x78, 0xF0,
    0x00, 0x3E, 0x1E, 0x00, 0x0F, 0x07, 0x80, 0x03, 0xC1, 0xF0, 0x01, 0xF0,
    0x3E, 0x00, 0xF8, 0x0F, 0xE0, 0xFE, 0x01, 0xFF, 0xFF, 0x00, 0x3F, 0xFF,
    0x80, 0x07, 0xFF, 0x80, 0x00, 0x3F, 0x80, 0x00, 0xFF, 0xFF, 0xFF, 0xFF,
    0xFF, 0xFF, 0xFF, 0xFF, 0xFF, 0xFF, 0x01, 0xE0, 0x00, 0x1E, 0x00, 0x01,
    0xE0, 0x00, 0x1E, 0x00, 0x01, 0xE0, 0x00, 0x1E, 0x00, 0x01, 0xE0, 0x00,
    0x1E, 0x00, 0x01, 0xE0, 0x00, 0x1E, 0x00, 0x01, 0xE0, 0x00, 0x1E, 0x00,
    0x01, 0xE0, 0x00, 0x1E, 0x00, 0x01, 0xE0, 0x00, 0x1E, 0x00, 0x01, 0xE0,
    0x00, 0x1F, 0x00, 0x01, 0xFE, 0x00, 0x0F, 0xE0, 0x00, 0xFF, 0x00, 0x07,
    0xF0, 0xF0, 0x00, 0xFF, 0x00, 0x0F, 0xF0, 0x00, 0xFF, 0x00, 0x0F, 0xF0,
    0x00, 0xFF, 0x00, 0x0F, 0xF0, 0x00, 0xFF, 0x00, 0x0F, 0xF0, 0x00, 0xFF,
    0x00, 0x0F, 0xF0, 0x00, 0xFF, 0x00, 0x0F, 0xF0, 0x00, 0xFF, 0x00, 0x0F,
    0xF0, 0x00, 0xFF, 0x00, 0x0F, 0xF0, 0x00, 0xFF, 0x00, 0x0F, 0xF0, 0x00,
    0xFF, 0x80, 0x1F, 0xF8, 0x01, 0xE7, 0xE0, 0x7E, 0x7F, 0xFF, 0xE3, 0xFF,
    0xFC, 0x1F, 0xFF, 0x80, 0x7F, 0xC0, 0x00, 0x03, 0xFC, 0x00, 0x06, 0x07,
    0xFF, 0x00, 0x1E, 0x0F, 0xFF, 0x00, 0x7E, 0x1F, 0xFF, 0x01, 0xF0, 0x3C,
    0x3F, 0x07, 0xC0, 0x78, 0x1F, 0x1F, 0x00, 0xF0, 0x1F, 0x3E, 0x01, 0xE0,
    0x1E, 0x78, 0x03, 0xC0, 0x3D, 0xF0, 0x07, 0x80, 0x3F, 0xC0, 0x0F, 0x00,
    0x7F, 0x80, 0x1E, 0x00, 0xFF, 0x00, 0x3C, 0x01, 0xFE, 0x00, 0x78, 0x03,
    0xFC, 0x00, 0xF0, 0x07, 0xFC, 0x01, 0xE0, 0x0F, 0x78, 0x03, 0xC0, 0x3C,
    0xF8, 0x07, 0x80, 0x79, 0xF8, 0x0F, 0x01, 0xF1, 0xF8, 0x1E, 0x07, 0xC1,
    0xFC, 0x3C, 0x3F, 0x81, 0xFF, 0xFF, 0xFE, 0x01, 0xFF, 0xFF, 0xF8, 0x01,
    0xFF, 0xFF, 0xC0, 0x00, 0x7F, 0xFE, 0x00, 0x00, 0x07, 0x80, 0x00, 0x00,
    0x0F, 0x00, 0x00, 0x00, 0x1E, 0x00, 0x00, 0x00, 0x3C, 0x00, 0x00, 0x00,
    0x78, 0x00, 0x00, 0x00, 0xF0, 0x00, 0x00, 0x01, 0xE0, 0x00, 0x00, 0x03,
    0xC0, 0x00, 0x7C, 0x00, 0x00, 0x0F, 0xC0, 0x00, 0xF9, 0xFC, 0x00, 0x1E,
    0x3F, 0x80, 0x07, 0xC0, 0xF8, 0x01, 0xF0, 0x1F, 0x00, 0x3C, 0x01, 0xF0,
    0x0F, 0x80, 0x3E, 0x01, 0xE0, 0x03, 0xE0, 0x7C, 0x00, 0x3C, 0x0F, 0x00,
    0x07, 0xC3, 0xE0, 0x00, 0x78, 0x78, 0x00, 0x0F, 0x9F, 0x00, 0x00, 0xF3,
    0xC0, 0x00, 0x1F, 0xF8, 0x00, 0x01, 0xFE, 0x00, 0x00, 0x3F, 0xC0, 0x00,
    0x03, 0xF0, 0x00, 0x00, 0x7E, 0x00, 0x00, 0x0F, 0xC0, 0x00, 0x03, 0xFC,
    0x00, 0x00, 0xFF, 0x80, 0x00, 0x1F, 0xF8, 0x00, 0x07, 0xCF, 0x00, 0x01,
    0xF9, 0xF0, 0x00, 0x3E, 0x1E, 0x00, 0x0F, 0x83, 0xE0, 0x01, 0xF0, 0x7C,
    0x00, 0x7C, 0x07, 0xC0, 0x1F, 0x00, 0xF8, 0x03, 0xE0, 0x0F, 0x80, 0xF8,
    0x01, 0xF8, 0x3E, 0x00, 0x1F, 0xE7, 0xC0, 0x01, 0xFD, 0xF0, 0x00, 0x3F,
    0x80, 0x00, 0x01, 0xF0, 0xF0, 0x00, 0x01, 0xFE, 0x00, 0x00, 0x3F, 0xC0,
    0x78, 0x07, 0xF8, 0x0F, 0x00, 0xFF, 0x01, 0xE0, 0x1F, 0xE0, 0x3C, 0x03,
    0xFC, 0x07, 0x80, 0x7F, 0x80, 0xF0, 0x0F, 0xF0, 0x1E, 0x01, 0xFE, 0x03,
    0xC0, 0x3F, 0xC0, 0x78, 0x07, 0xF8, 0x0F, 0x00, 0xFF, 0x01, 0xE0, 0x1F,
    0xE0, 0x3C, 0x03, 0xFC, 0x07, 0x80, 0x7F, 0x80, 0xF0, 0x0F, 0xF0, 0x1E,
    0x01, 0xFF, 0x03, 0xC0, 0x7F, 0xE0, 0x78, 0x0F, 0x3E, 0x0F, 0x03, 0xE7,
    0xF1, 0xE1, 0xFC, 0x7F, 0xFF, 0xFF, 0x07, 0xFF, 0xFF, 0xC0, 0x7F, 0xFF,
    0xE0, 0x01, 0xFF, 0xE0, 0x00, 0x03, 0xC0, 0x00, 0x00, 0x78, 0x00, 0x00,
    0x0F, 0x00, 0x00, 0x01, 0xE0, 0x00, 0x00, 0x3C, 0x00, 0x00, 0x07, 0x80,
    0x00, 0x00, 0xF0, 0x00, 0x00, 0x1E, 0x00, 0x00, 0x06, 0x00, 0x00, 0x60,
    0x0F, 0x80, 0x01, 0xF0, 0x1F, 0x00, 0x00, 0xF8, 0x3E, 0x00, 0x00, 0x78,
    0x3C, 0x00, 0x00, 0x7C, 0x3C, 0x00, 0x00, 0x3C, 0x78, 0x00, 0x00, 0x1E,
    0x78, 0x03, 0xC0, 0x1E, 0x78, 0x03, 0xC0, 0x1E, 0xF0, 0x03, 0xC0, 0x0F,
    0xF0, 0x03, 0xC0, 0x0F, 0xF0, 0x03, 0xC0, 0x0F, 0xF0, 0x03, 0xC0, 0x0F,
    0xF0, 0x03, 0xC0, 0x0F, 0xF0, 0x03, 0xC0, 0x0F, 0xF0, 0x03, 0xC0, 0x0F,
    0xF0, 0x03, 0xC0, 0x0F, 0x78, 0x03, 0xC0, 0x1F, 0x78, 0x03, 0xC0, 0x1E,
    0x7C, 0x07, 0xE0, 0x3E, 0x3E, 0x0F, 0xF0, 0x7C, 0x3F, 0xFE, 0x7F, 0xFC,
    0x1F, 0xFE, 0x7F, 0xF8, 0x0F, 0xFC, 0x3F, 0xF0, 0x03, 0xF0, 0x0F, 0xC0,
    0xF0, 0xF1, 0xE1, 0xE3, 0xC3, 0xC7, 0x87, 0x8F, 0x0F, 0x00, 0x00, 0x00,
    0x00, 0x00, 0x00, 0x07, 0x80, 0x0F, 0x00, 0x1E, 0x00, 0x3C, 0x00, 0x78,
    0x00, 0xF0, 0x01, 0xE0, 0x03, 0xC0, 0x07, 0x80, 0x0F, 0x00, 0x1E, 0x00,
    0x3C, 0x00, 0x78, 0x00, 0xF0, 0x01, 0xE0, 0x03, 0xC0, 0x07, 0x80, 0x0F,
    0x00, 0x1E, 0x00, 0x3C, 0x00, 0x7C, 0x40, 0xFF, 0x80, 0xFF, 0x00, 0xFF,
    0x00, 0xFC, 0x1E, 0x1E, 0x01, 0xE1, 0xE0, 0x1E, 0x1E, 0x01, 0xE1, 0xE0,
    0x1E, 0x1E, 0x00, 0x00, 0x00, 0x00, 0x00, 0x00, 0x00, 0x00, 0xF0, 0x00,
    0xFF, 0x00, 0x0F, 0xF0, 0x00, 0xFF, 0x00, 0x0F, 0xF0, 0x00, 0xFF, 0x00,
    0x0F, 0xF0, 0x00, 0xFF, 0x00, 0x0F, 0xF0, 0x00, 0xFF, 0x00, 0x0F, 0xF0,
    0x00, 0xFF, 0x00, 0x0F, 0xF0, 0x00, 0xFF, 0x00, 0x0F, 0xF0, 0x00, 0xFF,
    0x00, 0x0F, 0xF0, 0x00, 0xFF, 0x00, 0x0F, 0xF0, 0x00, 0xFF, 0x80, 0x1F,
    0xF8, 0x01, 0xE7, 0xE0, 0x7E, 0x7F, 0xFF, 0xE3, 0xFF, 0xFC, 0x1F, 0xFF,
    0x80, 0x7F, 0xC0, 0x00, 0x01, 0xF0, 0x00, 0x07, 0xC0, 0x00, 0x0F, 0x00,
    0x00, 0x3C, 0x00, 0x00, 0xF0, 0x00, 0x01, 0xC0, 0x00, 0x07, 0x00, 0x00,
    0x00, 0x00, 0x00, 0x00, 0x00, 0x00, 0x00, 0x00, 0x03, 0xF8, 0x00, 0x3F,
    0xFE, 0x00, 0xFF, 0xFE, 0x03, 0xFF, 0xFE, 0x0F, 0xE0, 0xFE, 0x3F, 0x00,
    0x7E, 0x7C, 0x00, 0x7C, 0xF0, 0x00, 0x7B, 0xE0, 0x00, 0xFF, 0x80, 0x00,
    0xFF, 0x00, 0x01, 0xFE, 0x00, 0x03, 0xFC, 0x00, 0x07, 0xF8, 0x00, 0x0F,
    0xF0, 0x00, 0x1F, 0xE0, 0x00, 0x3F, 0xE0, 0x00, 0xFB, 0xC0, 0x01, 0xE7,
    0xC0, 0x07, 0xCF, 0xC0, 0x1F, 0x0F, 0xE0, 0xFE, 0x0F, 0xFF, 0xF8, 0x0F,
    0xFF, 0xE0, 0x0F, 0xFF, 0x00, 0x03, 0xF8, 0x00, 0x00, 0x0F, 0x80, 0x01,
    0xF0, 0x00, 0x3E, 0x00, 0x03, 0xC0, 0x00, 0x78, 0x00, 0x0F, 0x00, 0x00,
    0xE0, 0x00, 0x00, 0x00, 0x00, 0x00, 0x00, 0x00, 0x00, 0xF0, 0x00, 0xFF,
    0x00, 0x0F, 0xF0, 0x00, 0xFF, 0x00, 0x0F, 0xF0, 0x00, 0xFF, 0x00, 0x0F,
    0xF0, 0x00, 0xFF, 0x00, 0x0F, 0xF0, 0x00, 0xFF, 0x00, 0x0F, 0xF0, 0x00,
    0xFF, 0x00, 0x0F, 0xF0, 0x00, 0xFF, 0x00, 0x0F, 0xF0, 0x00, 0xFF, 0x00,
    0x0F, 0xF0, 0x00, 0xFF, 0x00, 0x0F, 0xF0, 0x00, 0xFF, 0x80, 0x1F, 0xF8,
    0x01, 0xE7, 0xE0, 0x7E, 0x7F, 0xFF, 0xE3, 0xFF, 0xFC, 0x1F, 0xFF, 0x80,
    0x7F, 0xC0, 0x00, 0x00, 0x1F, 0x80, 0x00, 0x00, 0x1F, 0x00, 0x00, 0x00,
    0x3E, 0x00, 0x00, 0x00, 0x7C, 0x00, 0x00, 0x00, 0x78, 0x00, 0x00, 0x00,
    0xE0, 0x00, 0x00, 0x01, 0xC0, 0x00, 0x00, 0x00, 0x00, 0x00, 0x00, 0x00,
    0x00, 0x00, 0x00, 0x00, 0x00, 0x00, 0x06, 0x00, 0x00, 0x60, 0x0F, 0x80,
    0x01, 0xF0, 0x1F, 0x00, 0x00, 0xF8, 0x3E, 0x00, 0x00, 0x78, 0x3C, 0x00,
    0x00, 0x7C, 0x3C, 0x00, 0x00, 0x3C, 0x78, 0x00, 0x00, 0x1E, 0x78, 0x03,
    0xC0, 0x1E, 0x78, 0x03, 0xC0, 0x1E, 0xF0, 0x03, 0xC0, 0x0F, 0xF0, 0x03,
    0xC0, 0x0F, 0xF0, 0x03, 0xC0, 0x0F, 0xF0, 0x03, 0xC0, 0x0F, 0xF0, 0x03,
    0xC0, 0x0F, 0xF0, 0x03, 0xC0, 0x0F, 0xF0, 0x03, 0xC0, 0x0F, 0xF0, 0x03,
    0xC0, 0x0F, 0x78, 0x03, 0xC0, 0x1F, 0x78, 0x03, 0xC0, 0x1E, 0x7C, 0x07,
    0xE0, 0x3E, 0x3E, 0x0F, 0xF0, 0x7C, 0x3F, 0xFE, 0x7F, 0xFC, 0x1F, 0xFE,
    0x7F, 0xF8, 0x0F, 0xFC, 0x3F, 0xF0, 0x03, 0xF0, 0x0F, 0xC0,
};

const GFXglyph kGreekGlyphs[] PROGMEM = {
    {      0,  31,  35,  31,    0,  -34 },  // U+0386
    {    136,   4,   5,  13,    4,  -24 },  // U+0387
    {    139,  35,  35,  37,    0,  -34 },  // U+0388
    {    293,  37,  35,  41,    0,  -34 },  // U+0389
    {    455,  15,  35,  19,    0,  -34 },  // U+038A
    {    521,   0,   0,   0,    0,    0 },  // U+038B (absent)
    {    521,  39,  36,  41,    0,  -34 },  // U+038C
    {    697,   0,   0,   0,    0,    0 },  // U+038D (absent)
    {    697,  41,  35,  42,    0,  -34 },  // U+038E
    {    877,  35,  35,  38,    0,  -34 },  // U+038F
    {   1031,  16,  36,  13,   -1,  -35 },  // U+0390
    {   1103,  30,  34,  31,    1,  -33 },  // U+0391
    {   1231,  25,  34,  31,    4,  -33 },  // U+0392
    {   1338,  22,  34,  28,    4,  -33 },  // U+0393
    {   1432,  31,  34,  33,    1,  -33 },  // U+0394
    {   1564,  24,  34,  30,    4,  -33 },  // U+0395
    {   1666,  27,  34,  29,    1,  -33 },  // U+0396
    {   1781,  26,  34,  34,    4,  -33 },  // U+0397
    {   1892,  33,  36,  37,    2,  -34 },  // U+0398
    {   2041,   4,  34,  13,    5,  -33 },  // U+0399
    {   2058,  27,  34,  32,    4,  -33 },  // U+039A
    {   2173,  30,  34,  31,    1,  -33 },  // U+039B
    {   2301,  32,  34,  40,    4,  -33 },  // U+039C
    {   2437,  26,  34,  34,    4,  -33 },  // U+039D
    {   2548,  26,  34,  29,    2,  -33 },  // U+039E
    {   2659,  33,  36,  37,    2,  -34 },  // U+039F
    {   2808,  26,  34,  34,    4,  -33 },  // U+03A0
    {   2919,  24,  34,  31,    4,  -33 },  // U+03A1
    {   3021,   0,   0,   0,    0,    0 },  // U+03A2 (absent)
    {   3021,  26,  34,  30,    2,  -33 },  // U+03A3
    {   3132,  26,  34,  30,    2,  -33 },  // U+03A4
    {   3243,  30,  34,  32,    1,  -33 },  // U+03A5
    {   3371,  31,  34,  35,    2,  -33 },  // U+03A6
    {   3503,  29,  34,  31,    1,  -33 },  // U+03A7
    {   3627,  30,  34,  36,    3,  -33 },  // U+03A8
    {   3755,  31,  34,  36,    2,  -33 },  // U+03A9
    {   3887,  13,  43,  13,   -1,  -42 },  // U+03AA
    {   3957,  30,  43,  32,    1,  -42 },  // U+03AB
    {   4119,  25,  36,  27,    1,  -34 },  // U+03AC
    {   4232,  20,  35,  23,    1,  -34 },  // U+03AD
    {   4320,  22,  44,  26,    1,  -34 },  // U+03AE
    {   4441,  11,  35,  14,    3,  -34 },  // U+03AF
    {   4490,  20,  37,  26,    3,  -35 },  // U+03B0
    {   4583,  25,  26,  27,    1,  -24 },  // U+03B1
    {   4665,  21,  43,  26,    3,  -33 },  // U+03B2
    {   4778,  24,  35,  24,    0,  -25 },  // U+03B3
    {   4883,  23,  35,  26,    1,  -33 },  // U+03B4
    {   4984,  20,  25,  23,    1,  -24 },  // U+03B5
    {   5047,  20,  43,  21,    1,  -33 },  // U+03B6
    {   5155,  22,  34,  26,    1,  -24 },  // U+03B7
    {   5249,  21,  35,  24,    1,  -33 },  // U+03B8
    {   5341,  10,  25,  13,    3,  -24 },  // U+03B9
    {   5373,  20,  25,  23,    3,  -24 },  // U+03BA
    {   5436,  25,  35,  26,    0,  -33 },  // U+03BB
    {   5546,  20,  33,  25,    3,  -23 },  // U+03BC
    {   5629,  23,  25,  23,    0,  -24 },  // U+03BD
    {   5701,  20,  43,  23,    1,  -33 },  // U+03BE
    {   5809,  23,  25,  26,    1,  -24 },  // U+03BF
    {   5881,  27,  25,  28,    1,  -24 },  // U+03C0
    {   5966,  22,  33,  27,    3,  -24 },  // U+03C1
    {   6057,  22,  34,  25,    1,  -25 },  // U+03C2
    {   6151,  26,  26,  28,    1,  -24 },  // U+03C3
    {   6236,  20,  26,  23,    2,  -24 },  // U+03C4
    {   6301,  20,  26,  26,    3,  -24 },  // U+03C5
    {   6366,  31,  33,  33,    1,  -24 },  // U+03C6
    {   6494,  27,  36,  27,    0,  -25 },  // U+03C7
    {   6616,  27,  33,  33,    3,  -24 },  // U+03C8
    {   6728,  32,  25,  34,    1,  -24 },  // U+03C9
    {   6828,  15,  33,  13,   -2,  -32 },  // U+03CA
    {   6890,  20,  34,  26,    3,  -32 },  // U+03CB
    {   6975,  23,  35,  26,    1,  -34 },  // U+03CC
    {   7076,  20,  36,  26,    3,  -34 },  // U+03CD
    {   7166,  32,  35,  34,    1,  -34 },  // U+03CE
};

const GFXfont kGreek PROGMEM = {
    (uint8_t*)kGreekBitmaps, (GFXglyph*)kGreekGlyphs,
    0x0386, 0x03CE, 56
};

// U+0401..U+0451
const uint8_t kCyrillicBitmaps[] PROGMEM = {
    0x07, 0x83, 0xC0, 0x07, 0x83, 0xC0, 0x07, 0x83, 0xC0, 0x07, 0x83, 0xC0,
    0x07, 0x83, 0xC0, 0x00, 0x00, 0x00, 0x00, 0x00, 0x00, 0x00, 0x00, 0x00,
    0x00, 0x00, 0x00, 0xFF, 0xFF, 0xFE, 0xFF, 0xFF, 0xFE, 0xFF, 0xFF, 0xFE,
    0xFF, 0xFF, 0xFE, 0xF0, 0x00, 0x00, 0xF0, 0x00, 0x00, 0xF0, 0x00, 0x00,
    0xF0, 0x00, 0x00, 0xF0, 0x00, 0x00, 0xF0, 0x00, 0x00, 0xF0, 0x00, 0x00,
    0xF0, 0x00, 0x00, 0xF0, 0x00, 0x00, 0xF0, 0x00, 0x00, 0xF0, 0x00, 0x00,
    0xFF, 0xFF, 0xFE, 0xFF, 0xFF, 0xFE, 0xFF, 0xFF, 0xFE, 0xFF, 0xFF, 0xFE,
    0xF0, 0x00, 0x00, 0xF0, 0x00, 0x00, 0xF0, 0x00, 0x00, 0xF0, 0x00, 0x00,
    0xF0, 0x00, 0x00, 0xF0, 0x00, 0x00, 0xF0, 0x00, 0x00, 0xF0, 0x00, 0x00,
    0xF0, 0x00, 0x00, 0xF0, 0x00, 0x00, 0xF0, 0x00, 0x00, 0xFF, 0xFF, 0xFF,
    0xFF, 0xFF, 0xFF, 0xFF, 0xFF, 0xFF, 0xFF, 0xFF, 0xFF, 0x00, 0x0F, 0xC0,
    0x00, 0x00, 0x7F, 0x00, 0x00, 0x01, 0xFC, 0x00, 0x00, 0x07, 0xF8, 0x00,
    0x00, 0x3F, 0xE0, 0x00, 0x00, 0xF7, 0xC0, 0x00, 0x03, 0xDF, 0x00, 0x00,
    0x1F, 0x3C, 0x00, 0x00, 0x78, 0xF8, 0x00, 0x01, 0xE3, 0xE0, 0x00, 0x0F,
    0x87, 0x80, 0x00, 0x3C, 0x1F, 0x00, 0x01, 0xF0, 0x7C, 0x00, 0x07, 0x80,
    0xF0, 0x00, 0x1E, 0x03, 0xE0, 0x00, 0xF8, 0x0F, 0x80, 0x03, 0xC0, 0x1E,
    0x00, 0x0F, 0x00, 0x7C, 0x00, 0x7C, 0x01, 0xF0, 0x01, 0xE0, 0x03, 0xC0,
    0x07, 0xFF, 0xFF, 0x80, 0x3F, 0xFF, 0xFE, 0x00, 0xFF, 0xFF, 0xFC, 0x07,
    0xFF, 0xFF, 0xF0, 0x1F, 0x00, 0x07, 0xC0, 0x78, 0x00, 0x0F, 0x83, 0xE0,
    0x00, 0x3E, 0x0F, 0x80, 0x00, 0xF8, 0x3C, 0x00, 0x01, 0xF1, 0xF0, 0x00,
    0x07, 0xC7, 0xC0, 0x00, 0x1F, 0x1E, 0x00, 0x00, 0x3E, 0xF8, 0x00, 0x00,
    0xFB, 0xE0, 0x00, 0x01, 0xE0, 0xFF, 0xFF, 0xFC, 0x7F, 0xFF, 0xFE, 0x3F,
    0xFF, 0xFF, 0x1F, 0xFF, 0xFF, 0x8F, 0x00, 0x00, 0x07, 0x80, 0x00, 0x03,
    0xC0, 0x00, 0x01, 0xE0, 0x00, 0x00, 0xF0, 0x00, 0x00, 0x78, 0x00, 0x00,
    0x3C, 0x00, 0x00, 0x1E, 0x00, 0x00, 0x0F, 0x00, 0x00, 0x07, 0x80, 0x00,
    0x03, 0xFF, 0xFE, 0x01, 0xFF, 0xFF, 0xE0, 0xFF, 0xFF, 0xFC, 0x7F, 0xFF,
    0xFF, 0x3C, 0x00, 0x0F, 0xDE, 0x00, 0x03, 0xEF, 0x00, 0x00, 0xFF, 0x80,
    0x00, 0x3F, 0xC0, 0x00, 0x1F, 0xE0, 0x00, 0x0F, 0xF0, 0x00, 0x07, 0xF8,
    0x00, 0x03, 0xFC, 0x00, 0x01, 0xFE, 0x00, 0x01, 0xEF, 0x00, 0x01, 0xF7,
    0x80, 0x01, 0xFB, 0xFF, 0xFF, 0xF9, 0xFF, 0xFF, 0xF8, 0xFF, 0xFF, 0xF8,
    0x7F, 0xFF, 0xF0, 0x00, 0xFF, 0xFF, 0x80, 0x7F, 0xFF, 0xF0, 0x3F, 0xFF,
    0xFE, 0x1F, 0xFF, 0xFF, 0x0F, 0x00, 0x0F, 0xC7, 0x80, 0x01, 0xE3, 0xC0,
    0x00, 0xF9, 0xE0, 0x00, 0x3C, 0xF0, 0x00, 0x1E, 0x78, 0x00, 0x0F, 0x3C,
    0x00, 0x07, 0x9E, 0x00, 0x07, 0x8F, 0x00, 0x03, 0xC7, 0x80, 0x07, 0xC3,
    0xFF, 0xFF, 0xC1, 0xFF, 0xFF, 0xC0, 0xFF, 0xFF, 0xF8, 0x7F, 0xFF, 0xFE,
    0x3C, 0x00, 0x0F, 0x9E, 0x00, 0x03, 0xEF, 0x00, 0x00, 0xF7, 0x80, 0x00,
    0x3F, 0xC0, 0x00, 0x1F, 0xE0, 0x00, 0x0F, 0xF0, 0x00, 0x07, 0xF8, 0x00,
    0x03, 0xFC, 0x00, 0x01, 0xFE, 0x00, 0x01, 0xFF, 0x00, 0x01, 0xF7, 0x80,
    0x01, 0xFB, 0xFF, 0xFF, 0xF9, 0xFF, 0xFF, 0xF8, 0xFF, 0xFF, 0xF8, 0x7F,
    0xFF, 0xF0, 0x00, 0xFF, 0xFF, 0xFF, 0xFF, 0xFF, 0xFF, 0xFF, 0xFF, 0xFF,
    0xFF, 0xFF, 0xF0, 0x00, 0x03, 0xC0, 0x00, 0x0F, 0x00, 0x00, 0x3C, 0x00,
    0x00, 0xF0, 0x00, 0x03, 0xC0, 0x00, 0x0F, 0x00, 0x00, 0x3C, 0x00, 0x00,
    0xF0, 0x00, 0x03, 0xC0, 0x00, 0x0F, 0x00, 0x00, 0x3C, 0x00, 0x00, 0xF0,
    0x00, 0x03, 0xC0, 0x00, 0x0F, 0x00, 0x00, 0x3C, 0x00, 0x00, 0xF0, 0x00,
    0x03, 0xC0, 0x00, 0x0F, 0x00, 0x00, 0x3C, 0x00, 0x00, 0xF0, 0x00, 0x03,
    0xC0, 0x00, 0x0F, 0x00, 0x00, 0x3C, 0x00, 0x00, 0xF0, 0x00, 0x03, 0xC0,
    0x00, 0x0F, 0x00, 0x00, 0x3C, 0x00, 0x00, 0xF0, 0x00, 0x03, 0xC0, 0x00,
    0x00, 0x00, 0x7F, 0xFF, 0xFC, 0x00, 0x0F, 0xFF, 0xFF, 0x80, 0x01, 0xFF,
    0xFF, 0xF0, 0x00, 0x3F, 0xFF, 0xFE, 0x00, 0x07, 0x80, 0x03, 0xC0, 0x00,
    0xF0, 0x00, 0x78, 0x00, 0x1E, 0x00, 0x0F, 0x00, 0x03, 0xC0, 0x01, 0xE0,
    0x00, 0x78, 0x00, 0x3C, 0x00, 0x0F, 0x00, 0x07, 0x80, 0x01, 0xE0, 0x00,
    0xF0, 0x00, 0x3C, 0x00, 0x1E, 0x00, 0x07, 0x80, 0x03, 0xC0, 0x00, 0xF0,
    0x00, 0x78, 0x00, 0x1E, 0x00, 0x0F, 0x00, 0x03, 0xC0, 0x01, 0xE0, 0x00,
    0x78, 0x00, 0x3C, 0x00, 0x0F, 0x00, 0x07, 0x80, 0x01, 0xE0, 0x00, 0xF0,
    0x00, 0x3C, 0x00, 0x1E, 0x00, 0x0F, 0x80, 0x03, 0xC0, 0x01, 0xE0, 0x00,
    0x78, 0x00, 0x3C, 0x00, 0x0F, 0x00, 0x07, 0x80, 0x01, 0xE0, 0x00, 0xF0,
    0x00, 0x3C, 0x00, 0x1E, 0x00, 0x07, 0x80, 0x07, 0xC0, 0x00, 0xF0, 0x00,
    0xF0, 0x00, 0x1E, 0x00, 0x3E, 0x00, 0x03, 0xC0, 0x0F, 0x80, 0x00, 0x78,
    0x3F, 0xFF, 0xFF, 0xFF, 0xFF, 0xFF, 0xFF, 0xFF, 0xFF, 0xFF, 0xFF, 0xFF,
    0xFF, 0xFF, 0xFF, 0xFF, 0xFF, 0xFF, 0xC0, 0x00, 0x00, 0x07, 0xF8, 0x00,
    0x00, 0x00, 0xFF, 0x00, 0x00, 0x00, 0x1F, 0xE0, 0x00, 0x00, 0x03, 0xFC,
    0x00, 0x00, 0x00, 0x7F, 0x80, 0x00, 0x00, 0x0F, 0xFF, 0xFF, 0xFE, 0xFF,
    0xFF, 0xFE, 0xFF, 0xFF, 0xFE, 0xFF, 0xFF, 0xFE, 0xF0, 0x00, 0x00, 0xF0,
    0x00, 0x00, 0xF0, 0x00, 0x00, 0xF0, 0x00, 0x00, 0xF0, 0x00, 0x00, 0xF0,
    0x00, 0x00, 0xF0, 0x00, 0x00, 0xF0, 0x00, 0x00, 0xF0, 0x00, 0x00, 0xF0,
    0x00, 0x00, 0xF0, 0x00, 0x00, 0xFF, 0xFF, 0xFE, 0xFF, 0xFF, 0xFE, 0xFF,
    0xFF, 0xFE, 0xFF, 0xFF, 0xFE, 0xF0, 0x00, 0x00, 0xF0, 0x00, 0x00, 0xF0,
    0x00, 0x00, 0xF0, 0x00, 0x00, 0xF0, 0x00, 0x00, 0xF0, 0x00, 0x00, 0xF0,
    0x00, 0x00, 0xF0, 0x00, 0x00, 0xF0, 0x00, 0x00, 0xF0, 0x00, 0x00, 0xF0,
    0x00, 0x00, 0xFF, 0xFF, 0xFF, 0xFF, 0xFF, 0xFF, 0xFF, 0xFF, 0xFF, 0xFF,
    0xFF, 0xFF, 0x1F, 0x00, 0x1E, 0x00, 0x3E, 0x03, 0xE0, 0x07, 0x80, 0x1F,
    0x00, 0xFC, 0x01, 0xE0, 0x0F, 0xC0, 0x1F, 0x80, 0x78, 0x07, 0xE0, 0x03,
    0xE0, 0x1E, 0x01, 0xF0, 0x00, 0x7C, 0x07, 0x80, 0xF8, 0x00, 0x0F, 0x81,
    0xE0, 0x7C, 0x00, 0x03, 0xF0, 0x78, 0x3F, 0x00, 0x00, 0x7C, 0x1E, 0x0F,
    0x80, 0x00, 0x0F, 0x87, 0x87, 0xC0, 0x00, 0x01, 0xF1, 0xE3, 0xE0, 0x00,
    0x00, 0x3E, 0x79, 0xF0, 0x00, 0x00, 0x0F, 0xDE, 0xFC, 0x00, 0x00, 0x01,
    0xF7, 0xBE, 0x00, 0x00, 0x00, 0x3F, 0xFF, 0x00, 0x00, 0x00, 0x07, 0xFF,
    0x80, 0x00, 0x00, 0x00, 0xFF, 0xC0, 0x00, 0x00, 0x00, 0x7F, 0xF8, 0x00,
    0x00, 0x00, 0x3F, 0xFF, 0x00, 0x00, 0x00, 0x1F, 0x7B, 0xE0, 0x00, 0x00,
    0x0F, 0xDE, 0xFC, 0x00, 0x00, 0x07, 0xE7, 0x9F, 0x80, 0x00, 0x03, 0xF1,
    0xE3, 0xF0, 0x00, 0x00, 0xF8, 0x78, 0x7C, 0x00, 0x00, 0x7C, 0x1E, 0x0F,
    0x80, 0x00, 0x3E, 0x07, 0x81, 0xF0, 0x00, 0x1F, 0x01, 0xE0, 0x3E, 0x00,
    0x0F, 0x80, 0x78, 0x0F, 0xC0, 0x07, 0xC0, 0x1E, 0x01, 0xF8, 0x03, 0xF0,
    0x07, 0x80, 0x3F, 0x01, 0xF8, 0x01, 0xE0, 0x07, 0xE0, 0x7C, 0x00, 0x78,
    0x00, 0xF8, 0x3E, 0x00, 0x1E, 0x00, 0x1F, 0x1F, 0x00, 0x07, 0x80, 0x03,
    0xE0, 0x00, 0x7F, 0x80, 0x00, 0xFF, 0xFC, 0x00, 0xFF, 0xFF, 0xC0, 0x7F,
    0xFF, 0xF8, 0x1F, 0xC0, 0x7E, 0x0F, 0x80, 0x07, 0xC3, 0xC0, 0x00, 0xF1,
    0xF0, 0x00, 0x1E, 0x78, 0x00, 0x07, 0x9E, 0x00, 0x01, 0xE0, 0x00, 0x00,
    0x78, 0x00, 0x00, 0x1E, 0x00, 0x00, 0x0F, 0x80, 0x00, 0x07, 0xC0, 0x00,
    0x03, 0xF0, 0x00, 0x03, 0xF8, 0x00, 0x3F, 0xFC, 0x00, 0x0F, 0xFE, 0x00,
    0x03, 0xFF, 0xC0, 0x00, 0xFF, 0xFC, 0x00, 0x00, 0x7F, 0x80, 0x00, 0x07,
    0xE0, 0x00, 0x00, 0xFC, 0x00, 0x00, 0x1F, 0x00, 0x00, 0x03, 0xFC, 0x00,
    0x00, 0xFF, 0x00, 0x00, 0x3F, 0xC0, 0x00, 0x0F, 0xF8, 0x00, 0x07, 0xDF,
    0x00, 0x01, 0xE7, 0xE0, 0x00, 0xF8, 0xFE, 0x01, 0xFC, 0x1F, 0xFF, 0xFE,
    0x03, 0xFF, 0xFF, 0x00, 0x3F, 0xFF, 0x80, 0x03, 0xFF, 0x00, 0xF0, 0x00,
    0x07, 0xFC, 0x00, 0x03, 0xFF, 0x00, 0x00, 0xFF, 0xC0, 0x00, 0x7F, 0xF0,
    0x00, 0x1F, 0xFC, 0x00, 0x0F, 0xFF, 0x00, 0x07, 0xFF, 0xC0, 0x01, 0xEF,
    0xF0, 0x00, 0xFB, 0xFC, 0x00, 0x3C, 0xFF, 0x00, 0x1E, 0x3F, 0xC0, 0x0F,
    0x8F, 0xF0, 0x03, 0xC3, 0xFC, 0x01, 0xE0, 0xFF, 0x00, 0xF8, 0x3F, 0xC0,
    0x3C, 0x0F, 0xF0, 0x1F, 0x03, 0xFC, 0x07, 0x80, 0xFF, 0x03, 0xC0, 0x3F,
    0xC1, 0xF0, 0x0F, 0xF0, 0x78, 0x03, 0xFC, 0x3E, 0x00, 0xFF, 0x1F, 0x00,
    0x3F, 0xC7, 0x80, 0x0F, 0xF3, 0xE0, 0x03, 0xFC, 0xF0, 0x00, 0xFF, 0x78,
    0x00, 0x3F, 0xFE, 0x00, 0x0F, 0xFF, 0x00, 0x03, 0xFF, 0xC0, 0x00, 0xFF,
    0xE0, 0x00, 0x3F, 0xF0, 0x00, 0x0F, 0xFC, 0x00, 0x03, 0xFE, 0x00, 0x00,
    0xF0, 0x03, 0x80, 0x70, 0x00, 0xF0, 0x1C, 0x00, 0x1E, 0x0F, 0x00, 0x07,
    0xFF, 0x80, 0x00, 0xFF, 0xC0, 0x00, 0x0F, 0xE0, 0x00, 0x00, 0x00, 0x00,
    0x00, 0x00, 0x00, 0xF0, 0x00, 0x07, 0xFC, 0x00, 0x03, 0xFF, 0x00, 0x00,
    0xFF, 0xC0, 0x00, 0x7F, 0xF0, 0x00, 0x1F, 0xFC, 0x00, 0x0F, 0xFF, 0x00,
    0x07, 0xFF, 0xC0, 0x01, 0xEF, 0xF0, 0x00, 0xFB, 0xFC, 0x00, 0x3C, 0xFF,
    0x00, 0x1E, 0x3F, 0xC0, 0x0F, 0x8F, 0xF0, 0x03, 0xC3, 0xFC, 0x01, 0xE0,
    0xFF, 0x00, 0xF8, 0x3F, 0xC0, 0x3C, 0x0F, 0xF0, 0x1F, 0x03, 0xFC, 0x07,
    0x80, 0xFF, 0x03, 0xC0, 0x3F, 0xC1, 0xF0, 0x0F, 0xF0, 0x78, 0x03, 0xFC,
    0x3E, 0x00, 0xFF, 0x1F, 0x00, 0x3F, 0xC7, 0x80, 0x0F, 0xF3, 0xE0, 0x03,
    0xFC, 0xF0, 0x00, 0xFF, 0x78, 0x00, 0x3F, 0xFE, 0x00, 0x0F, 0xFF, 0x00,
    0x03, 0xFF, 0xC0, 0x00, 0xFF, 0xE0, 0x00, 0x3F, 0xF0, 0x00, 0x0F, 0xFC,
    0x00, 0x03, 0xFE, 0x00, 0x00, 0xF0, 0xF0, 0x00, 0x3E, 0x78, 0x00, 0x3E,
    0x3C, 0x00, 0x3E, 0x1E, 0x00, 0x3E, 0x0F, 0x00, 0x3E, 0x07, 0x80, 0x3E,
    0x03, 0xC0, 0x3E, 0x01, 0xE0, 0x3E, 0x00, 0xF0, 0x3E, 0x00, 0x78, 0x3E,
    0x00, 0x3C, 0x3E, 0x00, 0x1E, 0x3E, 0x00, 0x0F, 0x3E, 0x00, 0x07, 0xBE,
    0x00, 0x03, 0xFE, 0x00, 0x01, 0xFE, 0x00, 0x00, 0xFF, 0x00, 0x00, 0x7F,
    0xC0, 0x00, 0x3F, 0xF0, 0x00, 0x1E, 0xFC, 0x00, 0x0F, 0x3F, 0x00, 0x07,
    0x8F, 0xC0, 0x03, 0xC3, 0xF0, 0x01, 0xE0, 0xFC, 0x00, 0xF0, 0x3F, 0x00,
    0x78, 0x0F, 0xC0, 0x3C, 0x03, 0xF0, 0x1E, 0x00, 0xFC, 0x0F, 0x00, 0x3F,
    0x07, 0x80, 0x0F, 0xC3, 0xC0, 0x03, 0xF1, 0xE0, 0x00, 0xFC, 0xF0, 0x00,
    0x3F, 0x78, 0x00, 0x0F, 0xC0, 0x07, 0xFF, 0xFF, 0x83, 0xFF, 0xFF, 0xC1,
    0xFF, 0xFF, 0xE0, 0xFF, 0xFF, 0xF0, 0x78, 0x00, 0x78, 0x3C, 0x00, 0x3C,
    0x1E, 0x00, 0x1E, 0x0F, 0x00, 0x0F, 0x07, 0x80, 0x07, 0x83, 0xC0, 0x03,
    0xC1, 0xE0, 0x01, 0xE0, 0xF0, 0x00, 0xF0, 0x78, 0x00, 0x78, 0x3C, 0x00,
    0x3C, 0x1E, 0x00, 0x1E, 0x0F, 0x00, 0x0F, 0x07, 0x80, 0x07, 0x83, 0xC0,
    0x03, 0xC1, 0xE0, 0x01, 0xE0, 0xF0, 0x00, 0xF0, 0x78, 0x00, 0x78, 0x78,
    0x00, 0x3C, 0x3C, 0x00, 0x1E, 0x1E, 0x00, 0x0F, 0x0F, 0x00, 0x07, 0x87,
    0x80, 0x03, 0xC7, 0x80, 0x01, 0xE3, 0xC0, 0x00, 0xF3, 0xE0, 0x00, 0x7B,
    0xE0, 0x00, 0x3F, 0xF0, 0x00, 0x1F, 0xF0, 0x00, 0x0F, 0xF0, 0x00, 0x07,
    0xF0, 0x00, 0x03, 0xC0, 0xFC, 0x00, 0x00, 0x3F, 0xFC, 0x00, 0x00, 0x3F,
    0xFE, 0x00, 0x00, 0x7F, 0xFE, 0x00, 0x00, 0x7F, 0xFE, 0x00, 0x00, 0x7F,
    0xFF, 0x00, 0x00, 0xFF, 0xFF, 0x00, 0x00, 0xFF, 0xF7, 0x80, 0x00, 0xEF,
    0xF7, 0x80, 0x01, 0xEF, 0xF7, 0x80, 0x01, 0xEF, 0xF3, 0xC0, 0x01, 0xCF,
    0xF3, 0xC0, 0x03, 0xCF, 0xF3, 0xC0, 0x03, 0xCF, 0xF1, 0xE0, 0x03, 0x8F,
    0xF1, 0xE0, 0x07, 0x8F, 0xF1, 0xE0, 0x07, 0x8F, 0xF0, 0xF0, 0x0F, 0x0F,
    0xF0, 0xF0, 0x0F, 0x0F, 0xF0, 0xF0, 0x0F, 0x0F, 0xF0, 0x78, 0x1E, 0x0F,
    0xF0, 0x78, 0x1E, 0x0F, 0xF0, 0x78, 0x1E, 0x0F, 0xF0, 0x3C, 0x3C, 0x0F,
    0xF0, 0x3C, 0x3C, 0x0F, 0xF0, 0x3C, 0x3C, 0x0F, 0xF0, 0x1E, 0x78, 0x0F,
    0xF0, 0x1E, 0x78, 0x0F, 0xF0, 0x0E, 0x78, 0x0F, 0xF0, 0x0F, 0xF0, 0x0F,
    0xF0, 0x0F, 0xF0, 0x0F, 0xF0, 0x07, 0xF0, 0x0F, 0xF0, 0x07, 0xE0, 0x0F,
    0xF0, 0x07, 0xE0, 0x0F, 0xF0, 0x03, 0xE0, 0x0F, 0xF0, 0x00, 0x03, 0xFC,
    0x00, 0x00, 0xFF, 0x00, 0x00, 0x3F, 0xC0, 0x00, 0x0F, 0xF0, 0x00, 0x03,
    0xFC, 0x00, 0x00, 0xFF, 0x00, 0x00, 0x3F, 0xC0, 0x00, 0x0F, 0xF0, 0x00,
    0x03, 0xFC, 0x00, 0x00, 0xFF, 0x00, 0x00, 0x3F, 0xC0, 0x00, 0x0F, 0xF0,
    0x00, 0x03, 0xFC, 0x00, 0x00, 0xFF, 0x00, 0x00, 0x3F, 0xFF, 0xFF, 0xFF,
    0xFF, 0xFF, 0xFF, 0xFF, 0xFF, 0xFF, 0xFF, 0xFF, 0xFF, 0xFF, 0xC0, 0x00,
    0x0F, 0xF0, 0x00, 0x03, 0xFC, 0x00, 0x00, 0xFF, 0x00, 0x00, 0x3F, 0xC0,
    0x00, 0x0F, 0xF0, 0x00, 0x03, 0xFC, 0x00, 0x00, 0xFF, 0x00, 0x00, 0x3F,
    0xC0, 0x00, 0x0F, 0xF0, 0x00, 0x03, 0xFC, 0x00, 0x00, 0xFF, 0x00, 0x00,
    0x3F, 0xC0, 0x00, 0x0F, 0xF0, 0x00, 0x03, 0xFC, 0x00, 0x00, 0xF0, 0x00,
    0x0F, 0xF8, 0x00, 0x00, 0x3F, 0xFF, 0x80, 0x00, 0x7F, 0xFF, 0xF0, 0x00,
    0x7F, 0xFF, 0xFC, 0x00, 0x7F, 0x80, 0xFF, 0x00, 0x7E, 0x00, 0x0F, 0xC0,
    0x7E, 0x00, 0x03, 0xF0, 0x3E, 0x00, 0x00, 0xF8, 0x3E, 0x00, 0x00, 0x3E,
    0x1E, 0x00, 0x00, 0x0F, 0x1F, 0x00, 0x00, 0x07, 0xCF, 0x00, 0x00, 0x01,
    0xE7, 0x80, 0x00, 0x00, 0xF7, 0xC0, 0x00, 0x00, 0x7F, 0xC0, 0x00, 0x00,
    0x1F, 0xE0, 0x00, 0x00, 0x0F, 0xF0, 0x00, 0x00, 0x07, 0xF8, 0x00, 0x00,
    0x03, 0xFC, 0x00, 0x00, 0x01, 0xFE, 0x00, 0x00, 0x00, 0xFF, 0x00, 0x00,
    0x00, 0x7F, 0x80, 0x00, 0x00, 0x3F, 0xE0, 0x00, 0x00, 0x3E, 0xF0, 0x00,
    0x00, 0x1E, 0x78, 0x00, 0x00, 0x0F, 0x3E, 0x00, 0x00, 0x0F, 0x8F, 0x00,
    0x00, 0x07, 0x87, 0xC0, 0x00, 0x07, 0xC1, 0xF0, 0x00, 0x07, 0xC0, 0xFC,
    0x00, 0x07, 0xE0, 0x3F, 0x00, 0x07, 0xE0, 0x0F, 0xF0, 0x1F, 0xE0, 0x03,
    0xFF, 0xFF, 0xE0, 0x00, 0xFF, 0xFF, 0xE0, 0x00, 0x1F, 0xFF, 0xC0, 0x00,
    0x01, 0xFF, 0x00, 0x00, 0xFF, 0xFF, 0xFF, 0xFF, 0xFF, 0xFF, 0xFF, 0xFF,
    0xFF, 0xFF, 0xFF, 0xFF, 0xFF, 0xF0, 0x00, 0x03, 0xFC, 0x00, 0x00, 0xFF,
    0x00, 0x00, 0x3F, 0xC0, 0x00, 0x0F, 0xF0, 0x00, 0x03, 0xFC, 0x00, 0x00,
    0xFF, 0x00, 0x00, 0x3F, 0xC0, 0x00, 0x0F, 0xF0, 0x00, 0x03, 0xFC, 0x00,
    0x00, 0xFF, 0x00, 0x00, 0x3F, 0xC0, 0x00, 0x0F, 0xF0, 0x00, 0x03, 0xFC,
    0x00, 0x00, 0xFF, 0x00, 0x00, 0x3F, 0xC0, 0x00, 0x0F, 0xF0, 0x00, 0x03,
    0xFC, 0x00, 0x00, 0xFF, 0x00, 0x00, 0x3F, 0xC0, 0x00, 0x0F, 0xF0, 0x00,
    0x03, 0xFC, 0x00, 0x00, 0xFF, 0x00, 0x00, 0x3F, 0xC0, 0x00, 0x0F, 0xF0,
    0x00, 0x03, 0xFC, 0x00, 0x00, 0xFF, 0x00, 0x00, 0x3F, 0xC0, 0x00, 0x0F,
    0xF0, 0x00, 0x03, 0xFC, 0x00, 0x00, 0xF0, 0xFF, 0xFF, 0xC0, 0xFF, 0xFF,
    0xF0, 0xFF, 0xFF, 0xF8, 0xFF, 0xFF, 0xFC, 0xF0, 0x00, 0xFE, 0xF0, 0x00,
    0x3E, 0xF0, 0x00, 0x1F, 0xF0, 0x00, 0x0F, 0xF0, 0x00, 0x0F, 0xF0, 0x00,
    0x0F, 0xF0, 0x00, 0x0F, 0xF0, 0x00, 0x0F, 0xF0, 0x00, 0x0F, 0xF0, 0x00,
    0x1F, 0xF0, 0x00, 0x3E, 0xF0, 0x00, 0xFE, 0xFF, 0xFF, 0xFC, 0xFF, 0xFF,
    0xF8, 0xFF, 0xFF, 0xF0, 0xFF, 0xFF, 0xC0, 0xF0, 0x00, 0x00, 0xF0, 0x00,
    0x00, 0xF0, 0x00, 0x00, 0xF0, 0x00, 0x00, 0xF0, 0x00, 0x00, 0xF0, 0x00,
    0x00, 0xF0, 0x00, 0x00, 0xF0, 0x00, 0x00, 0xF0, 0x00, 0x00, 0xF0, 0x00,
    0x00, 0xF0, 0x00, 0x00, 0xF0, 0x00, 0x00, 0xF0, 0x00, 0x00, 0xF0, 0x00,
    0x00, 0x00, 0x1F, 0xE0, 0x00, 0x07, 0xFF, 0xE0, 0x00, 0x7F, 0xFF, 0xC0,
    0x0F, 0xFF, 0xFF, 0x00, 0xFE, 0x01, 0xF8, 0x07, 0xC0, 0x03, 0xE0, 0x7C,
    0x00, 0x0F, 0x87, 0xC0, 0x00, 0x3C, 0x3C, 0x00, 0x01, 0xE3, 0xE0, 0x00,
    0x07, 0x9E, 0x00, 0x00, 0x3C, 0xF0, 0x00, 0x00, 0x07, 0x80, 0x00, 0x00,
    0x78, 0x00, 0x00, 0x03, 0xC0, 0x00, 0x00, 0x1E, 0x00, 0x00, 0x00, 0xF0,
    0x00, 0x00, 0x07, 0x80, 0x00, 0x00, 0x3C, 0x00, 0x00, 0x01, 0xE0, 0x00,
    0x00, 0x0F, 0x00, 0x00, 0x00, 0x78, 0x00, 0x00, 0x03, 0xC0, 0x00, 0x00,
    0x0F, 0x00, 0x00, 0x0F, 0x78, 0x00, 0x00, 0x7B, 0xC0, 0x00, 0x07, 0xDF,
    0x00, 0x00, 0x3C, 0x78, 0x00, 0x01, 0xE3, 0xE0, 0x00, 0x1F, 0x0F, 0x80,
    0x01, 0xF0, 0x3E, 0x00, 0x1F, 0x81, 0xFE, 0x03, 0xF8, 0x07, 0xFF, 0xFF,
    0x80, 0x0F, 0xFF, 0xF8, 0x00, 0x3F, 0xFF, 0x00, 0x00, 0x3F, 0xE0, 0x00,
    0xFF, 0xFF, 0xFF, 0xFF, 0xFF, 0xFF, 0xFF, 0xFF, 0xFF, 0xFF, 0xFF, 0xFF,
    0xFF, 0x00, 0x1E, 0x00, 0x00, 0x07, 0x80, 0x00, 0x01, 0xE0, 0x00, 0x00,
    0x78, 0x00, 0x00, 0x1E, 0x00, 0x00, 0x07, 0x80, 0x00, 0x01, 0xE0, 0x00,
    0x00, 0x78, 0x00, 0x00, 0x1E, 0x00, 0x00, 0x07, 0x80, 0x00, 0x01, 0xE0,
    0x00, 0x00, 0x78, 0x00, 0x00, 0x1E, 0x00, 0x00, 0x07, 0x80, 0x00, 0x01,
    0xE0, 0x00, 0x00, 0x78, 0x00, 0x00, 0x1E, 0x00, 0x00, 0x07, 0x80, 0x00,
    0x01, 0xE0, 0x00, 0x00, 0x78, 0x00, 0x00, 0x1E, 0x00, 0x00, 0x07, 0x80,
    0x00, 0x01, 0xE0, 0x00, 0x00, 0x78, 0x00, 0x00, 0x1E, 0x00, 0x00, 0x07,
    0x80, 0x00, 0x01, 0xE0, 0x00, 0x00, 0x78, 0x00, 0x00, 0x1E, 0x00, 0x00,
    0x07, 0x80, 0x00, 0xF8, 0x00, 0x03, 0xEF, 0xC0, 0x00, 0x3E, 0x7C, 0x00,
    0x07, 0xC7, 0xE0, 0x00, 0x7C, 0x3E, 0x00, 0x0F, 0x83, 0xF0, 0x00, 0xF8,
    0x1F, 0x00, 0x1F, 0x01, 0xF8, 0x01, 0xF0, 0x0F, 0x80, 0x3E, 0x00, 0xFC,
    0x03, 0xE0, 0x07, 0xC0, 0x7C, 0x00, 0x7E, 0x07, 0xC0, 0x03, 0xE0, 0xF8,
    0x00, 0x3F, 0x0F, 0x80, 0x01, 0xF1, 0xF0, 0x00, 0x1F, 0x9F, 0x00, 0x00,
    0xFB, 0xE0, 0x00, 0x0F, 0xFE, 0x00, 0x00, 0x7F, 0xC0, 0x00, 0x03, 0xFC,
    0x00, 0x00, 0x3F, 0x80, 0x00, 0x01, 0xF8, 0x00, 0x00, 0x1F, 0x00, 0x00,
    0x01, 0xF0, 0x00, 0x00, 0x3E, 0x00, 0x00, 0x03, 0xE0, 0x00, 0x00, 0x7C,
    0x00, 0x00, 0x0F, 0xC0, 0x00, 0x00, 0xF8, 0x00, 0x00, 0x1F, 0x80, 0x00,
    0x01, 0xF0, 0x00, 0x00, 0x3F, 0x00, 0x00, 0x03, 0xE0, 0x00, 0x00, 0x7E,
    0x00, 0x00, 0x00, 0x00, 0xF0, 0x00, 0x00, 0x00, 0x1E, 0x00, 0x00, 0x00,
    0x03, 0xC0, 0x00, 0x00, 0x00, 0x78, 0x00, 0x00, 0x03, 0xFF, 0xF8, 0x00,
    0x03, 0xFF, 0xFF, 0xE0, 0x01, 0xFF, 0xFF, 0xFF, 0x00, 0x7F, 0xFF, 0xFF,
    0xF8, 0x1F, 0xF0, 0xF0, 0xFF, 0x07, 0xF0, 0x1E, 0x03, 0xF1, 0xF8, 0x03,
    0xC0, 0x3F, 0x3E, 0x00, 0x78, 0x03, 0xE7, 0x80, 0x0F, 0x00, 0x3D, 0xF0,
    0x01, 0xE0, 0x07, 0xFC, 0x00, 0x3C, 0x00, 0x7F, 0x80, 0x07, 0x80, 0x0F,
    0xF0, 0x00, 0xF0, 0x01, 0xFE, 0x00, 0x1E, 0x00, 0x3F, 0xC0, 0x03, 0xC0,
    0x07, 0xF8, 0x00, 0x78, 0x00, 0xFF, 0x80, 0x0F, 0x00, 0x3E, 0xF0, 0x01,
    0xE0, 0x07, 0x9F, 0x00, 0x3C, 0x01, 0xF3, 0xF0, 0x07, 0x80, 0x7E, 0x3F,
    0x80, 0xF0, 0x1F, 0x87, 0xFE, 0x1E, 0x1F, 0xF0, 0x7F, 0xFF, 0xFF, 0xFC,
    0x03, 0xFF, 0xFF, 0xFF, 0x00, 0x3F, 0xFF, 0xFF, 0x80, 0x00, 0xFF, 0xFF,
    0x80, 0x00, 0x00, 0x3C, 0x00, 0x00, 0x00, 0x07, 0x80, 0x00, 0x00, 0x00,
    0xF0, 0x00, 0x00, 0x00, 0x1E, 0x00, 0x00, 0x7C, 0x00, 0x01, 0xF3, 0xF0,
    0x00, 0x1F, 0x8F, 0x80, 0x00, 0xF8, 0x3E, 0x00, 0x0F, 0x80, 0xF8, 0x00,
    0xF8, 0x07, 0xC0, 0x07, 0xC0, 0x1F, 0x00, 0x7C, 0x00, 0x7C, 0x07, 0xC0,
    0x03, 0xE0, 0x3E, 0x00, 0x0F, 0x83, 0xE0, 0x00, 0x3E, 0x3E, 0x00, 0x01,
    0xF1, 0xF0, 0x00, 0x07, 0xDF, 0x00, 0x00, 0x1F, 0xF0, 0x00, 0x00, 0xFF,
    0x80, 0x00, 0x03, 0xF8, 0x00, 0x00, 0x0F, 0x80, 0x00, 0x00, 0xFE, 0x00,
    0x00, 0x0F, 0xF0, 0x00, 0x00, 0x7F, 0xC0, 0x00, 0x07, 0xDF, 0x00, 0x00,
    0x7C, 0x78, 0x00, 0x03, 0xE3, 0xE0, 0x00, 0x3E, 0x0F, 0x80, 0x03, 0xE0,
    0x7E, 0x00, 0x1F, 0x01, 0xF0, 0x01, 0xF0, 0x07, 0xC0, 0x1F, 0x00, 0x3F,
    0x00, 0xF8, 0x00, 0xF8, 0x0F, 0x80, 0x03, 0xE0, 0xF8, 0x00, 0x1F, 0x8F,
    0xC0, 0x00, 0x7C, 0x7C, 0x00, 0x01, 0xF7, 0xC0, 0x00, 0x0F, 0xC0, 0xF0,
    0x00, 0x03, 0xC7, 0x80, 0x00, 0x1E, 0x3C, 0x00, 0x00, 0xF1, 0xE0, 0x00,
    0x07, 0x8F, 0x00, 0x00, 0x3C, 0x78, 0x00, 0x01, 0xE3, 0xC0, 0x00, 0x0F,
    0x1E, 0x00, 0x00, 0x78, 0xF0, 0x00, 0x03, 0xC7, 0x80, 0x00, 0x1E, 0x3C,
    0x00, 0x00, 0xF1, 0xE0, 0x00, 0x07, 0x8F, 0x00, 0x00, 0x3C, 0x78, 0x00,
    0x01, 0xE3, 0xC0, 0x00, 0x0F, 0x1E, 0x00, 0x00, 0x78, 0xF0, 0x00, 0x03,
    0xC7, 0x80, 0x00, 0x1E, 0x3C, 0x00, 0x00, 0xF1, 0xE0, 0x00, 0x07, 0x8F,
    0x00, 0x00, 0x3C, 0x78, 0x00, 0x01, 0xE3, 0xC0, 0x00, 0x0F, 0x1E, 0x00,
    0x00, 0x78, 0xF0, 0x00, 0x03, 0xC7, 0x80, 0x00, 0x1E, 0x3C, 0x00, 0x00,
    0xF1, 0xE0, 0x00, 0x07, 0x8F, 0x00, 0x00, 0x3C, 0x78, 0x00, 0x01, 0xE3,
    0xFF, 0xFF, 0xFF, 0xFF, 0xFF, 0xFF, 0xFF, 0xFF, 0xFF, 0xFF, 0xFF, 0xFF,
    0xFF, 0xFF, 0xC0, 0x00, 0x00, 0x1E, 0x00, 0x00, 0x00, 0xF0, 0x00, 0x00,
    0x07, 0x80, 0x00, 0x00, 0x3C, 0x00, 0x00, 0x01, 0xE0, 0x00, 0x00, 0x0F,
    0xF0, 0x00, 0x1F, 0xE0, 0x00, 0x3F, 0xC0, 0x00, 0x7F, 0x80, 0x00, 0xFF,
    0x00, 0x01, 0xFE, 0x00, 0x03, 0xFC, 0x00, 0x07, 0xF8, 0x00, 0x0F, 0xF0,
    0x00, 0x1F, 0xE0, 0x00, 0x3F, 0xC0, 0x00, 0x7F, 0x80, 0x00, 0xFF, 0x00,
    0x01, 0xFE, 0x00, 0x03, 0xFC, 0x00, 0x07, 0xF8, 0x00, 0x0F, 0x78, 0x00,
    0x1E, 0xFF, 0xFF, 0xFC, 0xFF, 0xFF, 0xF8, 0xFF, 0xFF, 0xF0, 0x7F, 0xFF,
    0xE0, 0x00, 0x03, 0xC0, 0x00, 0x07, 0x80, 0x00, 0x0F, 0x00, 0x00, 0x1E,
    0x00, 0x00, 0x3C, 0x00, 0x00, 0x78, 0x00, 0x00, 0xF0, 0x00, 0x01, 0xE0,
    0x00, 0x03, 0xC0, 0x00, 0x07, 0x80, 0x00, 0x0F, 0x00, 0x00, 0x1E, 0x00,
    0x00, 0x3C, 0xF0, 0x07, 0x80, 0x1F, 0xE0, 0x0F, 0x00, 0x3F, 0xC0, 0x1E,
    0x00, 0x7F, 0x80, 0x3C, 0x00, 0xFF, 0x00, 0x78, 0x01, 0xFE, 0x00, 0xF0,
    0x03, 0xFC, 0x01, 0xE0, 0x07, 0xF8, 0x03, 0xC0, 0x0F, 0xF0, 0x07, 0x80,
    0x1F, 0xE0, 0x0F, 0x00, 0x3F, 0xC0, 0x1E, 0x00, 0x7F, 0x80, 0x3C, 0x00,
    0xFF, 0x00, 0x78, 0x01, 0xFE, 0x00, 0xF0, 0x03, 0xFC, 0x01, 0xE0, 0x07,
    0xF8, 0x03, 0xC0, 0x0F, 0xF0, 0x07, 0x80, 0x1F, 0xE0, 0x0F, 0x00, 0x3F,
    0xC0, 0x1E, 0x00, 0x7F, 0x80, 0x3C, 0x00, 0xFF, 0x00, 0x78, 0x01, 0xFE,
    0x00, 0xF0, 0x03, 0xFC, 0x01, 0xE0, 0x07, 0xF8, 0x03, 0xC0, 0x0F, 0xF0,
    0x07, 0x80, 0x1F, 0xE0, 0x0F, 0x00, 0x3F, 0xC0, 0x1E, 0x00, 0x7F, 0x80,
    0x3C, 0x00, 0xFF, 0x00, 0x78, 0x01, 0xFE, 0x00, 0xF0, 0x03, 0xFF, 0xFF,
    0xFF, 0xFF, 0xFF, 0xFF, 0xFF, 0xFF, 0xFF, 0xFF, 0xFF, 0xFF, 0xFF, 0xFF,
    0xFF, 0xFC, 0xF0, 0x07, 0x80, 0x1E, 0x3C, 0x01, 0xE0, 0x07, 0x8F, 0x00,
    0x78, 0x01, 0xE3, 0xC0, 0x1E, 0x00, 0x78, 0xF0, 0x07, 0x80, 0x1E, 0x3C,
    0x01, 0xE0, 0x07, 0x8F, 0x00, 0x78, 0x01, 0xE3, 0xC0, 0x1E, 0x00, 0x78,
    0xF0, 0x07, 0x80, 0x1E, 0x3C, 0x01, 0xE0, 0x07, 0x8F, 0x00, 0x78, 0x01,
    0xE3, 0xC0, 0x1E, 0x00, 0x78, 0xF0, 0x07, 0x80, 0x1E, 0x3C, 0x01, 0xE0,
    0x07, 0x8F, 0x00, 0x78, 0x01, 0xE3, 0xC0, 0x1E, 0x00, 0x78, 0xF0, 0x07,
    0x80, 0x1E, 0x3C, 0x01, 0xE0, 0x07, 0x8F, 0x00, 0x78, 0x01, 0xE3, 0xC0,
    0x1E, 0x00, 0x78, 0xF0, 0x07, 0x80, 0x1E, 0x3C, 0x01, 0xE0, 0x07, 0x8F,
    0x00, 0x78, 0x01, 0xE3, 0xC0, 0x1E, 0x00, 0x78, 0xF0, 0x07, 0x80, 0x1E,
    0x3C, 0x01, 0xE0, 0x07, 0x8F, 0x00, 0x78, 0x01, 0xE3, 0xC0, 0x1E, 0x00,
    0x78, 0xF0, 0x07, 0x80, 0x1E, 0x3C, 0x01, 0xE0, 0x07, 0x8F, 0xFF, 0xFF,
    0xFF, 0xFF, 0xFF, 0xFF, 0xFF, 0xFF, 0xFF, 0xFF, 0xFF, 0xFF, 0xFF, 0xFF,
    0xFF, 0xFF, 0xF0, 0x00, 0x00, 0x00, 0x3C, 0x00, 0x00, 0x00, 0x0F, 0x00,
    0x00, 0x00, 0x03, 0xC0, 0x00, 0x00, 0x00, 0xF0, 0x00, 0x00, 0x00, 0x3C,
    0x00, 0x00, 0x00, 0x0F, 0xFF, 0xFE, 0x00, 0x00, 0x0F, 0xFF, 0xE0, 0x00,
    0x00, 0xFF, 0xFE, 0x00, 0x00, 0x0F, 0xFF, 0xE0, 0x00, 0x00, 0x00, 0x1E,
    0x00, 0x00, 0x00, 0x01, 0xE0, 0x00, 0x00, 0x00, 0x1E, 0x00, 0x00, 0x00,
    0x01, 0xE0, 0x00, 0x00, 0x00, 0x1E, 0x00, 0x00, 0x00, 0x01, 0xE0, 0x00,
    0x00, 0x00, 0x1E, 0x00, 0x00, 0x00, 0x01, 0xE0, 0x00, 0x00, 0x00, 0x1E,
    0x00, 0x00, 0x00, 0x01, 0xFF, 0xFF, 0x00, 0x00, 0x1F, 0xFF, 0xFE, 0x00,
    0x01, 0xFF, 0xFF, 0xF0, 0x00, 0x1F, 0xFF, 0xFF, 0xC0, 0x01, 0xE0, 0x00,
    0xFC, 0x00, 0x1E, 0x00, 0x03, 0xE0, 0x01, 0xE0, 0x00, 0x1E, 0x00, 0x1E,
    0x00, 0x01, 0xF0, 0x01, 0xE0, 0x00, 0x0F, 0x00, 0x1E, 0x00, 0x00, 0xF0,
    0x01, 0xE0, 0x00, 0x0F, 0x00, 0x1E, 0x00, 0x00, 0xF0, 0x01, 0xE0, 0x00,
    0x0F, 0x00, 0x1E, 0x00, 0x01, 0xF0, 0x01, 0xE0, 0x00, 0x1E, 0x00, 0x1E,
    0x00, 0x03, 0xE0, 0x01, 0xE0, 0x00, 0xFC, 0x00, 0x1F, 0xFF, 0xFF, 0xC0,
    0x01, 0xFF, 0xFF, 0xF8, 0x00, 0x1F, 0xFF, 0xFE, 0x00, 0x01, 0xFF, 0xFF,
    0x80, 0xF0, 0x00, 0x00, 0x07, 0xF8, 0x00, 0x00, 0x03, 0xFC, 0x00, 0x00,
    0x01, 0xFE, 0x00, 0x00, 0x00, 0xFF, 0x00, 0x00, 0x00, 0x7F, 0x80, 0x00,
    0x00, 0x3F, 0xC0, 0x00, 0x00, 0x1F, 0xE0, 0x00, 0x00, 0x0F, 0xF0, 0x00,
    0x00, 0x07, 0xF8, 0x00, 0x00, 0x03, 0xFC, 0x00, 0x00, 0x01, 0xFE, 0x00,
    0x00, 0x00, 0xFF, 0x00, 0x00, 0x00, 0x7F, 0xFF, 0xFC, 0x00, 0x3F, 0xFF,
    0xFF, 0xC0, 0x1F, 0xFF, 0xFF, 0xF0, 0x0F, 0xFF, 0xFF, 0xFE, 0x07, 0xF8,
    0x00, 0x3F, 0x03, 0xFC, 0x00, 0x07, 0xC1, 0xFE, 0x00, 0x01, 0xE0, 0xFF,
    0x00, 0x00, 0xF8, 0x7F, 0x80, 0x00, 0x3C, 0x3F, 0xC0, 0x00, 0x1E, 0x1F,
    0xE0, 0x00, 0x0F, 0x0F, 0xF0, 0x00, 0x07, 0x87, 0xF8, 0x00, 0x03, 0xC3,
    0xFC, 0x00, 0x03, 0xE1, 0xFE, 0x00, 0x01, 0xE0, 0xFF, 0x00, 0x01, 0xF0,
    0x7F, 0x80, 0x03, 0xF0, 0x3F, 0xFF, 0xFF, 0xF8, 0x1F, 0xFF, 0xFF, 0xF8,
    0x0F, 0xFF, 0xFF, 0xF0, 0x07, 0xFF, 0xFF, 0xE0, 0x03, 0xC0, 0xF0, 0x00,
    0x00, 0x78, 0x00, 0x00, 0x3C, 0x00, 0x00, 0x1E, 0x00, 0x00, 0x0F, 0x00,
    0x00, 0x07, 0x80, 0x00, 0x03, 0xC0, 0x00, 0x01, 0xE0, 0x00, 0x00, 0xF0,
    0x00, 0x00, 0x78, 0x00, 0x00, 0x3C, 0x00, 0x00, 0x1E, 0x00, 0x00, 0x0F,
    0x00, 0x00, 0x07, 0xFF, 0xFC, 0x03, 0xFF, 0xFF, 0xC1, 0xFF, 0xFF, 0xF0,
    0xFF, 0xFF, 0xFE, 0x78, 0x00, 0x3F, 0x3C, 0x00, 0x07, 0xDE, 0x00, 0x01,
    0xEF, 0x00, 0x00, 0xFF, 0x80, 0x00, 0x3F, 0xC0, 0x00, 0x1F, 0xE0, 0x00,
    0x0F, 0xF0, 0x00, 0x07, 0xF8, 0x00, 0x03, 0xFC, 0x00, 0x03, 0xFE, 0x00,
    0x01, 0xEF, 0x00, 0x01, 0xF7, 0x80, 0x03, 0xF3, 0xFF, 0xFF, 0xF9, 0xFF,
    0xFF, 0xF8, 0xFF, 0xFF, 0xF0, 0x7F, 0xFF, 0xE0, 0x00, 0x00, 0x3F, 0xC0,
    0x00, 0x07, 0xFF, 0xE0, 0x00, 0x3F, 0xFF, 0xE0, 0x03, 0xFF, 0xFF, 0xC0,
    0x0F, 0xC0, 0x3F, 0x80, 0x7C, 0x00, 0x3F, 0x03, 0xE0, 0x00, 0x7E, 0x0F,
    0x00, 0x00, 0xF8, 0x3C, 0x00, 0x01, 0xF1, 0xE0, 0x00, 0x07, 0xC7, 0x80,
    0x00, 0x0F, 0x80, 0x00, 0x00, 0x3E, 0x00, 0x00, 0x00, 0xF8, 0x00, 0x00,
    0x01, 0xE0, 0x00, 0x00, 0x07, 0xC0, 0x3F, 0xFF, 0xFF, 0x00, 0xFF, 0xFF,
    0xFC, 0x03, 0xFF, 0xFF, 0xF0, 0x0F, 0xFF, 0xFF, 0xC0, 0x00, 0x00, 0x1F,
    0x00, 0x00, 0x00, 0x7C, 0x00, 0x00, 0x01, 0xF0, 0x00, 0x00, 0x07, 0xBC,
    0x00, 0x00, 0x3E, 0xF0, 0x00, 0x00, 0xFB, 0xE0, 0x00, 0x03, 0xE7, 0x80,
    0x00, 0x1F, 0x1F, 0x00, 0x00, 0xFC, 0x7C, 0x00, 0x03, 0xE0, 0xF8, 0x00,
    0x1F, 0x81, 0xF0, 0x01, 0xFC, 0x07, 0xF0, 0x1F, 0xE0, 0x0F, 0xFF, 0xFF,
    0x00, 0x1F, 0xFF, 0xF8, 0x00, 0x1F, 0xFF, 0x80, 0x00, 0x0F, 0xF8, 0x00,
    0x00, 0x00, 0x07, 0xFC, 0x00, 0x78, 0x00, 0x1F, 0xFF, 0xC0, 0x3C, 0x00,
    0x1F, 0xFF, 0xF0, 0x1E, 0x00, 0x3F, 0xFF, 0xFE, 0x0F, 0x00, 0x3F, 0xC0,
    0x7F, 0x87, 0x80, 0x1F, 0x00, 0x0F, 0xC3, 0xC0, 0x1F, 0x00, 0x01, 0xF1,
    0xE0, 0x1F, 0x00, 0x00, 0x7C, 0xF0, 0x0F, 0x00, 0x00, 0x1E, 0x78, 0x0F,
    0x80, 0x00, 0x0F, 0xBC, 0x07, 0x80, 0x00, 0x03, 0xDE, 0x03, 0xC0, 0x00,
    0x01, 0xEF, 0x03, 0xE0, 0x00, 0x00, 0xF7, 0x81, 0xE0, 0x00, 0x00, 0x3F,
    0xC0, 0xF0, 0x00, 0x00, 0x1F, 0xFF, 0xF8, 0x00, 0x00, 0x0F, 0xFF, 0xFC,
    0x00, 0x00, 0x07, 0xFF, 0xFE, 0x00, 0x00, 0x03, 0xFF, 0xFF, 0x00, 0x00,
    0x01, 0xFE, 0x07, 0x80, 0x00, 0x00, 0xFF, 0x03, 0xC0, 0x00, 0x00, 0x7F,
    0x81, 0xE0, 0x00, 0x00, 0x3F, 0xC0, 0xF0, 0x00, 0x00, 0x1F, 0xE0, 0x3C,
    0x00, 0x00, 0x1E, 0xF0, 0x1E, 0x00, 0x00, 0x0F, 0x78, 0x0F, 0x00, 0x00,
    0x07, 0xBC, 0x07, 0xC0, 0x00, 0x07, 0x9E, 0x01, 0xF0, 0x00, 0x07, 0xCF,
    0x00, 0xF8, 0x00, 0x03, 0xC7, 0x80, 0x3E, 0x00, 0x03, 0xE3, 0xC0, 0x0F,
    0xC0, 0x07, 0xE1, 0xE0, 0x03, 0xF8, 0x0F, 0xE0, 0xF0, 0x00, 0xFF, 0xFF,
    0xE0, 0x78, 0x00, 0x3F, 0xFF, 0xE0, 0x3C, 0x00, 0x07, 0xFF, 0xC0, 0x00,
    0x00, 0x00, 0xFF, 0x00, 0x00, 0x00, 0xFF, 0xFF, 0xE0, 0x7F, 0xFF, 0xFC,
    0x1F, 0xFF, 0xFF, 0x87, 0xFF, 0xFF, 0xF1, 0xF8, 0x00, 0x1E, 0x3E, 0x00,
    0x03, 0xCF, 0x80, 0x00, 0x79, 0xE0, 0x00, 0x0F, 0x3C, 0x00, 0x01, 0xE7,
    0x80, 0x00, 0x3C, 0xF0, 0x00, 0x07, 0x9E, 0x00, 0x00, 0xF3, 0xC0, 0x00,
    0x1E, 0x3C, 0x00, 0x03, 0xC7, 0xC0, 0x00, 0x78, 0x7C, 0x00, 0x0F, 0x0F,
    0xFF, 0xFF, 0xE0, 0xFF, 0xFF, 0xFC, 0x07, 0xFF, 0xFF, 0x80, 0x3F, 0xFF,
    0xF0, 0x00, 0xF8, 0x1E, 0x00, 0x3E, 0x03, 0xC0, 0x0F, 0x80, 0x78, 0x03,
    0xE0, 0x0F, 0x00, 0xFC, 0x01, 0xE0, 0x3F, 0x00, 0x3C, 0x0F, 0xC0, 0x07,
    0x83, 0xF0, 0x00, 0xF0, 0x7C, 0x00, 0x1E, 0x1F, 0x00, 0x03, 0xC7, 0xC0,
    0x00, 0x79, 0xF0, 0x00, 0x0F, 0x7C, 0x00, 0x01, 0xFF, 0x00, 0x00, 0x3C,
    0x01, 0xFF, 0x00, 0x0F, 0xFF, 0xC0, 0x1F, 0xFF, 0xE0, 0x3F, 0xFF, 0xF0,
    0x7E, 0x03, 0xF8, 0x7C, 0x00, 0xF8, 0x78, 0x00, 0x78, 0x00, 0x00, 0x78,
    0x00, 0x00, 0x78, 0x00, 0x00, 0x78, 0x00, 0x00, 0xF8, 0x00, 0x03, 0xF8,
    0x01, 0xFF, 0xF8, 0x0F, 0xFF, 0xF8, 0x3F, 0xFE, 0x78, 0x7F, 0x80, 0x78,
    0xFC, 0x00, 0x78, 0xF8, 0x00, 0x78, 0xF0, 0x00, 0x78, 0xF0, 0x00, 0xF8,
    0xF0, 0x00, 0xF8, 0xF8, 0x03, 0xF8, 0x7E, 0x0F, 0xFC, 0x7F, 0xFF, 0x7F,
    0x3F, 0xFE, 0x3F, 0x1F, 0xFC, 0x3F, 0x07, 0xE0, 0x1F, 0x00, 0x00, 0x38,
    0x00, 0x00, 0xF0, 0x00, 0x0F, 0xE0, 0x03, 0xFF, 0x80, 0x3F, 0xFE, 0x00,
    0xFF, 0xF0, 0x03, 0xFC, 0x00, 0x0F, 0x80, 0x00, 0x1E, 0x00, 0x00, 0x78,
    0x00, 0x00, 0xE3, 0xF8, 0x03, 0x9F, 0xFE, 0x07, 0x7F, 0xFE, 0x0F, 0xFF,
    0xFE, 0x1F, 0xE0, 0xFE, 0x3F, 0x00, 0x7C, 0xFC, 0x00, 0x7D, 0xF0, 0x00,
    0x7B, 0xE0, 0x00, 0xF7, 0xC0, 0x01, 0xFF, 0x00, 0x01, 0xFE, 0x00, 0x03,
    0xFC, 0x00, 0x07, 0xF8, 0x00, 0x0F, 0xF0, 0x00, 0x1F, 0xE0, 0x00, 0x3F,
    0xC0, 0x00, 0x7F, 0xC0, 0x01, 0xF7, 0x80, 0x03, 0xCF, 0x00, 0x07, 0x9F,
    0x00, 0x1F, 0x1F, 0x00, 0x7C, 0x3F, 0x83, 0xF8, 0x3F, 0xFF, 0xE0, 0x3F,
    0xFF, 0x80, 0x1F, 0xFE, 0x00, 0x0F, 0xE0, 0x00, 0xFF, 0xE0, 0x1F, 0xFF,
    0xC3, 0xFF, 0xFC, 0x7F, 0xFF, 0x8F, 0x00, 0xF9, 0xE0, 0x0F, 0x3C, 0x01,
    0xE7, 0x80, 0x3C, 0xF0, 0x07, 0x9E, 0x01, 0xF3, 0xC1, 0xFC, 0x7F, 0xFF,
    0x0F, 0xFF, 0xE1, 0xFF, 0xFF, 0x3C, 0x03, 0xE7, 0x80, 0x1E, 0xF0, 0x03,
    0xDE, 0x00, 0x7F, 0xC0, 0x0F, 0xF8, 0x01, 0xEF, 0x00, 0x7D, 0xFF, 0xFF,
    0xBF, 0xFF, 0xE7, 0xFF, 0xF8, 0xFF, 0xFC, 0x00, 0xFF, 0xFF, 0xFF, 0xFF,
    0xFF, 0xFF, 0xFF, 0xF0, 0x03, 0xC0, 0x0F, 0x00, 0x3C, 0x00, 0xF0, 0x03,
    0xC0, 0x0F, 0x00, 0x3C, 0x00, 0xF0, 0x03, 0xC0, 0x0F, 0x00, 0x3C, 0x00,
    0xF0, 0x03, 0xC0, 0x0F, 0x00, 0x3C, 0x00, 0xF0, 0x03, 0xC0, 0x0F, 0x00,
    0x3C, 0x00, 0xF0, 0x00, 0x03, 0xFF, 0xFC, 0x01, 0xFF, 0xFE, 0x00, 0xFF,
    0xFF, 0x00, 0x7F, 0xFF, 0x80, 0x3C, 0x03, 0xC0, 0x1E, 0x01, 0xE0, 0x0F,
    0x00, 0xF0, 0x07, 0x80, 0x78, 0x03, 0xC0, 0x3C, 0x01, 0xE0, 0x1E, 0x00,
    0xF0, 0x0F, 0x00, 0x78, 0x07, 0x80, 0x3C, 0x03, 0xC0, 0x3E, 0x01, 0xE0,
    0x1F, 0x00, 0xF0, 0x0F, 0x00, 0x78, 0x07, 0x80, 0x3C, 0x03, 0xC0, 0x1E,
    0x01, 0xE0, 0x0F, 0x01, 0xE0, 0x07, 0x80, 0xF0, 0x03, 0xC0, 0xFF, 0xFF,
    0xE3, 0xFF, 0xFF, 0xFF, 0xFF, 0xFF, 0xFF, 0xFF, 0xFF, 0xFF, 0xF0, 0x00,
    0x01, 0xF8, 0x00, 0x00, 0xFC, 0x00, 0x00, 0x7E, 0x00, 0x00, 0x3F, 0x00,
    0x00, 0x1F, 0x80, 0x00, 0x0E, 0x00, 0xFE, 0x00, 0x0F, 0xFE, 0x00, 0xFF,
    0xFC, 0x07, 0xFF, 0xF8, 0x1F, 0x83, 0xF0, 0xF8, 0x07, 0xC7, 0xC0, 0x0F,
    0x9E, 0x00, 0x1E, 0x78, 0x00, 0x7B, 0xE0, 0x00, 0xFF, 0x00, 0x03, 0xFC,
    0x00, 0x0F, 0xFF, 0xFF, 0xFF, 0xFF, 0xFF, 0xFF, 0xFF, 0xFF, 0xFC, 0x00,
    0x00, 0xF0, 0x00, 0x03, 0xC0, 0x00, 0x07, 0x80, 0x00, 0x1E, 0x00, 0x1E,
    0x7C, 0x00, 0x78, 0xF8, 0x03, 0xE3, 0xF0, 0x3F, 0x07, 0xFF, 0xFC, 0x0F,
    0xFF, 0xC0, 0x1F, 0xFE, 0x00, 0x1F, 0xE0, 0x00, 0x3E, 0x00, 0xF0, 0x07,
    0xC1, 0xF0, 0x0F, 0x00, 0xF8, 0x0F, 0x80, 0xF0, 0x1F, 0x00, 0x7C, 0x0F,
    0x03, 0xE0, 0x03, 0xE0, 0xF0, 0x7C, 0x00, 0x1F, 0x0F, 0x0F, 0x80, 0x00,
    0xF8, 0xF1, 0xF0, 0x00, 0x07, 0xCF, 0x3E, 0x00, 0x00, 0x3E, 0xF7, 0xC0,
    0x00, 0x01, 0xFF, 0xF8, 0x00, 0x00, 0x0F, 0xFF, 0x00, 0x00, 0x00, 0x7F,
    0xE0, 0x00, 0x00, 0x07, 0xFE, 0x00, 0x00, 0x00, 0xFF, 0xF0, 0x00, 0x00,
    0x1F, 0xFF, 0x80, 0x00, 0x03, 0xEF, 0x7C, 0x00, 0x00, 0x7C, 0xF3, 0xE0,
    0x00, 0x0F, 0x8F, 0x1F, 0x00, 0x01, 0xF0, 0xF0, 0xF8, 0x00, 0x3E, 0x0F,
    0x07, 0xC0, 0x07, 0xC0, 0xF0, 0x3E, 0x00, 0xF8, 0x0F, 0x01, 0xF0, 0x1F,
    0x00, 0xF0, 0x0F, 0x83, 0xE0, 0x0F, 0x00, 0x7C, 0x7C, 0x00, 0xF0, 0x03,
    0xE0, 0x03, 0xFC, 0x00, 0xFF, 0xF0, 0x1F, 0xFF, 0x83, 0xFF, 0xFC, 0x7E,
    0x07, 0xC7, 0x80, 0x3E, 0x78, 0x01, 0xE0, 0x00, 0x1E, 0x00, 0x01, 0xE0,
    0x00, 0x3E, 0x00, 0x07, 0xC0, 0x0F, 0xFC, 0x00, 0xFF, 0x00, 0x0F, 0xFC,
    0x00, 0xFF, 0xE0, 0x00, 0x7E, 0x00, 0x01, 0xF0, 0x00, 0x0F, 0x00, 0x00,
    0xFF, 0x00, 0x0F, 0xF0, 0x00, 0xFF, 0x80, 0x1F, 0x7E, 0x07, 0xE7, 0xFF,
    0xFE, 0x3F, 0xFF, 0xC1, 0xFF, 0xF0, 0x03, 0xFC, 0x00, 0xF0, 0x01, 0xFF,
    0x00, 0x3F, 0xF0, 0x07, 0xFF, 0x00, 0x7F, 0xF0, 0x0F, 0xFF, 0x00, 0xFF,
    0xF0, 0x1E, 0xFF, 0x01, 0xEF, 0xF0, 0x3C, 0xFF, 0x03, 0xCF, 0xF0, 0x78,
    0xFF, 0x0F, 0x8F, 0xF0, 0xF0, 0xFF, 0x1F, 0x0F, 0xF1, 0xE0, 0xFF, 0x3C,
    0x0F, 0xF3, 0xC0, 0xFF, 0x78, 0x0F, 0xF7, 0x80, 0xFF, 0xF0, 0x0F, 0xFF,
    0x00, 0xFF, 0xE0, 0x0F, 0xFE, 0x00, 0xFF, 0xC0, 0x0F, 0xF8, 0x00, 0xF0,
    0x1C, 0x03, 0x81, 0xE0, 0x78, 0x0F, 0xFF, 0x00, 0x7F, 0xF0, 0x03, 0xFC,
    0x00, 0x00, 0x00, 0x00, 0x00, 0x0F, 0x00, 0x1F, 0xF0, 0x03, 0xFF, 0x00,
    0x7F, 0xF0, 0x07, 0xFF, 0x00, 0xFF, 0xF0, 0x0F, 0xFF, 0x01, 0xEF, 0xF0,
    0x1E, 0xFF, 0x03, 0xCF, 0xF0, 0x3C, 0xFF, 0x07, 0x8F, 0xF0, 0xF8, 0xFF,
    0x0F, 0x0F, 0xF1, 0xF0, 0xFF, 0x1E, 0x0F, 0xF3, 0xC0, 0xFF, 0x3C, 0x0F,
    0xF7, 0x80, 0xFF, 0x78, 0x0F, 0xFF, 0x00, 0xFF, 0xF0, 0x0F, 0xFE, 0x00,
    0xFF, 0xE0, 0x0F, 0xFC, 0x00, 0xFF, 0x80, 0x0F, 0xF0, 0x07, 0xCF, 0x00,
    0xF8, 0xF0, 0x1F, 0x0F, 0x03, 0xE0, 0xF0, 0x3C, 0x0F, 0x07, 0x80, 0xF0,
    0xF0, 0x0F, 0x1E, 0x00, 0xF3, 0xC0, 0x0F, 0x78, 0x00, 0xFF, 0x00, 0x0F,
    0xE0, 0x00, 0xFE, 0x00, 0x0F, 0xF0, 0x00, 0xFF, 0x80, 0x0F, 0x7C, 0x00,
    0xF3, 0xE0, 0x0F, 0x1F, 0x00, 0xF0, 0xF8, 0x0F, 0x07, 0xC0, 0xF0, 0x3E,
    0x0F, 0x01, 0xF0, 0xF0, 0x0F, 0x8F, 0x00, 0x7C, 0xF0, 0x03, 0xE0, 0x0F,
    0xFF, 0xF0, 0xFF, 0xFF, 0x0F, 0xFF, 0xF0, 0xFF, 0xFF, 0x0F, 0x00, 0xF0,
    0xF0, 0x0F, 0x0F, 0x00, 0xF0, 0xF0, 0x0F, 0x0F, 0x00, 0xF0, 0xF0, 0x0F,
    0x0F, 0x00, 0xF0, 0xF0, 0x0F, 0x0F, 0x00, 0xF0, 0xF0, 0x0F, 0x0F, 0x00,
    0xF0, 0xF0, 0x0F, 0x1E, 0x00, 0xF1, 0xE0, 0x0F, 0x1E, 0x00, 0xF3, 0xE0,
    0x0F, 0x3C, 0x00, 0xFF, 0xC0, 0x0F, 0xF8, 0x00, 0xFF, 0x00, 0x0F, 0xE0,
    0x00, 0xF0, 0xF8, 0x00, 0x7F, 0xF0, 0x03, 0xFF, 0xC0, 0x0F, 0xFF, 0x00,
    0x3F, 0xFE, 0x01, 0xFF, 0xF8, 0x07, 0xFF, 0xE0, 0x1F, 0xFF, 0xC0, 0xFF,
    0xFF, 0x03, 0xFF, 0xDE, 0x1E, 0xFF, 0x78, 0x7B, 0xFD, 0xE1, 0xEF, 0xF3,
    0xCF, 0x3F, 0xCF, 0x3C, 0xFF, 0x1F, 0xE3, 0xFC, 0x7F, 0x8F, 0xF1, 0xFE,
    0x3F, 0xC3, 0xF0, 0xFF, 0x0F, 0xC3, 0xFC, 0x3F, 0x0F, 0xF0, 0x78, 0x3F,
    0xC1, 0xE0, 0xFF, 0x03, 0x03, 0xFC, 0x00, 0x0F, 0xF0, 0x00, 0x3C, 0xF0,
    0x00, 0xFF, 0x00, 0x0F, 0xF0, 0x00, 0xFF, 0x00, 0x0F, 0xF0, 0x00, 0xFF,
    0x00, 0x0F, 0xF0, 0x00, 0xFF, 0x00, 0x0F, 0xF0, 0x00, 0xFF, 0x00, 0x0F,
    0xFF, 0xFF, 0xFF, 0xFF, 0xFF, 0xFF, 0xFF, 0xFF, 0xFF, 0xFF, 0xF0, 0x00,
    0xFF, 0x00, 0x0F, 0xF0, 0x00, 0xFF, 0x00, 0x0F, 0xF0, 0x00, 0xFF, 0x00,
    0x0F, 0xF0, 0x00, 0xFF, 0x00, 0x0F, 0xF0, 0x00, 0xFF, 0x00, 0x0F, 0xF0,
    0x00, 0xF0, 0x00, 0xFE, 0x00, 0x07, 0xFF, 0x80, 0x3F, 0xFF, 0x80, 0xFF,
    0xFF, 0x83, 0xF8, 0x3F, 0x87, 0xC0, 0x1F, 0x1F, 0x00, 0x1F, 0x3C, 0x00,
    0x1E, 0x78, 0x00, 0x3D, 0xF0, 0x00, 0x7F, 0xC0, 0x00, 0x7F, 0x80, 0x00,
    0xFF, 0x00, 0x01, 0xFE, 0x00, 0x03, 0xFC, 0x00, 0x07, 0xF8, 0x00, 0x0F,
    0xF0, 0x00, 0x1F, 0xF0, 0x00, 0x7D, 0xE0, 0x00, 0xF3, 0xC0, 0x01, 0xE7,
    0xC0, 0x07, 0xC7, 0xC0, 0x1F, 0x0F, 0xE0, 0xFE, 0x0F, 0xFF, 0xF8, 0x0F,
    0xFF, 0xE0, 0x0F, 0xFF, 0x00, 0x03, 0xF8, 0x00, 0xFF, 0xFF, 0xFF, 0xFF,
    0xFF, 0xFF, 0xFF, 0xFF, 0xFF, 0xFF, 0x00, 0x1F, 0xE0, 0x03, 0xFC, 0x00,
    0x7F, 0x80, 0x0F, 0xF0, 0x01, 0xFE, 0x00, 0x3F, 0xC0, 0x07, 0xF8, 0x00,
    0xFF, 0x00, 0x1F, 0xE0, 0x03, 0xFC, 0x00, 0x7F, 0x80, 0x0F, 0xF0, 0x01,
    0xFE, 0x00, 0x3F, 0xC0, 0x07, 0xF8, 0x00, 0xFF, 0x00, 0x1F, 0xE0, 0x03,
    0xFC, 0x00, 0x7F, 0x80, 0x0F, 0xF0, 0x01, 0xE0, 0x00, 0xFE, 0x03, 0x8F,
    0xFE, 0x0E, 0x7F, 0xFC, 0x3B, 0xFF, 0xF8, 0xFF, 0x07, 0xF3, 0xF8, 0x07,
    0xCF, 0xC0, 0x0F, 0xBE, 0x00, 0x1E, 0xF8, 0x00, 0x7B, 0xE0, 0x01, 0xFF,
    0x00, 0x03, 0xFC, 0x00, 0x0F, 0xF0, 0x00, 0x3F, 0xC0, 0x00, 0xFF, 0x00,
    0x03, 0xFC, 0x00, 0x0F, 0xF0, 0x00, 0x3F, 0xE0, 0x01, 0xFF, 0x80, 0x07,
    0xBE, 0x00, 0x1E, 0xFC, 0x00, 0xFB, 0xF8, 0x07, 0xCF, 0xF0, 0x7F, 0x3F,
    0xFF, 0xF8, 0xF7, 0xFF, 0xC3, 0xC7, 0xFE, 0x0F, 0x07, 0xE0, 0x3C, 0x00,
    0x00, 0xF0, 0x00, 0x03, 0xC0, 0x00, 0x0F, 0x00, 0x00, 0x3C, 0x00, 0x00,
    0xF0, 0x00, 0x03, 0xC0, 0x00, 0x0F, 0x00, 0x00, 0x00, 0x00, 0xFE, 0x00,
    0x3F, 0xFC, 0x03, 0xFF, 0xF0, 0x3F, 0xFF, 0xC3, 0xF0, 0x3F, 0x1F, 0x00,
    0xF9, 0xF0, 0x03, 0xCF, 0x00, 0x0F, 0x78, 0x00, 0x07, 0xC0, 0x00, 0x3C,
    0x00, 0x01, 0xE0, 0x00, 0x0F, 0x00, 0x00, 0x78, 0x00, 0x03, 0xC0, 0x00,
    0x1E, 0x00, 0x00, 0xF0, 0x00, 0x07, 0x80, 0x00, 0x3E, 0x00, 0x1E, 0xF0,
    0x00, 0xF7, 0xC0, 0x0F, 0x9F, 0x00, 0xF8, 0xFC, 0x0F, 0xC3, 0xFF, 0xFC,
    0x0F, 0xFF, 0xC0, 0x3F, 0xFC, 0x00, 0x7F, 0x00, 0xFF, 0xFF, 0xFF, 0xFF,
    0xFF, 0xFF, 0xFF, 0xFF, 0x03, 0xC0, 0x03, 0xC0, 0x03, 0xC0, 0x03, 0xC0,
    0x03, 0xC0, 0x03, 0xC0, 0x03, 0xC0, 0x03, 0xC0, 0x03, 0xC0, 0x03, 0xC0,
    0x03, 0xC0, 0x03, 0xC0, 0x03, 0xC0, 0x03, 0xC0, 0x03, 0xC0, 0x03, 0xC0,
    0x03, 0xC0, 0x03, 0xC0, 0x03, 0xC0, 0x03, 0xC0, 0x03, 0xC0, 0x78, 0x00,
    0x3D, 0xE0, 0x01, 0xF7, 0x80, 0x07, 0x8F, 0x00, 0x1E, 0x3C, 0x00, 0xF0,
    0xF0, 0x03, 0xC1, 0xE0, 0x0F, 0x07, 0x80, 0x78, 0x1E, 0x01, 0xE0, 0x3C,
    0x07, 0x80, 0xF0, 0x3C, 0x03, 0xC0, 0xF0, 0x07, 0x87, 0xC0, 0x1E, 0x1E,
    0x00, 0x78, 0x78, 0x00, 0xF3, 0xC0, 0x03, 0xCF, 0x00, 0x0F, 0x3C, 0x00,
    0x1F, 0xE0, 0x00, 0x7F, 0x80, 0x01, 0xFE, 0x00, 0x03, 0xF0, 0x00, 0x0F,
    0xC0, 0x00, 0x3E, 0x00, 0x00, 0x78, 0x00, 0x01, 0xE0, 0x00, 0x0F, 0x00,
    0x00, 0x3C, 0x00, 0x01, 0xF0, 0x00, 0x07, 0x80, 0x00, 0x3E, 0x00, 0x0F,
    0xF0, 0x00, 0x3F, 0xC0, 0x00, 0xFE, 0x00, 0x01, 0xE0, 0x00, 0x00, 0x00,
    0x00, 0x78, 0x00, 0x00, 0x00, 0x03, 0xC0, 0x00, 0x00, 0x00, 0x1E, 0x00,
    0x00, 0x00, 0x00, 0xF0, 0x00, 0x00, 0x00, 0x07, 0x80, 0x00, 0x00, 0x00,
    0x3C, 0x00, 0x00, 0x07, 0xE1, 0xE1, 0xF8, 0x00, 0xFF, 0x8F, 0x3F, 0xF0,
    0x0F, 0xFE, 0x7B, 0xFF, 0xC0, 0xFF, 0xFB, 0xDF, 0xFE, 0x0F, 0xC1, 0xFF,
    0xE1, 0xF8, 0xF8, 0x03, 0xFC, 0x03, 0xE7, 0xC0, 0x1F, 0xE0, 0x1F, 0x3C,
    0x00, 0x7E, 0x00, 0x79, 0xE0, 0x03, 0xF0, 0x03, 0xDE, 0x00, 0x0F, 0x00,
    0x0F, 0xF0, 0x00, 0x78, 0x00, 0x7F, 0x80, 0x03, 0xC0, 0x03, 0xFC, 0x00,
    0x1E, 0x00, 0x1F, 0xE0, 0x00, 0xF0, 0x00, 0xFF, 0x00, 0x07, 0x80, 0x07,
    0xF8, 0x00, 0x3C, 0x00, 0x3F, 0xC0, 0x01, 0xE0, 0x01, 0xFE, 0x00, 0x0F,
    0x00, 0x0F, 0xF8, 0x00, 0xFC, 0x00, 0xFB, 0xC0, 0x07, 0xE0, 0x07, 0x9F,
    0x00, 0x7F, 0x80, 0x7C, 0xF8, 0x03, 0xFC, 0x03, 0xE3, 0xF0, 0x7F, 0xF8,
    0x7E, 0x1F, 0xFF, 0xBF, 0xFF, 0xE0, 0x7F, 0xFD, 0xEF, 0xFF, 0x01, 0xFF,
    0xCF, 0x3F, 0xE0, 0x03, 0xF8, 0x78, 0x7E, 0x00, 0x00, 0x03, 0xC0, 0x00,
    0x00, 0x00, 0x1E, 0x00, 0x00, 0x00, 0x00, 0xF0, 0x00, 0x00, 0x00, 0x07,
    0x80, 0x00, 0x00, 0x00, 0x3C, 0x00, 0x00, 0x00, 0x01, 0xE0, 0x00, 0x00,
    0x00, 0x0F, 0x00, 0x00, 0x00, 0x00, 0x78, 0x00, 0x00, 0x7C, 0x00, 0x78,
    0xF0, 0x03, 0xE1, 0xE0, 0x0F, 0x07, 0xC0, 0x78, 0x0F, 0x03, 0xE0, 0x1E,
    0x0F, 0x00, 0x7C, 0x78, 0x00, 0xF3, 0xE0, 0x01, 0xEF, 0x00, 0x07, 0xF8,
    0x00, 0x0F, 0xC0, 0x00, 0x1F, 0x00, 0x00, 0x7C, 0x00, 0x03, 0xF0, 0x00,
    0x0F, 0xE0, 0x00, 0x7F, 0xC0, 0x03, 0xCF, 0x00, 0x0F, 0x1E, 0x00, 0x78,
    0x7C, 0x03, 0xE0, 0xF0, 0x0F, 0x03, 0xE0, 0x78, 0x07, 0xC3, 0xE0, 0x0F,
    0x1F, 0x00, 0x3E, 0x78, 0x00, 0x7C, 0xF0, 0x01, 0xE3, 0xC0, 0x07, 0x8F,
    0x00, 0x1E, 0x3C, 0x00, 0x78, 0xF0, 0x01, 0xE3, 0xC0, 0x07, 0x8F, 0x00,
    0x1E, 0x3C, 0x00, 0x78, 0xF0, 0x01, 0xE3, 0xC0, 0x07, 0x8F, 0x00, 0x1E,
    0x3C, 0x00, 0x78, 0xF0, 0x01, 0xE3, 0xC0, 0x07, 0x8F, 0x00, 0x1E, 0x3C,
    0x00, 0x78, 0xF0, 0x01, 0xE3, 0xC0, 0x07, 0x8F, 0x00, 0x1E, 0x3C, 0x00,
    0x78, 0xF0, 0x01, 0xE3, 0xFF, 0xFF, 0x8F, 0xFF, 0xFF, 0xFF, 0xFF, 0xFF,
    0xFF, 0xFF, 0xFC, 0x00, 0x00, 0x70, 0x00, 0x01, 0xC0, 0x00, 0x07, 0x00,
    0x00, 0x1C, 0x00, 0x00, 0x70, 0xF0, 0x03, 0xFC, 0x00, 0xFF, 0x00, 0x3F,
    0xC0, 0x0F, 0xF0, 0x03, 0xFC, 0x00, 0xFF, 0x00, 0x3F, 0xC0, 0x0F, 0xF0,
    0x03, 0xFC, 0x00, 0xFF, 0x00, 0x3F, 0xE0, 0x0F, 0x7F, 0xFF, 0xDF, 0xFF,
    0xF3, 0xFF, 0xFC, 0x3F, 0xFF, 0x00, 0x03, 0xC0, 0x00, 0xF0, 0x00, 0x3C,
    0x00, 0x0F, 0x00, 0x03, 0xC0, 0x00, 0xF0, 0x00, 0x3C, 0x00, 0x0F, 0x00,
    0x03, 0xC0, 0xF0, 0x1E, 0x03, 0xFC, 0x07, 0x80, 0xFF, 0x01, 0xE0, 0x3F,
    0xC0, 0x78, 0x0F, 0xF0, 0x1E, 0x03, 0xFC, 0x07, 0x80, 0xFF, 0x01, 0xE0,
    0x3F, 0xC0, 0x78, 0x0F, 0xF0, 0x1E, 0x03, 0xFC, 0x07, 0x80, 0xFF, 0x01,
    0xE0, 0x3F, 0xC0, 0x78, 0x0F, 0xF0, 0x1E, 0x03, 0xFC, 0x07, 0x80, 0xFF,
    0x01, 0xE0, 0x3F, 0xC0, 0x78, 0x0F, 0xF0, 0x1E, 0x03, 0xFC, 0x07, 0x80,
    0xFF, 0x01, 0xE0, 0x3F, 0xC0, 0x78, 0x0F, 0xF0, 0x1E, 0x03, 0xFF, 0xFF,
    0xFF, 0xFF, 0xFF, 0xFF, 0xFF, 0xFF, 0xFF, 0xFF, 0xFF, 0xFF, 0xFF, 0xC0,
    0xF0, 0x1E, 0x03, 0xC7, 0x80, 0xF0, 0x1E, 0x3C, 0x07, 0x80, 0xF1, 0xE0,
    0x3C, 0x07, 0x8F, 0x01, 0xE0, 0x3C, 0x78, 0x0F, 0x01, 0xE3, 0xC0, 0x78,
    0x0F, 0x1E, 0x03, 0xC0, 0x78, 0xF0, 0x1E, 0x03, 0xC7, 0x80, 0xF0, 0x1E,
    0x3C, 0x07, 0x80, 0xF1, 0xE0, 0x3C, 0x07, 0x8F, 0x01, 0xE0, 0x3C, 0x78,
    0x0F, 0x01, 0xE3, 0xC0, 0x78, 0x0F, 0x1E, 0x03, 0xC0, 0x78, 0xF0, 0x1E,
    0x03, 0xC7, 0x80, 0xF0, 0x1E, 0x3C, 0x07, 0x80, 0xF1, 0xE0, 0x3C, 0x07,
    0x8F, 0x01, 0xE0, 0x3C, 0x7F, 0xFF, 0xFF, 0xE3, 0xFF, 0xFF, 0xFF, 0xFF,
    0xFF, 0xFF, 0xFF, 0xFF, 0xFF, 0xFF, 0xF8, 0x00, 0x00, 0x01, 0xC0, 0x00,
    0x00, 0x0E, 0x00, 0x00, 0x00, 0x70, 0x00, 0x00, 0x03, 0x80, 0x00, 0x00,
    0x1C, 0xFF, 0xF0, 0x00, 0x1F, 0xFE, 0x00, 0x03, 0xFF, 0xC0, 0x00, 0x7F,
    0xF8, 0x00, 0x00, 0x0F, 0x00, 0x00, 0x01, 0xE0, 0x00, 0x00, 0x3C, 0x00,
    0x00, 0x07, 0x80, 0x00, 0x00, 0xFF, 0xF8, 0x00, 0x1F, 0xFF, 0xE0, 0x03,
    0xFF, 0xFE, 0x00, 0x7F, 0xFF, 0xE0, 0x0F, 0x00, 0x7C, 0x01, 0xE0, 0x07,
    0xC0, 0x3C, 0x00, 0x78, 0x07, 0x80, 0x0F, 0x00, 0xF0, 0x01, 0xE0, 0x1E,
    0x00, 0x3C, 0x03, 0xC0, 0x07, 0x80, 0x78, 0x01, 0xF0, 0x0F, 0x00, 0x7C,
    0x01, 0xFF, 0xFF, 0x80, 0x3F, 0xFF, 0xE0, 0x07, 0xFF, 0xF8, 0x00, 0xFF,
    0xFC, 0x00, 0xF0, 0x00, 0x03, 0xFC, 0x00, 0x00, 0xFF, 0x00, 0x00, 0x3F,
    0xC0, 0x00, 0x0F, 0xF0, 0x00, 0x03, 0xFC, 0x00, 0x00, 0xFF, 0x00, 0x00,
    0x3F, 0xC0, 0x00, 0x0F, 0xFF, 0xF8, 0x03, 0xFF, 0xFF, 0xC0, 0xFF, 0xFF,
    0xF8, 0x3F, 0xFF, 0xFF, 0x0F, 0xF0, 0x07, 0xC3, 0xFC, 0x00, 0xF8, 0xFF,
    0x00, 0x1E, 0x3F, 0xC0, 0x07, 0x8F, 0xF0, 0x01, 0xE3, 0xFC, 0x00, 0x78,
    0xFF, 0x00, 0x1E, 0x3F, 0xC0, 0x0F, 0x8F, 0xF0, 0x07, 0xC3, 0xFF, 0xFF,
    0xF0, 0xFF, 0xFF, 0xF8, 0x3F, 0xFF, 0xFC, 0x0F, 0xFF, 0xFC, 0x03, 0xC0,
    0xF0, 0x00, 0x1E, 0x00, 0x03, 0xC0, 0x00, 0x78, 0x00, 0x0F, 0x00, 0x01,
    0xE0, 0x00, 0x3C, 0x00, 0x07, 0x80, 0x00, 0xFF, 0xF8, 0x1F, 0xFF, 0xE3,
    0xFF, 0xFE, 0x7F, 0xFF, 0xEF, 0x00, 0x7D, 0xE0, 0x07, 0xFC, 0x00, 0x7F,
    0x80, 0x0F, 0xF0, 0x01, 0xFE, 0x00, 0x3F, 0xC0, 0x07, 0xF8, 0x01, 0xFF,
    0x00, 0x7D, 0xFF, 0xFF, 0xBF, 0xFF, 0xE7, 0xFF, 0xF8, 0xFF, 0xFC, 0x00,
    0x03, 0xF8, 0x00, 0x7F, 0xF8, 0x07, 0xFF, 0xE0, 0x7F, 0xFF, 0x87, 0xE0,
    0x7E, 0x3E, 0x01, 0xF3, 0xE0, 0x07, 0xDE, 0x00, 0x1E, 0x00, 0x00, 0xF0,
    0x00, 0x07, 0xC0, 0x00, 0x1E, 0x07, 0xFF, 0xF0, 0x3F, 0xFF, 0x81, 0xFF,
    0xFC, 0x0F, 0xFF, 0xE0, 0x00, 0x0F, 0x00, 0x00, 0x78, 0x00, 0x03, 0xFC,
    0x00, 0x3D, 0xE0, 0x01, 0xEF, 0x80, 0x1F, 0x3E, 0x01, 0xF1, 0xF8, 0x1F,
    0x87, 0xFF, 0xF8, 0x1F, 0xFF, 0x80, 0x7F, 0xF8, 0x00, 0xFF, 0x00, 0x00,
    0x00, 0xFE, 0x03, 0xC0, 0x1F, 0xFE, 0x0F, 0x00, 0xFF, 0xFC, 0x3C, 0x07,
    0xFF, 0xF8, 0xF0, 0x3F, 0x07, 0xF3, 0xC0, 0xF8, 0x07, 0xCF, 0x07, 0xC0,
    0x0F, 0xBC, 0x1E, 0x00, 0x1E, 0xF0, 0xF8, 0x00, 0x7B, 0xC3, 0xC0, 0x01,
    0xFF, 0x0F, 0x00, 0x03, 0xFF, 0xFC, 0x00, 0x0F, 0xFF, 0xF0, 0x00, 0x3F,
    0xFF, 0xC0, 0x00, 0xFF, 0xFF, 0x00, 0x03, 0xFC, 0x3C, 0x00, 0x0F, 0xF0,
    0xF0, 0x00, 0x3F, 0xC3, 0xC0, 0x00, 0xFF, 0x0F, 0x80, 0x07, 0xBC, 0x1E,
    0x00, 0x1E, 0xF0, 0x7C, 0x00, 0xFB, 0xC0, 0xF8, 0x07, 0xCF, 0x03, 0xF0,
    0x3F, 0x3C, 0x07, 0xFF, 0xF8, 0xF0, 0x0F, 0xFF, 0xC3, 0xC0, 0x1F, 0xFE,
    0x00, 0x00, 0x1F, 0xE0, 0x00, 0x01, 0xFF, 0xFC, 0x0F, 0xFF, 0xF0, 0x7F,
    0xFF, 0xC3, 0xFF, 0xFF, 0x1F, 0x80, 0x3C, 0x7C, 0x00, 0xF1, 0xE0, 0x03,
    0xC7, 0x80, 0x0F, 0x1E, 0x00, 0x3C, 0x78, 0x00, 0xF1, 0xF8, 0x03, 0xC3,
    0xFF, 0xFF, 0x07, 0xFF, 0xFC, 0x0F, 0xFF, 0xF0, 0x0F, 0xFF, 0xC0, 0x1F,
    0x0F, 0x00, 0xF8, 0x3C, 0x07, 0xC0, 0xF0, 0x3E, 0x03, 0xC1, 0xF0, 0x0F,
    0x0F, 0x80, 0x3C, 0x3C, 0x00, 0xF1, 0xE0, 0x03, 0xCF, 0x80, 0x0F, 0x7C,
    0x00, 0x3C, 0x07, 0x83, 0xC0, 0x1E, 0x0F, 0x00, 0x78, 0x3C, 0x01, 0xE0,
    0xF0, 0x07, 0x83, 0xC0, 0x00, 0x00, 0x00, 0x00, 0x00, 0x00, 0x00, 0x00,
    0x00, 0xFE, 0x00, 0x0F, 0xFE, 0x00, 0xFF, 0xFC, 0x07, 0xFF, 0xF8, 0x1F,
    0x83, 0xF0, 0xF8, 0x07, 0xC7, 0xC0, 0x0F, 0x9E, 0x00, 0x1E, 0x78, 0x00,
    0x7B, 0xE0, 0x00, 0xFF, 0x00, 0x03, 0xFC, 0x00, 0x0F, 0xFF, 0xFF, 0xFF,
    0xFF, 0xFF, 0xFF, 0xFF, 0xFF, 0xFC, 0x00, 0x00, 0xF0, 0x00, 0x03, 0xC0,
    0x00, 0x07, 0x80, 0x00, 0x1E, 0x00, 0x1E, 0x7C, 0x00, 0x78, 0xF8, 0x03,
    0xE3, 0xF0, 0x3F, 0x07, 0xFF, 0xFC, 0x0F, 0xFF, 0xC0, 0x1F, 0xFE, 0x00,
    0x1F, 0xE0, 0x00,
};

const GFXglyph kCyrillicGlyphs[] PROGMEM = {
    {      0,  24,  43,  30,    4,  -42 },  // U+0401
    {    129,   0,   0,   0,    0,    0 },  // U+0402 (absent)
    {    129,   0,   0,   0,    0,    0 },  // U+0403 (absent)
    {    129,   0,   0,   0,    0,    0 },  // U+0404 (absent)
    {    129,   0,   0,   0,    0,    0 },  // U+0405 (absent)
    {    129,   0,   0,   0,    0,    0 },  // U+0406 (absent)
    {    129,   0,   0,   0,    0,    0 },  // U+0407 (absent)
    {    129,   0,   0,   0,    0,    0 },  // U+0408 (absent)
    {    129,   0,   0,   0,    0,    0 },  // U+0409 (absent)
    {    129,   0,   0,   0,    0,    0 },  // U+040A (absent)
    {    129,   0,   0,   0,    0,    0 },  // U+040B (absent)
    {    129,   0,   0,   0,    0,    0 },  // U+040C (absent)
    {    129,   0,   0,   0,    0,    0 },  // U+040D (absent)
    {    129,   0,   0,   0,    0,    0 },  // U+040E (absent)
    {    129,   0,   0,   0,    0,    0 },  // U+040F (absent)
    {    129,  30,  34,  31,    1,  -33 },  // U+0410
    {    257,  25,  34,  31,    4,  -33 },  // U+0411
    {    364,  25,  34,  31,    4,  -33 },  // U+0412
    {    471,  22,  34,  28,    4,  -33 },  // U+0413
    {    565,  35,  40,  38,    2,  -33 },  // U+0414
    {    740,  24,  34,  30,    4,  -33 },  // U+0415
    {    842,  42,  34,  43,    0,  -33 },  // U+0416
    {   1021,  26,  36,  31,    2,  -34 },  // U+0417
    {   1138,  26,  34,  34,    4,  -33 },  // U+0418
    {   1249,  26,  42,  34,    4,  -41 },  // U+0419
    {   1386,  25,  34,  30,    4,  -33 },  // U+041A
    {   1493,  25,  34,  32,    2,  -33 },  // U+041B
    {   1600,  32,  34,  40,    4,  -33 },  // U+041C
    {   1736,  26,  34,  34,    4,  -33 },  // U+041D
    {   1847,  33,  36,  37,    2,  -34 },  // U+041E
    {   1996,  26,  34,  34,    4,  -33 },  // U+041F
    {   2107,  24,  34,  30,    4,  -33 },  // U+0420
    {   2209,  29,  36,  33,    2,  -34 },  // U+0421
    {   2340,  26,  34,  30,    2,  -33 },  // U+0422
    {   2451,  28,  34,  29,    1,  -33 },  // U+0423
    {   2570,  35,  34,  40,    2,  -33 },  // U+0424
    {   2719,  29,  34,  31,    1,  -33 },  // U+0425
    {   2843,  29,  40,  35,    4,  -33 },  // U+0426
    {   2988,  23,  34,  29,    2,  -33 },  // U+0427
    {   3086,  31,  34,  39,    4,  -33 },  // U+0428
    {   3218,  34,  40,  40,    4,  -33 },  // U+0429
    {   3388,  36,  34,  40,    1,  -33 },  // U+042A
    {   3541,  33,  34,  41,    4,  -33 },  // U+042B
    {   3682,  25,  34,  31,    4,  -33 },  // U+042C
    {   3789,  30,  36,  33,    2,  -34 },  // U+042D
    {   3924,  41,  36,  47,    4,  -34 },  // U+042E
    {   4109,  27,  34,  32,    1,  -33 },  // U+042F
    {   4224,  24,  27,  26,    1,  -25 },  // U+0430
    {   4305,  23,  37,  25,    1,  -35 },  // U+0431
    {   4412,  19,  25,  23,    3,  -24 },  // U+0432
    {   4472,  14,  25,  18,    3,  -24 },  // U+0433
    {   4516,  25,  31,  27,    1,  -24 },  // U+0434
    {   4613,  22,  27,  25,    1,  -25 },  // U+0435
    {   4688,  36,  25,  36,    0,  -24 },  // U+0436
    {   4801,  20,  27,  23,    1,  -25 },  // U+0437
    {   4869,  20,  25,  26,    3,  -24 },  // U+0438
    {   4932,  20,  32,  26,    3,  -31 },  // U+0439
    {   5012,  20,  25,  23,    3,  -24 },  // U+043A
    {   5075,  20,  25,  23,    1,  -24 },  // U+043B
    {   5138,  22,  25,  28,    3,  -24 },  // U+043C
    {   5207,  20,  25,  25,    3,  -24 },  // U+043D
    {   5270,  23,  27,  25,    1,  -25 },  // U+043E
    {   5348,  19,  25,  25,    3,  -24 },  // U+043F
    {   5408,  22,  35,  26,    3,  -25 },  // U+0440
    {   5505,  21,  27,  24,    1,  -25 },  // U+0441
    {   5576,  16,  25,  19,    2,  -24 },  // U+0442
    {   5626,  22,  35,  22,    0,  -24 },  // U+0443
    {   5723,  37,  41,  40,    1,  -31 },  // U+0444
    {   5913,  22,  25,  22,    0,  -24 },  // U+0445
    {   5982,  22,  30,  26,    3,  -24 },  // U+0446
    {   6065,  18,  25,  23,    2,  -24 },  // U+0447
    {   6122,  26,  25,  32,    3,  -24 },  // U+0448
    {   6204,  29,  30,  33,    3,  -24 },  // U+0449
    {   6313,  27,  25,  30,    2,  -24 },  // U+044A
    {   6398,  26,  25,  32,    3,  -24 },  // U+044B
    {   6480,  19,  25,  24,    3,  -24 },  // U+044C
    {   6540,  21,  27,  24,    1,  -25 },  // U+044D
    {   6611,  30,  27,  35,    3,  -25 },  // U+044E
    {   6713,  22,  25,  25,    0,  -24 },  // U+044F
    {   6782,   0,   0,   0,    0,    0 },  // U+0450 (absent)
    {   6782,  22,  35,  25,    1,  -33 },  // U+0451
};

const GFXfont kCyrillic PROGMEM = {
    (uint8_t*)kCyrillicBitmaps, (GFXglyph*)kCyrillicGlyphs,
    0x0401, 0x0451, 56
};

// U+2013..U+2026
const uint8_t kMarksBitmaps[] PROGMEM = {
    0xFF, 0xFF, 0xFF, 0xFF, 0xFF, 0xFF, 0xFF, 0xFF, 0xFF, 0xFF, 0xFF, 0xFF,
    0xFF, 0xFF, 0xFF, 0xFF, 0xFF, 0xFF, 0xFF, 0xFF, 0xFF, 0xFF, 0xFF, 0xFF,
    0xFF, 0xFF, 0xFF, 0xFF, 0xFF, 0xFF, 0xFF, 0xF0, 0x37, 0x6C, 0xCC, 0xFF,
    0xFF, 0xF0, 0xFF, 0xFF, 0xF3, 0x37, 0xEC, 0xFF, 0xFF, 0xF3, 0x33, 0x6E,
    0xC0, 0x30, 0x6E, 0x1F, 0x83, 0x60, 0xCC, 0x19, 0x83, 0x3C, 0x7F, 0x8F,
    0xF1, 0xFE, 0x3F, 0xC7, 0x80, 0xF0, 0xFF, 0x0F, 0xF0, 0xFF, 0x0F, 0xF0,
    0xF3, 0x06, 0x30, 0x67, 0x06, 0xE0, 0xCC, 0x08, 0xF0, 0xFF, 0x0F, 0xF0,
    0xFF, 0x0F, 0xF0, 0xF3, 0x07, 0x30, 0x63, 0x06, 0x60, 0x6E, 0x0C, 0xC0,
    0x80, 0x0F, 0x03, 0xFC, 0x7F, 0xE7, 0xFE, 0xFF, 0xFF, 0xFF, 0xFF, 0xFF,
    0xFF, 0x7F, 0xE7, 0xFE, 0x3F, 0xC0, 0xF0, 0xF0, 0x3C, 0x0F, 0xF0, 0x3C,
    0x0F, 0xF0, 0x3C, 0x0F, 0xF0, 0x3C, 0x0F, 0xF0, 0x3C, 0x0F,
};

const GFXglyph kMarksGlyphs[] PROGMEM = {
    {      0,  20,   4,  23,    2,  -14 },  // U+2013
    {     10,  43,   4,  47,    2,  -14 },  // U+2014
    {     32,   0,   0,   0,    0,    0 },  // U+2015 (absent)
    {     32,   0,   0,   0,    0,    0 },  // U+2016 (absent)
    {     32,   0,   0,   0,    0,    0 },  // U+2017 (absent)
    {     32,   4,  11,  12,    5,  -33 },  // U+2018
    {     38,   4,  10,  12,    4,  -33 },  // U+2019
    {     43,   4,  11,  12,    4,   -4 },  // U+201A
    {     49,   0,   0,   0,    0,    0 },  // U+201B (absent)
    {     49,  11,  11,  19,    5,  -33 },  // U+201C
    {     65,  12,  10,  19,    4,  -33 },  // U+201D
    {     80,  12,  11,  19,    4,   -4 },  // U+201E
    {     97,   0,   0,   0,    0,    0 },  // U+201F (absent)
    {     97,   0,   0,   0,    0,    0 },  // U+2020 (absent)
    {     97,   0,   0,   0,    0,    0 },  // U+2021 (absent)
    {     97,  12,  12,  19,    4,  -21 },  // U+2022
    {    115,   0,   0,   0,    0,    0 },  // U+2023 (absent)
    {    115,   0,   0,   0,    0,    0 },  // U+2024 (absent)
    {    115,   0,   0,   0,    0,    0 },  // U+2025 (absent)
    {    115,  24,   5,  32,    4,   -4 },  // U+2026
};

const GFXfont kMarks PROGMEM = {
    (uint8_t*)kMarksBitmaps, (GFXglyph*)kMarksGlyphs,
    0x2013, 0x2026, 56
};

// U+2116..U+2116
const uint8_t kNumeroBitmaps[] PROGMEM = {
    0xF0, 0x00, 0x38, 0x00, 0x01, 0xF0, 0x00, 0x70, 0x00, 0x03, 0xE0, 0x00,
    0xE0, 0x00, 0x07, 0xE0, 0x01, 0xC0, 0x00, 0x0F, 0xC0, 0x03, 0x80, 0x00,
    0x1F, 0xC0, 0x07, 0x00, 0x00, 0x3F, 0x80, 0x0E, 0x00, 0x00, 0x77, 0x80,
    0x1C, 0x00, 0x00, 0xEF, 0x00, 0x38, 0x07, 0x81, 0xCF, 0x00, 0x70, 0x3F,
    0xE3, 0x9E, 0x00, 0xE1, 0xFF, 0xE7, 0x1E, 0x01, 0xC3, 0xC3, 0xEE, 0x3C,
    0x03, 0x8F, 0x01, 0xDC, 0x3C, 0x07, 0x1C, 0x03, 0xF8, 0x78, 0x0E, 0x70,
    0x03, 0xF0, 0x78, 0x1C, 0xE0, 0x07, 0xE0, 0xF0, 0x39, 0xC0, 0x0F, 0xC0,
    0xF0, 0x73, 0x80, 0x0F, 0x81, 0xE0, 0xE7, 0x00, 0x1F, 0x01, 0xE1, 0xCE,
    0x00, 0x7E, 0x03, 0xC3, 0x9C, 0x00, 0xFC, 0x03, 0xC7, 0x38, 0x01, 0xF8,
    0x07, 0x8E, 0x38, 0x07, 0xF0, 0x07, 0x9C, 0x78, 0x0E, 0xE0, 0x0F, 0x38,
    0x7C, 0x7D, 0xC0, 0x0F, 0x70, 0xFF, 0xF3, 0x80, 0x1E, 0xE0, 0x7F, 0xC7,
    0x00, 0x1F, 0xC0, 0x3C, 0x0E, 0x00, 0x3F, 0x80, 0x00, 0x1C, 0x00, 0x3F,
    0x00, 0x00, 0x38, 0x00, 0x7E, 0x0F, 0xFE, 0x70, 0x00, 0x7C, 0x1F, 0xFC,
    0xE0, 0x00, 0xF8, 0x3F, 0xF9, 0xC0, 0x00, 0xF0, 0x7F, 0xF0,
};

const GFXglyph kNumeroGlyphs[] PROGMEM = {
    {      0,  39,  34,  44,    3,  -33 },  // U+2116
};

const GFXfont kNumero PROGMEM = {
    (uint8_t*)kNumeroBitmaps, (GFXglyph*)kNumeroGlyphs,
    0x2116, 0x2116, 56
};

const GFXfont* const kFonts[] = {
    &kLatin,
    &kPunctuation,
    &kGreek,
    &kCyrillic,
    &kMarks,
    &kNumero,
};

}  // namespace

const TextFace fontFreeSans24 = {
    kFonts, 6, 42, 11, 56
};
